Sep 07 01:34:49 hostname-txyuq.foreman.pxe kernel: Booting Linux on physical CPU 0x0300000000 [0x480fd020]
Sep 07 01:34:49 hostname-txyuq.foreman.pxe kernel: Linux version 6.6.0-72.0.0.76.oe2403sp1.aarch64 (root@dc-64g.compass-ci) (gcc_old (GCC) 12.3.1 (openEuler 12.3.1-62.oe2403sp1), GNU ld (GNU Binutils) 2.41) #1 SMP Fri Dec 27 12:19:23 CST 2024
Sep 07 01:34:49 hostname-txyuq.foreman.pxe kernel: KASLR enabled
Sep 07 01:34:49 hostname-txyuq.foreman.pxe kernel: efi: EFI v2.7 by EDK II
Sep 07 01:34:49 hostname-txyuq.foreman.pxe kernel: efi: SMBIOS 3.0=0x5f820000 ACPI 2.0=0x5ffe0018 MEMATTR=0x4e1eb698 MOKvar=0x5f6d0000 RNG=0x5ffee918 MEMRESERVE=0x4e1e8498 
Sep 07 01:34:49 hostname-txyuq.foreman.pxe kernel: random: crng init done
Sep 07 01:34:49 hostname-txyuq.foreman.pxe kernel: ACPI: Early table checksum verification disabled
Sep 07 01:34:49 hostname-txyuq.foreman.pxe kernel: ACPI: RSDP 0x000000005FFE0018 000024 (v02 HISI  )
Sep 07 01:34:49 hostname-txyuq.foreman.pxe kernel: ACPI: XSDT 0x000000005FFEFE98 0000A4 (v01 HISI   HIP09    00000000 HISI 20151124)
Sep 07 01:34:49 hostname-txyuq.foreman.pxe kernel: ACPI: FACP 0x000000005FFEFA98 000114 (v06 HISI   HIP09    00000000 HISI 20151124)
Sep 07 01:34:49 hostname-txyuq.foreman.pxe kernel: ACPI: DSDT 0x000000005FF20018 044F61 (v02 HISI   HIP09    00000000 INTL 20230628)
Sep 07 01:34:49 hostname-txyuq.foreman.pxe kernel: ACPI: APIC 0x000000005FFA0018 032094 (v01 HISI   HIP09    00000000 HISI 20151124)
Sep 07 01:34:49 hostname-txyuq.foreman.pxe kernel: ACPI: SRAT 0x000000005FFE7518 0017A8 (v03 HISI   HIP09    00000000 HISI 20151124)
Sep 07 01:34:49 hostname-txyuq.foreman.pxe kernel: ACPI: SLIT 0x000000005FFEFF98 00003C (v01 HISI   HIP09    00000000 HISI 20151124)
Sep 07 01:34:49 hostname-txyuq.foreman.pxe kernel: ACPI: SSDT 0x000000005FF70018 028F29 (v02 HISI   HIP09    00000000 INTL 20210105)
Sep 07 01:34:49 hostname-txyuq.foreman.pxe kernel: ACPI: GTDT 0x000000005FFEFC18 000084 (v03 HISI   HIP09    00000000 HISI 20151124)
Sep 07 01:34:49 hostname-txyuq.foreman.pxe kernel: ACPI: MCFG 0x000000005FFEFD18 00003C (v01 HISI   HIP09    00000000 HISI 20151124)
Sep 07 01:34:49 hostname-txyuq.foreman.pxe kernel: ACPI: PCCT 0x000000005FFED898 0002A6 (v02 HISI   HIP09    00000000 HISI 20151124)
Sep 07 01:34:49 hostname-txyuq.foreman.pxe kernel: ACPI: SPCR 0x000000005FFEFD98 000050 (v02 HISI   HIP09    00000000 HISI 20151124)
Sep 07 01:34:49 hostname-txyuq.foreman.pxe kernel: ACPI: HEST 0x000000005FFEDC98 00058C (v01 HISI   HIP09    00000000 HISI 20151124)
Sep 07 01:34:49 hostname-txyuq.foreman.pxe kernel: ACPI: BERT 0x000000005FFEFE18 000030 (v01 HISI   HIP09    00000000 HISI 20151124)
Sep 07 01:34:49 hostname-txyuq.foreman.pxe kernel: ACPI: SDEI 0x000000005FFEE718 000024 (v01 HISI   HIP09    00000000 HISI 20151124)
Sep 07 01:34:49 hostname-txyuq.foreman.pxe kernel: ACPI: EINJ 0x000000005FFEE318 000170 (v01 HISI   HIP09    00000000 HISI 20151124)
Sep 07 01:34:49 hostname-txyuq.foreman.pxe kernel: ACPI: IORT 0x000000005FFE9098 00249C (v00 HISI   HIP09    00000000 HISI 20221020)
Sep 07 01:34:49 hostname-txyuq.foreman.pxe kernel: ACPI: PPTT 0x000000005FFE0098 006614 (v03 HISI   HIP09    00000000 HISI 20151124)
Sep 07 01:34:49 hostname-txyuq.foreman.pxe kernel: ACPI: MPAM 0x000000005FFEBD18 001524 (v01 HISI   HIP09    00000000 HISI 20151124)
Sep 07 01:34:49 hostname-txyuq.foreman.pxe kernel: ACPI: SPCR: console: pl011,mmio32,0xc614080000,115200
Sep 07 01:34:49 hostname-txyuq.foreman.pxe kernel: ACPI: SRAT: Node 1 PXM 1 [mem 0x88080000000-0x8ffffffffff]
Sep 07 01:34:49 hostname-txyuq.foreman.pxe kernel: ACPI: SRAT: Node 0 PXM 0 [mem 0x90000000000-0x97fffffffff]
Sep 07 01:34:49 hostname-txyuq.foreman.pxe kernel: ACPI: SRAT: Node 1 PXM 1 [mem 0x00000000-0x7fffffff]
Sep 07 01:34:49 hostname-txyuq.foreman.pxe kernel: ACPI: SRAT: Node 3 PXM 3 [mem 0x288000000000-0x28ffffffffff]
Sep 07 01:34:49 hostname-txyuq.foreman.pxe kernel: ACPI: SRAT: Node 2 PXM 2 [mem 0x290000000000-0x297fffffffff]
Sep 07 01:34:49 hostname-txyuq.foreman.pxe kernel: NUMA: NODE_DATA [mem 0x97fffff0b00-0x97fffffffff]
Sep 07 01:34:49 hostname-txyuq.foreman.pxe kernel: NUMA: NODE_DATA [mem 0x8ffffff0b00-0x8ffffffffff]
Sep 07 01:34:49 hostname-txyuq.foreman.pxe kernel: NUMA: NODE_DATA [mem 0x297ffffc8b00-0x297ffffd7fff]
Sep 07 01:34:49 hostname-txyuq.foreman.pxe kernel: NUMA: NODE_DATA [mem 0x28ffffff0b00-0x28ffffffffff]
Sep 07 01:34:49 hostname-txyuq.foreman.pxe kernel: Zone ranges:
Sep 07 01:34:49 hostname-txyuq.foreman.pxe kernel:   DMA      [mem 0x0000000000000000-0x00000000ffffffff]
Sep 07 01:34:49 hostname-txyuq.foreman.pxe kernel:   DMA32    empty
Sep 07 01:34:49 hostname-txyuq.foreman.pxe kernel:   Normal   [mem 0x0000000100000000-0x0000297fffffffff]
Sep 07 01:34:49 hostname-txyuq.foreman.pxe kernel:   ExtMem   empty
Sep 07 01:34:49 hostname-txyuq.foreman.pxe kernel:   Device   empty
Sep 07 01:34:49 hostname-txyuq.foreman.pxe kernel: Movable zone start for each node
Sep 07 01:34:49 hostname-txyuq.foreman.pxe kernel: Early memory node ranges
Sep 07 01:34:49 hostname-txyuq.foreman.pxe kernel:   node   1: [mem 0x0000000000000000-0x0000000003ffffff]
Sep 07 01:34:49 hostname-txyuq.foreman.pxe kernel:   node   1: [mem 0x0000000007e00000-0x0000000007efffff]
Sep 07 01:34:49 hostname-txyuq.foreman.pxe kernel:   node   1: [mem 0x0000000008000000-0x000000000bffffff]
Sep 07 01:34:49 hostname-txyuq.foreman.pxe kernel:   node   1: [mem 0x000000000c200000-0x000000000fffffff]
Sep 07 01:34:49 hostname-txyuq.foreman.pxe kernel:   node   1: [mem 0x0000000011000000-0x000000001bffffff]
Sep 07 01:34:49 hostname-txyuq.foreman.pxe kernel:   node   1: [mem 0x000000001c000000-0x000000001fffffff]
Sep 07 01:34:49 hostname-txyuq.foreman.pxe kernel:   node   1: [mem 0x0000000020000000-0x000000005e26ffff]
Sep 07 01:34:49 hostname-txyuq.foreman.pxe kernel:   node   1: [mem 0x000000005e270000-0x000000005fbeffff]
Sep 07 01:34:49 hostname-txyuq.foreman.pxe kernel:   node   1: [mem 0x000000005fbf0000-0x000000007fffffff]
Sep 07 01:34:49 hostname-txyuq.foreman.pxe kernel:   node   1: [mem 0x0000088080000000-0x000008ffffffffff]
Sep 07 01:34:49 hostname-txyuq.foreman.pxe kernel:   node   0: [mem 0x0000090000000000-0x000009000fffffff]
Sep 07 01:34:49 hostname-txyuq.foreman.pxe kernel:   node   0: [mem 0x0000090010000000-0x0000097fffffffff]
Sep 07 01:34:49 hostname-txyuq.foreman.pxe kernel:   node   3: [mem 0x0000288000000000-0x000028ffffffffff]
Sep 07 01:34:49 hostname-txyuq.foreman.pxe kernel:   node   2: [mem 0x0000290000000000-0x0000297fffffffff]
Sep 07 01:34:49 hostname-txyuq.foreman.pxe kernel: Initmem setup node 0 [mem 0x0000090000000000-0x0000097fffffffff]
Sep 07 01:34:49 hostname-txyuq.foreman.pxe kernel: Initmem setup node 1 [mem 0x0000000000000000-0x000008ffffffffff]
Sep 07 01:34:49 hostname-txyuq.foreman.pxe kernel: Initmem setup node 2 [mem 0x0000290000000000-0x0000297fffffffff]
Sep 07 01:34:49 hostname-txyuq.foreman.pxe kernel: Initmem setup node 3 [mem 0x0000288000000000-0x000028ffffffffff]
Sep 07 01:34:49 hostname-txyuq.foreman.pxe kernel: On node 1, zone DMA: 15872 pages in unavailable ranges
Sep 07 01:34:49 hostname-txyuq.foreman.pxe kernel: On node 1, zone DMA: 256 pages in unavailable ranges
Sep 07 01:34:49 hostname-txyuq.foreman.pxe kernel: On node 1, zone DMA: 512 pages in unavailable ranges
Sep 07 01:34:49 hostname-txyuq.foreman.pxe kernel: On node 1, zone DMA: 4096 pages in unavailable ranges
Sep 07 01:34:49 hostname-txyuq.foreman.pxe kernel: crashkernel low memory reserved: 0x78000000 - 0x80000000 (128 MB)
Sep 07 01:34:49 hostname-txyuq.foreman.pxe kernel: crashkernel reserved: 0x0000297dbfe00000 - 0x0000297dffe00000 (1024 MB)
Sep 07 01:34:49 hostname-txyuq.foreman.pxe kernel: psci: probing for conduit method from ACPI.
Sep 07 01:34:49 hostname-txyuq.foreman.pxe kernel: psci: PSCIv1.1 detected in firmware.
Sep 07 01:34:49 hostname-txyuq.foreman.pxe kernel: psci: Using standard PSCI v0.2 function IDs
Sep 07 01:34:49 hostname-txyuq.foreman.pxe kernel: psci: MIGRATE_INFO_TYPE not supported.
Sep 07 01:34:49 hostname-txyuq.foreman.pxe kernel: psci: SMC Calling Convention v1.2
Sep 07 01:34:49 hostname-txyuq.foreman.pxe kernel: ACPI: NUMA: SRAT: PXM 0 -> MPIDR 0x300000000 -> Node 0
Sep 07 01:34:49 hostname-txyuq.foreman.pxe kernel: ACPI: NUMA: SRAT: PXM 0 -> MPIDR 0x300000001 -> Node 0
Sep 07 01:34:49 hostname-txyuq.foreman.pxe kernel: ACPI: NUMA: SRAT: PXM 0 -> MPIDR 0x300000100 -> Node 0
Sep 07 01:34:49 hostname-txyuq.foreman.pxe kernel: ACPI: NUMA: SRAT: PXM 0 -> MPIDR 0x300000101 -> Node 0
Sep 07 01:34:49 hostname-txyuq.foreman.pxe kernel: ACPI: NUMA: SRAT: PXM 0 -> MPIDR 0x300000200 -> Node 0
Sep 07 01:34:49 hostname-txyuq.foreman.pxe kernel: ACPI: NUMA: SRAT: PXM 0 -> MPIDR 0x300000201 -> Node 0
Sep 07 01:34:49 hostname-txyuq.foreman.pxe kernel: ACPI: NUMA: SRAT: PXM 0 -> MPIDR 0x300000300 -> Node 0
Sep 07 01:34:49 hostname-txyuq.foreman.pxe kernel: ACPI: NUMA: SRAT: PXM 0 -> MPIDR 0x300000301 -> Node 0
Sep 07 01:34:49 hostname-txyuq.foreman.pxe kernel: ACPI: NUMA: SRAT: PXM 0 -> MPIDR 0x300010000 -> Node 0
Sep 07 01:34:49 hostname-txyuq.foreman.pxe kernel: ACPI: NUMA: SRAT: PXM 0 -> MPIDR 0x300010001 -> Node 0
Sep 07 01:34:49 hostname-txyuq.foreman.pxe kernel: ACPI: NUMA: SRAT: PXM 0 -> MPIDR 0x300010100 -> Node 0
Sep 07 01:34:49 hostname-txyuq.foreman.pxe kernel: ACPI: NUMA: SRAT: PXM 0 -> MPIDR 0x300010101 -> Node 0
Sep 07 01:34:49 hostname-txyuq.foreman.pxe kernel: ACPI: NUMA: SRAT: PXM 0 -> MPIDR 0x300010200 -> Node 0
Sep 07 01:34:49 hostname-txyuq.foreman.pxe kernel: ACPI: NUMA: SRAT: PXM 0 -> MPIDR 0x300010201 -> Node 0
Sep 07 01:34:49 hostname-txyuq.foreman.pxe kernel: ACPI: NUMA: SRAT: PXM 0 -> MPIDR 0x300010300 -> Node 0
Sep 07 01:34:49 hostname-txyuq.foreman.pxe kernel: ACPI: NUMA: SRAT: PXM 0 -> MPIDR 0x300010301 -> Node 0
Sep 07 01:34:49 hostname-txyuq.foreman.pxe kernel: ACPI: NUMA: SRAT: PXM 0 -> MPIDR 0x300020000 -> Node 0
Sep 07 01:34:49 hostname-txyuq.foreman.pxe kernel: ACPI: NUMA: SRAT: PXM 0 -> MPIDR 0x300020001 -> Node 0
Sep 07 01:34:49 hostname-txyuq.foreman.pxe kernel: ACPI: NUMA: SRAT: PXM 0 -> MPIDR 0x300020100 -> Node 0
Sep 07 01:34:49 hostname-txyuq.foreman.pxe kernel: ACPI: NUMA: SRAT: PXM 0 -> MPIDR 0x300020101 -> Node 0
Sep 07 01:34:49 hostname-txyuq.foreman.pxe kernel: ACPI: NUMA: SRAT: PXM 0 -> MPIDR 0x300020200 -> Node 0
Sep 07 01:34:49 hostname-txyuq.foreman.pxe kernel: ACPI: NUMA: SRAT: PXM 0 -> MPIDR 0x300020201 -> Node 0
Sep 07 01:34:49 hostname-txyuq.foreman.pxe kernel: ACPI: NUMA: SRAT: PXM 0 -> MPIDR 0x300020300 -> Node 0
Sep 07 01:34:49 hostname-txyuq.foreman.pxe kernel: ACPI: NUMA: SRAT: PXM 0 -> MPIDR 0x300020301 -> Node 0
Sep 07 01:34:49 hostname-txyuq.foreman.pxe kernel: ACPI: NUMA: SRAT: PXM 0 -> MPIDR 0x300030000 -> Node 0
Sep 07 01:34:49 hostname-txyuq.foreman.pxe kernel: ACPI: NUMA: SRAT: PXM 0 -> MPIDR 0x300030001 -> Node 0
Sep 07 01:34:49 hostname-txyuq.foreman.pxe kernel: ACPI: NUMA: SRAT: PXM 0 -> MPIDR 0x300030100 -> Node 0
Sep 07 01:34:49 hostname-txyuq.foreman.pxe kernel: ACPI: NUMA: SRAT: PXM 0 -> MPIDR 0x300030101 -> Node 0
Sep 07 01:34:49 hostname-txyuq.foreman.pxe kernel: ACPI: NUMA: SRAT: PXM 0 -> MPIDR 0x300030200 -> Node 0
Sep 07 01:34:49 hostname-txyuq.foreman.pxe kernel: ACPI: NUMA: SRAT: PXM 0 -> MPIDR 0x300030201 -> Node 0
Sep 07 01:34:49 hostname-txyuq.foreman.pxe kernel: ACPI: NUMA: SRAT: PXM 0 -> MPIDR 0x300030300 -> Node 0
Sep 07 01:34:49 hostname-txyuq.foreman.pxe kernel: ACPI: NUMA: SRAT: PXM 0 -> MPIDR 0x300030301 -> Node 0
Sep 07 01:34:49 hostname-txyuq.foreman.pxe kernel: ACPI: NUMA: SRAT: PXM 0 -> MPIDR 0x300040000 -> Node 0
Sep 07 01:34:49 hostname-txyuq.foreman.pxe kernel: ACPI: NUMA: SRAT: PXM 0 -> MPIDR 0x300040001 -> Node 0
Sep 07 01:34:49 hostname-txyuq.foreman.pxe kernel: ACPI: NUMA: SRAT: PXM 0 -> MPIDR 0x300040100 -> Node 0
Sep 07 01:34:49 hostname-txyuq.foreman.pxe kernel: ACPI: NUMA: SRAT: PXM 0 -> MPIDR 0x300040101 -> Node 0
Sep 07 01:34:49 hostname-txyuq.foreman.pxe kernel: ACPI: NUMA: SRAT: PXM 0 -> MPIDR 0x300040200 -> Node 0
Sep 07 01:34:49 hostname-txyuq.foreman.pxe kernel: ACPI: NUMA: SRAT: PXM 0 -> MPIDR 0x300040201 -> Node 0
Sep 07 01:34:49 hostname-txyuq.foreman.pxe kernel: ACPI: NUMA: SRAT: PXM 0 -> MPIDR 0x300040300 -> Node 0
Sep 07 01:34:49 hostname-txyuq.foreman.pxe kernel: ACPI: NUMA: SRAT: PXM 0 -> MPIDR 0x300040301 -> Node 0
Sep 07 01:34:49 hostname-txyuq.foreman.pxe kernel: ACPI: NUMA: SRAT: PXM 0 -> MPIDR 0x300050000 -> Node 0
Sep 07 01:34:49 hostname-txyuq.foreman.pxe kernel: ACPI: NUMA: SRAT: PXM 0 -> MPIDR 0x300050001 -> Node 0
Sep 07 01:34:49 hostname-txyuq.foreman.pxe kernel: ACPI: NUMA: SRAT: PXM 0 -> MPIDR 0x300050100 -> Node 0
Sep 07 01:34:49 hostname-txyuq.foreman.pxe kernel: ACPI: NUMA: SRAT: PXM 0 -> MPIDR 0x300050101 -> Node 0
Sep 07 01:34:49 hostname-txyuq.foreman.pxe kernel: ACPI: NUMA: SRAT: PXM 0 -> MPIDR 0x300050200 -> Node 0
Sep 07 01:34:49 hostname-txyuq.foreman.pxe kernel: ACPI: NUMA: SRAT: PXM 0 -> MPIDR 0x300050201 -> Node 0
Sep 07 01:34:49 hostname-txyuq.foreman.pxe kernel: ACPI: NUMA: SRAT: PXM 0 -> MPIDR 0x300050300 -> Node 0
Sep 07 01:34:49 hostname-txyuq.foreman.pxe kernel: ACPI: NUMA: SRAT: PXM 0 -> MPIDR 0x300050301 -> Node 0
Sep 07 01:34:49 hostname-txyuq.foreman.pxe kernel: ACPI: NUMA: SRAT: PXM 0 -> MPIDR 0x300060000 -> Node 0
Sep 07 01:34:49 hostname-txyuq.foreman.pxe kernel: ACPI: NUMA: SRAT: PXM 0 -> MPIDR 0x300060001 -> Node 0
Sep 07 01:34:49 hostname-txyuq.foreman.pxe kernel: ACPI: NUMA: SRAT: PXM 0 -> MPIDR 0x300060100 -> Node 0
Sep 07 01:34:49 hostname-txyuq.foreman.pxe kernel: ACPI: NUMA: SRAT: PXM 0 -> MPIDR 0x300060101 -> Node 0
Sep 07 01:34:49 hostname-txyuq.foreman.pxe kernel: ACPI: NUMA: SRAT: PXM 0 -> MPIDR 0x300060200 -> Node 0
Sep 07 01:34:49 hostname-txyuq.foreman.pxe kernel: ACPI: NUMA: SRAT: PXM 0 -> MPIDR 0x300060201 -> Node 0
Sep 07 01:34:49 hostname-txyuq.foreman.pxe kernel: ACPI: NUMA: SRAT: PXM 0 -> MPIDR 0x300060300 -> Node 0
Sep 07 01:34:49 hostname-txyuq.foreman.pxe kernel: ACPI: NUMA: SRAT: PXM 0 -> MPIDR 0x300060301 -> Node 0
Sep 07 01:34:49 hostname-txyuq.foreman.pxe kernel: ACPI: NUMA: SRAT: PXM 0 -> MPIDR 0x300070000 -> Node 0
Sep 07 01:34:49 hostname-txyuq.foreman.pxe kernel: ACPI: NUMA: SRAT: PXM 0 -> MPIDR 0x300070001 -> Node 0
Sep 07 01:34:49 hostname-txyuq.foreman.pxe kernel: ACPI: NUMA: SRAT: PXM 0 -> MPIDR 0x300070100 -> Node 0
Sep 07 01:34:49 hostname-txyuq.foreman.pxe kernel: ACPI: NUMA: SRAT: PXM 0 -> MPIDR 0x300070101 -> Node 0
Sep 07 01:34:49 hostname-txyuq.foreman.pxe kernel: ACPI: NUMA: SRAT: PXM 0 -> MPIDR 0x300070200 -> Node 0
Sep 07 01:34:49 hostname-txyuq.foreman.pxe kernel: ACPI: NUMA: SRAT: PXM 0 -> MPIDR 0x300070201 -> Node 0
Sep 07 01:34:49 hostname-txyuq.foreman.pxe kernel: ACPI: NUMA: SRAT: PXM 0 -> MPIDR 0x300070300 -> Node 0
Sep 07 01:34:49 hostname-txyuq.foreman.pxe kernel: ACPI: NUMA: SRAT: PXM 0 -> MPIDR 0x300070301 -> Node 0
Sep 07 01:34:49 hostname-txyuq.foreman.pxe kernel: ACPI: NUMA: SRAT: PXM 0 -> MPIDR 0x300080000 -> Node 0
Sep 07 01:34:49 hostname-txyuq.foreman.pxe kernel: ACPI: NUMA: SRAT: PXM 0 -> MPIDR 0x300080001 -> Node 0
Sep 07 01:34:49 hostname-txyuq.foreman.pxe kernel: ACPI: NUMA: SRAT: PXM 0 -> MPIDR 0x300080100 -> Node 0
Sep 07 01:34:49 hostname-txyuq.foreman.pxe kernel: ACPI: NUMA: SRAT: PXM 0 -> MPIDR 0x300080101 -> Node 0
Sep 07 01:34:49 hostname-txyuq.foreman.pxe kernel: ACPI: NUMA: SRAT: PXM 0 -> MPIDR 0x300080200 -> Node 0
Sep 07 01:34:49 hostname-txyuq.foreman.pxe kernel: ACPI: NUMA: SRAT: PXM 0 -> MPIDR 0x300080201 -> Node 0
Sep 07 01:34:49 hostname-txyuq.foreman.pxe kernel: ACPI: NUMA: SRAT: PXM 0 -> MPIDR 0x300080300 -> Node 0
Sep 07 01:34:49 hostname-txyuq.foreman.pxe kernel: ACPI: NUMA: SRAT: PXM 0 -> MPIDR 0x300080301 -> Node 0
Sep 07 01:34:49 hostname-txyuq.foreman.pxe kernel: ACPI: NUMA: SRAT: PXM 0 -> MPIDR 0x300090000 -> Node 0
Sep 07 01:34:49 hostname-txyuq.foreman.pxe kernel: ACPI: NUMA: SRAT: PXM 0 -> MPIDR 0x300090001 -> Node 0
Sep 07 01:34:49 hostname-txyuq.foreman.pxe kernel: ACPI: NUMA: SRAT: PXM 0 -> MPIDR 0x300090100 -> Node 0
Sep 07 01:34:49 hostname-txyuq.foreman.pxe kernel: ACPI: NUMA: SRAT: PXM 0 -> MPIDR 0x300090101 -> Node 0
Sep 07 01:34:49 hostname-txyuq.foreman.pxe kernel: ACPI: NUMA: SRAT: PXM 0 -> MPIDR 0x300090200 -> Node 0
Sep 07 01:34:49 hostname-txyuq.foreman.pxe kernel: ACPI: NUMA: SRAT: PXM 0 -> MPIDR 0x300090201 -> Node 0
Sep 07 01:34:49 hostname-txyuq.foreman.pxe kernel: ACPI: NUMA: SRAT: PXM 0 -> MPIDR 0x300090300 -> Node 0
Sep 07 01:34:49 hostname-txyuq.foreman.pxe kernel: ACPI: NUMA: SRAT: PXM 0 -> MPIDR 0x300090301 -> Node 0
Sep 07 01:34:49 hostname-txyuq.foreman.pxe kernel: ACPI: NUMA: SRAT: PXM 1 -> MPIDR 0x100000000 -> Node 1
Sep 07 01:34:49 hostname-txyuq.foreman.pxe kernel: ACPI: NUMA: SRAT: PXM 1 -> MPIDR 0x100000001 -> Node 1
Sep 07 01:34:49 hostname-txyuq.foreman.pxe kernel: ACPI: NUMA: SRAT: PXM 1 -> MPIDR 0x100000100 -> Node 1
Sep 07 01:34:49 hostname-txyuq.foreman.pxe kernel: ACPI: NUMA: SRAT: PXM 1 -> MPIDR 0x100000101 -> Node 1
Sep 07 01:34:49 hostname-txyuq.foreman.pxe kernel: ACPI: NUMA: SRAT: PXM 1 -> MPIDR 0x100000200 -> Node 1
Sep 07 01:34:49 hostname-txyuq.foreman.pxe kernel: ACPI: NUMA: SRAT: PXM 1 -> MPIDR 0x100000201 -> Node 1
Sep 07 01:34:49 hostname-txyuq.foreman.pxe kernel: ACPI: NUMA: SRAT: PXM 1 -> MPIDR 0x100000300 -> Node 1
Sep 07 01:34:49 hostname-txyuq.foreman.pxe kernel: ACPI: NUMA: SRAT: PXM 1 -> MPIDR 0x100000301 -> Node 1
Sep 07 01:34:49 hostname-txyuq.foreman.pxe kernel: ACPI: NUMA: SRAT: PXM 1 -> MPIDR 0x100010000 -> Node 1
Sep 07 01:34:49 hostname-txyuq.foreman.pxe kernel: ACPI: NUMA: SRAT: PXM 1 -> MPIDR 0x100010001 -> Node 1
Sep 07 01:34:49 hostname-txyuq.foreman.pxe kernel: ACPI: NUMA: SRAT: PXM 1 -> MPIDR 0x100010100 -> Node 1
Sep 07 01:34:49 hostname-txyuq.foreman.pxe kernel: ACPI: NUMA: SRAT: PXM 1 -> MPIDR 0x100010101 -> Node 1
Sep 07 01:34:49 hostname-txyuq.foreman.pxe kernel: ACPI: NUMA: SRAT: PXM 1 -> MPIDR 0x100010200 -> Node 1
Sep 07 01:34:49 hostname-txyuq.foreman.pxe kernel: ACPI: NUMA: SRAT: PXM 1 -> MPIDR 0x100010201 -> Node 1
Sep 07 01:34:49 hostname-txyuq.foreman.pxe kernel: ACPI: NUMA: SRAT: PXM 1 -> MPIDR 0x100010300 -> Node 1
Sep 07 01:34:49 hostname-txyuq.foreman.pxe kernel: ACPI: NUMA: SRAT: PXM 1 -> MPIDR 0x100010301 -> Node 1
Sep 07 01:34:49 hostname-txyuq.foreman.pxe kernel: ACPI: NUMA: SRAT: PXM 1 -> MPIDR 0x100020000 -> Node 1
Sep 07 01:34:49 hostname-txyuq.foreman.pxe kernel: ACPI: NUMA: SRAT: PXM 1 -> MPIDR 0x100020001 -> Node 1
Sep 07 01:34:49 hostname-txyuq.foreman.pxe kernel: ACPI: NUMA: SRAT: PXM 1 -> MPIDR 0x100020100 -> Node 1
Sep 07 01:34:49 hostname-txyuq.foreman.pxe kernel: ACPI: NUMA: SRAT: PXM 1 -> MPIDR 0x100020101 -> Node 1
Sep 07 01:34:49 hostname-txyuq.foreman.pxe kernel: ACPI: NUMA: SRAT: PXM 1 -> MPIDR 0x100020200 -> Node 1
Sep 07 01:34:49 hostname-txyuq.foreman.pxe kernel: ACPI: NUMA: SRAT: PXM 1 -> MPIDR 0x100020201 -> Node 1
Sep 07 01:34:49 hostname-txyuq.foreman.pxe kernel: ACPI: NUMA: SRAT: PXM 1 -> MPIDR 0x100020300 -> Node 1
Sep 07 01:34:49 hostname-txyuq.foreman.pxe kernel: ACPI: NUMA: SRAT: PXM 1 -> MPIDR 0x100020301 -> Node 1
Sep 07 01:34:49 hostname-txyuq.foreman.pxe kernel: ACPI: NUMA: SRAT: PXM 1 -> MPIDR 0x100030000 -> Node 1
Sep 07 01:34:49 hostname-txyuq.foreman.pxe kernel: ACPI: NUMA: SRAT: PXM 1 -> MPIDR 0x100030001 -> Node 1
Sep 07 01:34:49 hostname-txyuq.foreman.pxe kernel: ACPI: NUMA: SRAT: PXM 1 -> MPIDR 0x100030100 -> Node 1
Sep 07 01:34:49 hostname-txyuq.foreman.pxe kernel: ACPI: NUMA: SRAT: PXM 1 -> MPIDR 0x100030101 -> Node 1
Sep 07 01:34:49 hostname-txyuq.foreman.pxe kernel: ACPI: NUMA: SRAT: PXM 1 -> MPIDR 0x100030200 -> Node 1
Sep 07 01:34:49 hostname-txyuq.foreman.pxe kernel: ACPI: NUMA: SRAT: PXM 1 -> MPIDR 0x100030201 -> Node 1
Sep 07 01:34:49 hostname-txyuq.foreman.pxe kernel: ACPI: NUMA: SRAT: PXM 1 -> MPIDR 0x100030300 -> Node 1
Sep 07 01:34:49 hostname-txyuq.foreman.pxe kernel: ACPI: NUMA: SRAT: PXM 1 -> MPIDR 0x100030301 -> Node 1
Sep 07 01:34:49 hostname-txyuq.foreman.pxe kernel: ACPI: NUMA: SRAT: PXM 1 -> MPIDR 0x100040000 -> Node 1
Sep 07 01:34:49 hostname-txyuq.foreman.pxe kernel: ACPI: NUMA: SRAT: PXM 1 -> MPIDR 0x100040001 -> Node 1
Sep 07 01:34:49 hostname-txyuq.foreman.pxe kernel: ACPI: NUMA: SRAT: PXM 1 -> MPIDR 0x100040100 -> Node 1
Sep 07 01:34:49 hostname-txyuq.foreman.pxe kernel: ACPI: NUMA: SRAT: PXM 1 -> MPIDR 0x100040101 -> Node 1
Sep 07 01:34:49 hostname-txyuq.foreman.pxe kernel: ACPI: NUMA: SRAT: PXM 1 -> MPIDR 0x100040200 -> Node 1
Sep 07 01:34:49 hostname-txyuq.foreman.pxe kernel: ACPI: NUMA: SRAT: PXM 1 -> MPIDR 0x100040201 -> Node 1
Sep 07 01:34:49 hostname-txyuq.foreman.pxe kernel: ACPI: NUMA: SRAT: PXM 1 -> MPIDR 0x100040300 -> Node 1
Sep 07 01:34:49 hostname-txyuq.foreman.pxe kernel: ACPI: NUMA: SRAT: PXM 1 -> MPIDR 0x100040301 -> Node 1
Sep 07 01:34:49 hostname-txyuq.foreman.pxe kernel: ACPI: NUMA: SRAT: PXM 1 -> MPIDR 0x100050000 -> Node 1
Sep 07 01:34:49 hostname-txyuq.foreman.pxe kernel: ACPI: NUMA: SRAT: PXM 1 -> MPIDR 0x100050001 -> Node 1
Sep 07 01:34:49 hostname-txyuq.foreman.pxe kernel: ACPI: NUMA: SRAT: PXM 1 -> MPIDR 0x100050100 -> Node 1
Sep 07 01:34:49 hostname-txyuq.foreman.pxe kernel: ACPI: NUMA: SRAT: PXM 1 -> MPIDR 0x100050101 -> Node 1
Sep 07 01:34:49 hostname-txyuq.foreman.pxe kernel: ACPI: NUMA: SRAT: PXM 1 -> MPIDR 0x100050200 -> Node 1
Sep 07 01:34:49 hostname-txyuq.foreman.pxe kernel: ACPI: NUMA: SRAT: PXM 1 -> MPIDR 0x100050201 -> Node 1
Sep 07 01:34:49 hostname-txyuq.foreman.pxe kernel: ACPI: NUMA: SRAT: PXM 1 -> MPIDR 0x100050300 -> Node 1
Sep 07 01:34:49 hostname-txyuq.foreman.pxe kernel: ACPI: NUMA: SRAT: PXM 1 -> MPIDR 0x100050301 -> Node 1
Sep 07 01:34:49 hostname-txyuq.foreman.pxe kernel: ACPI: NUMA: SRAT: PXM 1 -> MPIDR 0x100060000 -> Node 1
Sep 07 01:34:49 hostname-txyuq.foreman.pxe kernel: ACPI: NUMA: SRAT: PXM 1 -> MPIDR 0x100060001 -> Node 1
Sep 07 01:34:49 hostname-txyuq.foreman.pxe kernel: ACPI: NUMA: SRAT: PXM 1 -> MPIDR 0x100060100 -> Node 1
Sep 07 01:34:49 hostname-txyuq.foreman.pxe kernel: ACPI: NUMA: SRAT: PXM 1 -> MPIDR 0x100060101 -> Node 1
Sep 07 01:34:49 hostname-txyuq.foreman.pxe kernel: ACPI: NUMA: SRAT: PXM 1 -> MPIDR 0x100060200 -> Node 1
Sep 07 01:34:49 hostname-txyuq.foreman.pxe kernel: ACPI: NUMA: SRAT: PXM 1 -> MPIDR 0x100060201 -> Node 1
Sep 07 01:34:49 hostname-txyuq.foreman.pxe kernel: ACPI: NUMA: SRAT: PXM 1 -> MPIDR 0x100060300 -> Node 1
Sep 07 01:34:49 hostname-txyuq.foreman.pxe kernel: ACPI: NUMA: SRAT: PXM 1 -> MPIDR 0x100060301 -> Node 1
Sep 07 01:34:49 hostname-txyuq.foreman.pxe kernel: ACPI: NUMA: SRAT: PXM 1 -> MPIDR 0x100070000 -> Node 1
Sep 07 01:34:49 hostname-txyuq.foreman.pxe kernel: ACPI: NUMA: SRAT: PXM 1 -> MPIDR 0x100070001 -> Node 1
Sep 07 01:34:49 hostname-txyuq.foreman.pxe kernel: ACPI: NUMA: SRAT: PXM 1 -> MPIDR 0x100070100 -> Node 1
Sep 07 01:34:49 hostname-txyuq.foreman.pxe kernel: ACPI: NUMA: SRAT: PXM 1 -> MPIDR 0x100070101 -> Node 1
Sep 07 01:34:49 hostname-txyuq.foreman.pxe kernel: ACPI: NUMA: SRAT: PXM 1 -> MPIDR 0x100070200 -> Node 1
Sep 07 01:34:49 hostname-txyuq.foreman.pxe kernel: ACPI: NUMA: SRAT: PXM 1 -> MPIDR 0x100070201 -> Node 1
Sep 07 01:34:49 hostname-txyuq.foreman.pxe kernel: ACPI: NUMA: SRAT: PXM 1 -> MPIDR 0x100070300 -> Node 1
Sep 07 01:34:49 hostname-txyuq.foreman.pxe kernel: ACPI: NUMA: SRAT: PXM 1 -> MPIDR 0x100070301 -> Node 1
Sep 07 01:34:49 hostname-txyuq.foreman.pxe kernel: ACPI: NUMA: SRAT: PXM 1 -> MPIDR 0x100080000 -> Node 1
Sep 07 01:34:49 hostname-txyuq.foreman.pxe kernel: ACPI: NUMA: SRAT: PXM 1 -> MPIDR 0x100080001 -> Node 1
Sep 07 01:34:49 hostname-txyuq.foreman.pxe kernel: ACPI: NUMA: SRAT: PXM 1 -> MPIDR 0x100080100 -> Node 1
Sep 07 01:34:49 hostname-txyuq.foreman.pxe kernel: ACPI: NUMA: SRAT: PXM 1 -> MPIDR 0x100080101 -> Node 1
Sep 07 01:34:49 hostname-txyuq.foreman.pxe kernel: ACPI: NUMA: SRAT: PXM 1 -> MPIDR 0x100080200 -> Node 1
Sep 07 01:34:49 hostname-txyuq.foreman.pxe kernel: ACPI: NUMA: SRAT: PXM 1 -> MPIDR 0x100080201 -> Node 1
Sep 07 01:34:49 hostname-txyuq.foreman.pxe kernel: ACPI: NUMA: SRAT: PXM 1 -> MPIDR 0x100080300 -> Node 1
Sep 07 01:34:49 hostname-txyuq.foreman.pxe kernel: ACPI: NUMA: SRAT: PXM 1 -> MPIDR 0x100080301 -> Node 1
Sep 07 01:34:49 hostname-txyuq.foreman.pxe kernel: ACPI: NUMA: SRAT: PXM 1 -> MPIDR 0x100090000 -> Node 1
Sep 07 01:34:49 hostname-txyuq.foreman.pxe kernel: ACPI: NUMA: SRAT: PXM 1 -> MPIDR 0x100090001 -> Node 1
Sep 07 01:34:49 hostname-txyuq.foreman.pxe kernel: ACPI: NUMA: SRAT: PXM 1 -> MPIDR 0x100090100 -> Node 1
Sep 07 01:34:49 hostname-txyuq.foreman.pxe kernel: ACPI: NUMA: SRAT: PXM 1 -> MPIDR 0x100090101 -> Node 1
Sep 07 01:34:49 hostname-txyuq.foreman.pxe kernel: ACPI: NUMA: SRAT: PXM 1 -> MPIDR 0x100090200 -> Node 1
Sep 07 01:34:49 hostname-txyuq.foreman.pxe kernel: ACPI: NUMA: SRAT: PXM 1 -> MPIDR 0x100090201 -> Node 1
Sep 07 01:34:49 hostname-txyuq.foreman.pxe kernel: ACPI: NUMA: SRAT: PXM 1 -> MPIDR 0x100090300 -> Node 1
Sep 07 01:34:49 hostname-txyuq.foreman.pxe kernel: ACPI: NUMA: SRAT: PXM 1 -> MPIDR 0x100090301 -> Node 1
Sep 07 01:34:49 hostname-txyuq.foreman.pxe kernel: ACPI: NUMA: SRAT: PXM 2 -> MPIDR 0xb00000000 -> Node 2
Sep 07 01:34:49 hostname-txyuq.foreman.pxe kernel: ACPI: NUMA: SRAT: PXM 2 -> MPIDR 0xb00000001 -> Node 2
Sep 07 01:34:49 hostname-txyuq.foreman.pxe kernel: ACPI: NUMA: SRAT: PXM 2 -> MPIDR 0xb00000100 -> Node 2
Sep 07 01:34:49 hostname-txyuq.foreman.pxe kernel: ACPI: NUMA: SRAT: PXM 2 -> MPIDR 0xb00000101 -> Node 2
Sep 07 01:34:49 hostname-txyuq.foreman.pxe kernel: ACPI: NUMA: SRAT: PXM 2 -> MPIDR 0xb00000200 -> Node 2
Sep 07 01:34:49 hostname-txyuq.foreman.pxe kernel: ACPI: NUMA: SRAT: PXM 2 -> MPIDR 0xb00000201 -> Node 2
Sep 07 01:34:49 hostname-txyuq.foreman.pxe kernel: ACPI: NUMA: SRAT: PXM 2 -> MPIDR 0xb00000300 -> Node 2
Sep 07 01:34:49 hostname-txyuq.foreman.pxe kernel: ACPI: NUMA: SRAT: PXM 2 -> MPIDR 0xb00000301 -> Node 2
Sep 07 01:34:49 hostname-txyuq.foreman.pxe kernel: ACPI: NUMA: SRAT: PXM 2 -> MPIDR 0xb00010000 -> Node 2
Sep 07 01:34:49 hostname-txyuq.foreman.pxe kernel: ACPI: NUMA: SRAT: PXM 2 -> MPIDR 0xb00010001 -> Node 2
Sep 07 01:34:49 hostname-txyuq.foreman.pxe kernel: ACPI: NUMA: SRAT: PXM 2 -> MPIDR 0xb00010100 -> Node 2
Sep 07 01:34:49 hostname-txyuq.foreman.pxe kernel: ACPI: NUMA: SRAT: PXM 2 -> MPIDR 0xb00010101 -> Node 2
Sep 07 01:34:49 hostname-txyuq.foreman.pxe kernel: ACPI: NUMA: SRAT: PXM 2 -> MPIDR 0xb00010200 -> Node 2
Sep 07 01:34:49 hostname-txyuq.foreman.pxe kernel: ACPI: NUMA: SRAT: PXM 2 -> MPIDR 0xb00010201 -> Node 2
Sep 07 01:34:49 hostname-txyuq.foreman.pxe kernel: ACPI: NUMA: SRAT: PXM 2 -> MPIDR 0xb00010300 -> Node 2
Sep 07 01:34:49 hostname-txyuq.foreman.pxe kernel: ACPI: NUMA: SRAT: PXM 2 -> MPIDR 0xb00010301 -> Node 2
Sep 07 01:34:49 hostname-txyuq.foreman.pxe kernel: ACPI: NUMA: SRAT: PXM 2 -> MPIDR 0xb00020000 -> Node 2
Sep 07 01:34:49 hostname-txyuq.foreman.pxe kernel: ACPI: NUMA: SRAT: PXM 2 -> MPIDR 0xb00020001 -> Node 2
Sep 07 01:34:49 hostname-txyuq.foreman.pxe kernel: ACPI: NUMA: SRAT: PXM 2 -> MPIDR 0xb00020100 -> Node 2
Sep 07 01:34:49 hostname-txyuq.foreman.pxe kernel: ACPI: NUMA: SRAT: PXM 2 -> MPIDR 0xb00020101 -> Node 2
Sep 07 01:34:49 hostname-txyuq.foreman.pxe kernel: ACPI: NUMA: SRAT: PXM 2 -> MPIDR 0xb00020200 -> Node 2
Sep 07 01:34:49 hostname-txyuq.foreman.pxe kernel: ACPI: NUMA: SRAT: PXM 2 -> MPIDR 0xb00020201 -> Node 2
Sep 07 01:34:49 hostname-txyuq.foreman.pxe kernel: ACPI: NUMA: SRAT: PXM 2 -> MPIDR 0xb00020300 -> Node 2
Sep 07 01:34:49 hostname-txyuq.foreman.pxe kernel: ACPI: NUMA: SRAT: PXM 2 -> MPIDR 0xb00020301 -> Node 2
Sep 07 01:34:49 hostname-txyuq.foreman.pxe kernel: ACPI: NUMA: SRAT: PXM 2 -> MPIDR 0xb00030000 -> Node 2
Sep 07 01:34:49 hostname-txyuq.foreman.pxe kernel: ACPI: NUMA: SRAT: PXM 2 -> MPIDR 0xb00030001 -> Node 2
Sep 07 01:34:49 hostname-txyuq.foreman.pxe kernel: ACPI: NUMA: SRAT: PXM 2 -> MPIDR 0xb00030100 -> Node 2
Sep 07 01:34:49 hostname-txyuq.foreman.pxe kernel: ACPI: NUMA: SRAT: PXM 2 -> MPIDR 0xb00030101 -> Node 2
Sep 07 01:34:49 hostname-txyuq.foreman.pxe kernel: ACPI: NUMA: SRAT: PXM 2 -> MPIDR 0xb00030200 -> Node 2
Sep 07 01:34:49 hostname-txyuq.foreman.pxe kernel: ACPI: NUMA: SRAT: PXM 2 -> MPIDR 0xb00030201 -> Node 2
Sep 07 01:34:49 hostname-txyuq.foreman.pxe kernel: ACPI: NUMA: SRAT: PXM 2 -> MPIDR 0xb00030300 -> Node 2
Sep 07 01:34:49 hostname-txyuq.foreman.pxe kernel: ACPI: NUMA: SRAT: PXM 2 -> MPIDR 0xb00030301 -> Node 2
Sep 07 01:34:49 hostname-txyuq.foreman.pxe kernel: ACPI: NUMA: SRAT: PXM 2 -> MPIDR 0xb00040000 -> Node 2
Sep 07 01:34:49 hostname-txyuq.foreman.pxe kernel: ACPI: NUMA: SRAT: PXM 2 -> MPIDR 0xb00040001 -> Node 2
Sep 07 01:34:49 hostname-txyuq.foreman.pxe kernel: ACPI: NUMA: SRAT: PXM 2 -> MPIDR 0xb00040100 -> Node 2
Sep 07 01:34:49 hostname-txyuq.foreman.pxe kernel: ACPI: NUMA: SRAT: PXM 2 -> MPIDR 0xb00040101 -> Node 2
Sep 07 01:34:49 hostname-txyuq.foreman.pxe kernel: ACPI: NUMA: SRAT: PXM 2 -> MPIDR 0xb00040200 -> Node 2
Sep 07 01:34:49 hostname-txyuq.foreman.pxe kernel: ACPI: NUMA: SRAT: PXM 2 -> MPIDR 0xb00040201 -> Node 2
Sep 07 01:34:49 hostname-txyuq.foreman.pxe kernel: ACPI: NUMA: SRAT: PXM 2 -> MPIDR 0xb00040300 -> Node 2
Sep 07 01:34:49 hostname-txyuq.foreman.pxe kernel: ACPI: NUMA: SRAT: PXM 2 -> MPIDR 0xb00040301 -> Node 2
Sep 07 01:34:49 hostname-txyuq.foreman.pxe kernel: ACPI: NUMA: SRAT: PXM 2 -> MPIDR 0xb00050000 -> Node 2
Sep 07 01:34:49 hostname-txyuq.foreman.pxe kernel: ACPI: NUMA: SRAT: PXM 2 -> MPIDR 0xb00050001 -> Node 2
Sep 07 01:34:49 hostname-txyuq.foreman.pxe kernel: ACPI: NUMA: SRAT: PXM 2 -> MPIDR 0xb00050100 -> Node 2
Sep 07 01:34:49 hostname-txyuq.foreman.pxe kernel: ACPI: NUMA: SRAT: PXM 2 -> MPIDR 0xb00050101 -> Node 2
Sep 07 01:34:49 hostname-txyuq.foreman.pxe kernel: ACPI: NUMA: SRAT: PXM 2 -> MPIDR 0xb00050200 -> Node 2
Sep 07 01:34:49 hostname-txyuq.foreman.pxe kernel: ACPI: NUMA: SRAT: PXM 2 -> MPIDR 0xb00050201 -> Node 2
Sep 07 01:34:49 hostname-txyuq.foreman.pxe kernel: ACPI: NUMA: SRAT: PXM 2 -> MPIDR 0xb00050300 -> Node 2
Sep 07 01:34:49 hostname-txyuq.foreman.pxe kernel: ACPI: NUMA: SRAT: PXM 2 -> MPIDR 0xb00050301 -> Node 2
Sep 07 01:34:49 hostname-txyuq.foreman.pxe kernel: ACPI: NUMA: SRAT: PXM 2 -> MPIDR 0xb00060000 -> Node 2
Sep 07 01:34:49 hostname-txyuq.foreman.pxe kernel: ACPI: NUMA: SRAT: PXM 2 -> MPIDR 0xb00060001 -> Node 2
Sep 07 01:34:49 hostname-txyuq.foreman.pxe kernel: ACPI: NUMA: SRAT: PXM 2 -> MPIDR 0xb00060100 -> Node 2
Sep 07 01:34:49 hostname-txyuq.foreman.pxe kernel: ACPI: NUMA: SRAT: PXM 2 -> MPIDR 0xb00060101 -> Node 2
Sep 07 01:34:49 hostname-txyuq.foreman.pxe kernel: ACPI: NUMA: SRAT: PXM 2 -> MPIDR 0xb00060200 -> Node 2
Sep 07 01:34:49 hostname-txyuq.foreman.pxe kernel: ACPI: NUMA: SRAT: PXM 2 -> MPIDR 0xb00060201 -> Node 2
Sep 07 01:34:49 hostname-txyuq.foreman.pxe kernel: ACPI: NUMA: SRAT: PXM 2 -> MPIDR 0xb00060300 -> Node 2
Sep 07 01:34:49 hostname-txyuq.foreman.pxe kernel: ACPI: NUMA: SRAT: PXM 2 -> MPIDR 0xb00060301 -> Node 2
Sep 07 01:34:49 hostname-txyuq.foreman.pxe kernel: ACPI: NUMA: SRAT: PXM 2 -> MPIDR 0xb00070000 -> Node 2
Sep 07 01:34:49 hostname-txyuq.foreman.pxe kernel: ACPI: NUMA: SRAT: PXM 2 -> MPIDR 0xb00070001 -> Node 2
Sep 07 01:34:49 hostname-txyuq.foreman.pxe kernel: ACPI: NUMA: SRAT: PXM 2 -> MPIDR 0xb00070100 -> Node 2
Sep 07 01:34:49 hostname-txyuq.foreman.pxe kernel: ACPI: NUMA: SRAT: PXM 2 -> MPIDR 0xb00070101 -> Node 2
Sep 07 01:34:49 hostname-txyuq.foreman.pxe kernel: ACPI: NUMA: SRAT: PXM 2 -> MPIDR 0xb00070200 -> Node 2
Sep 07 01:34:49 hostname-txyuq.foreman.pxe kernel: ACPI: NUMA: SRAT: PXM 2 -> MPIDR 0xb00070201 -> Node 2
Sep 07 01:34:49 hostname-txyuq.foreman.pxe kernel: ACPI: NUMA: SRAT: PXM 2 -> MPIDR 0xb00070300 -> Node 2
Sep 07 01:34:49 hostname-txyuq.foreman.pxe kernel: ACPI: NUMA: SRAT: PXM 2 -> MPIDR 0xb00070301 -> Node 2
Sep 07 01:34:49 hostname-txyuq.foreman.pxe kernel: ACPI: NUMA: SRAT: PXM 2 -> MPIDR 0xb00080000 -> Node 2
Sep 07 01:34:49 hostname-txyuq.foreman.pxe kernel: ACPI: NUMA: SRAT: PXM 2 -> MPIDR 0xb00080001 -> Node 2
Sep 07 01:34:49 hostname-txyuq.foreman.pxe kernel: ACPI: NUMA: SRAT: PXM 2 -> MPIDR 0xb00080100 -> Node 2
Sep 07 01:34:49 hostname-txyuq.foreman.pxe kernel: ACPI: NUMA: SRAT: PXM 2 -> MPIDR 0xb00080101 -> Node 2
Sep 07 01:34:49 hostname-txyuq.foreman.pxe kernel: ACPI: NUMA: SRAT: PXM 2 -> MPIDR 0xb00080200 -> Node 2
Sep 07 01:34:49 hostname-txyuq.foreman.pxe kernel: ACPI: NUMA: SRAT: PXM 2 -> MPIDR 0xb00080201 -> Node 2
Sep 07 01:34:49 hostname-txyuq.foreman.pxe kernel: ACPI: NUMA: SRAT: PXM 2 -> MPIDR 0xb00080300 -> Node 2
Sep 07 01:34:49 hostname-txyuq.foreman.pxe kernel: ACPI: NUMA: SRAT: PXM 2 -> MPIDR 0xb00080301 -> Node 2
Sep 07 01:34:49 hostname-txyuq.foreman.pxe kernel: ACPI: NUMA: SRAT: PXM 2 -> MPIDR 0xb00090000 -> Node 2
Sep 07 01:34:49 hostname-txyuq.foreman.pxe kernel: ACPI: NUMA: SRAT: PXM 2 -> MPIDR 0xb00090001 -> Node 2
Sep 07 01:34:49 hostname-txyuq.foreman.pxe kernel: ACPI: NUMA: SRAT: PXM 2 -> MPIDR 0xb00090100 -> Node 2
Sep 07 01:34:49 hostname-txyuq.foreman.pxe kernel: ACPI: NUMA: SRAT: PXM 2 -> MPIDR 0xb00090101 -> Node 2
Sep 07 01:34:49 hostname-txyuq.foreman.pxe kernel: ACPI: NUMA: SRAT: PXM 2 -> MPIDR 0xb00090200 -> Node 2
Sep 07 01:34:49 hostname-txyuq.foreman.pxe kernel: ACPI: NUMA: SRAT: PXM 2 -> MPIDR 0xb00090201 -> Node 2
Sep 07 01:34:49 hostname-txyuq.foreman.pxe kernel: ACPI: NUMA: SRAT: PXM 2 -> MPIDR 0xb00090300 -> Node 2
Sep 07 01:34:49 hostname-txyuq.foreman.pxe kernel: ACPI: NUMA: SRAT: PXM 2 -> MPIDR 0xb00090301 -> Node 2
Sep 07 01:34:49 hostname-txyuq.foreman.pxe kernel: ACPI: NUMA: SRAT: PXM 3 -> MPIDR 0x900000000 -> Node 3
Sep 07 01:34:49 hostname-txyuq.foreman.pxe kernel: ACPI: NUMA: SRAT: PXM 3 -> MPIDR 0x900000001 -> Node 3
Sep 07 01:34:49 hostname-txyuq.foreman.pxe kernel: ACPI: NUMA: SRAT: PXM 3 -> MPIDR 0x900000100 -> Node 3
Sep 07 01:34:49 hostname-txyuq.foreman.pxe kernel: ACPI: NUMA: SRAT: PXM 3 -> MPIDR 0x900000101 -> Node 3
Sep 07 01:34:49 hostname-txyuq.foreman.pxe kernel: ACPI: NUMA: SRAT: PXM 3 -> MPIDR 0x900000200 -> Node 3
Sep 07 01:34:49 hostname-txyuq.foreman.pxe kernel: ACPI: NUMA: SRAT: PXM 3 -> MPIDR 0x900000201 -> Node 3
Sep 07 01:34:49 hostname-txyuq.foreman.pxe kernel: ACPI: NUMA: SRAT: PXM 3 -> MPIDR 0x900000300 -> Node 3
Sep 07 01:34:49 hostname-txyuq.foreman.pxe kernel: ACPI: NUMA: SRAT: PXM 3 -> MPIDR 0x900000301 -> Node 3
Sep 07 01:34:49 hostname-txyuq.foreman.pxe kernel: ACPI: NUMA: SRAT: PXM 3 -> MPIDR 0x900010000 -> Node 3
Sep 07 01:34:49 hostname-txyuq.foreman.pxe kernel: ACPI: NUMA: SRAT: PXM 3 -> MPIDR 0x900010001 -> Node 3
Sep 07 01:34:49 hostname-txyuq.foreman.pxe kernel: ACPI: NUMA: SRAT: PXM 3 -> MPIDR 0x900010100 -> Node 3
Sep 07 01:34:49 hostname-txyuq.foreman.pxe kernel: ACPI: NUMA: SRAT: PXM 3 -> MPIDR 0x900010101 -> Node 3
Sep 07 01:34:49 hostname-txyuq.foreman.pxe kernel: ACPI: NUMA: SRAT: PXM 3 -> MPIDR 0x900010200 -> Node 3
Sep 07 01:34:49 hostname-txyuq.foreman.pxe kernel: ACPI: NUMA: SRAT: PXM 3 -> MPIDR 0x900010201 -> Node 3
Sep 07 01:34:49 hostname-txyuq.foreman.pxe kernel: ACPI: NUMA: SRAT: PXM 3 -> MPIDR 0x900010300 -> Node 3
Sep 07 01:34:49 hostname-txyuq.foreman.pxe kernel: ACPI: NUMA: SRAT: PXM 3 -> MPIDR 0x900010301 -> Node 3
Sep 07 01:34:49 hostname-txyuq.foreman.pxe kernel: ACPI: NUMA: SRAT: PXM 3 -> MPIDR 0x900020000 -> Node 3
Sep 07 01:34:49 hostname-txyuq.foreman.pxe kernel: ACPI: NUMA: SRAT: PXM 3 -> MPIDR 0x900020001 -> Node 3
Sep 07 01:34:49 hostname-txyuq.foreman.pxe kernel: ACPI: NUMA: SRAT: PXM 3 -> MPIDR 0x900020100 -> Node 3
Sep 07 01:34:49 hostname-txyuq.foreman.pxe kernel: ACPI: NUMA: SRAT: PXM 3 -> MPIDR 0x900020101 -> Node 3
Sep 07 01:34:49 hostname-txyuq.foreman.pxe kernel: ACPI: NUMA: SRAT: PXM 3 -> MPIDR 0x900020200 -> Node 3
Sep 07 01:34:49 hostname-txyuq.foreman.pxe kernel: ACPI: NUMA: SRAT: PXM 3 -> MPIDR 0x900020201 -> Node 3
Sep 07 01:34:49 hostname-txyuq.foreman.pxe kernel: ACPI: NUMA: SRAT: PXM 3 -> MPIDR 0x900020300 -> Node 3
Sep 07 01:34:49 hostname-txyuq.foreman.pxe kernel: ACPI: NUMA: SRAT: PXM 3 -> MPIDR 0x900020301 -> Node 3
Sep 07 01:34:49 hostname-txyuq.foreman.pxe kernel: ACPI: NUMA: SRAT: PXM 3 -> MPIDR 0x900030000 -> Node 3
Sep 07 01:34:49 hostname-txyuq.foreman.pxe kernel: ACPI: NUMA: SRAT: PXM 3 -> MPIDR 0x900030001 -> Node 3
Sep 07 01:34:49 hostname-txyuq.foreman.pxe kernel: ACPI: NUMA: SRAT: PXM 3 -> MPIDR 0x900030100 -> Node 3
Sep 07 01:34:49 hostname-txyuq.foreman.pxe kernel: ACPI: NUMA: SRAT: PXM 3 -> MPIDR 0x900030101 -> Node 3
Sep 07 01:34:49 hostname-txyuq.foreman.pxe kernel: ACPI: NUMA: SRAT: PXM 3 -> MPIDR 0x900030200 -> Node 3
Sep 07 01:34:49 hostname-txyuq.foreman.pxe kernel: ACPI: NUMA: SRAT: PXM 3 -> MPIDR 0x900030201 -> Node 3
Sep 07 01:34:49 hostname-txyuq.foreman.pxe kernel: ACPI: NUMA: SRAT: PXM 3 -> MPIDR 0x900030300 -> Node 3
Sep 07 01:34:49 hostname-txyuq.foreman.pxe kernel: ACPI: NUMA: SRAT: PXM 3 -> MPIDR 0x900030301 -> Node 3
Sep 07 01:34:49 hostname-txyuq.foreman.pxe kernel: ACPI: NUMA: SRAT: PXM 3 -> MPIDR 0x900040000 -> Node 3
Sep 07 01:34:49 hostname-txyuq.foreman.pxe kernel: ACPI: NUMA: SRAT: PXM 3 -> MPIDR 0x900040001 -> Node 3
Sep 07 01:34:49 hostname-txyuq.foreman.pxe kernel: ACPI: NUMA: SRAT: PXM 3 -> MPIDR 0x900040100 -> Node 3
Sep 07 01:34:49 hostname-txyuq.foreman.pxe kernel: ACPI: NUMA: SRAT: PXM 3 -> MPIDR 0x900040101 -> Node 3
Sep 07 01:34:49 hostname-txyuq.foreman.pxe kernel: ACPI: NUMA: SRAT: PXM 3 -> MPIDR 0x900040200 -> Node 3
Sep 07 01:34:49 hostname-txyuq.foreman.pxe kernel: ACPI: NUMA: SRAT: PXM 3 -> MPIDR 0x900040201 -> Node 3
Sep 07 01:34:49 hostname-txyuq.foreman.pxe kernel: ACPI: NUMA: SRAT: PXM 3 -> MPIDR 0x900040300 -> Node 3
Sep 07 01:34:49 hostname-txyuq.foreman.pxe kernel: ACPI: NUMA: SRAT: PXM 3 -> MPIDR 0x900040301 -> Node 3
Sep 07 01:34:49 hostname-txyuq.foreman.pxe kernel: ACPI: NUMA: SRAT: PXM 3 -> MPIDR 0x900050000 -> Node 3
Sep 07 01:34:49 hostname-txyuq.foreman.pxe kernel: ACPI: NUMA: SRAT: PXM 3 -> MPIDR 0x900050001 -> Node 3
Sep 07 01:34:49 hostname-txyuq.foreman.pxe kernel: ACPI: NUMA: SRAT: PXM 3 -> MPIDR 0x900050100 -> Node 3
Sep 07 01:34:49 hostname-txyuq.foreman.pxe kernel: ACPI: NUMA: SRAT: PXM 3 -> MPIDR 0x900050101 -> Node 3
Sep 07 01:34:49 hostname-txyuq.foreman.pxe kernel: ACPI: NUMA: SRAT: PXM 3 -> MPIDR 0x900050200 -> Node 3
Sep 07 01:34:49 hostname-txyuq.foreman.pxe kernel: ACPI: NUMA: SRAT: PXM 3 -> MPIDR 0x900050201 -> Node 3
Sep 07 01:34:49 hostname-txyuq.foreman.pxe kernel: ACPI: NUMA: SRAT: PXM 3 -> MPIDR 0x900050300 -> Node 3
Sep 07 01:34:49 hostname-txyuq.foreman.pxe kernel: ACPI: NUMA: SRAT: PXM 3 -> MPIDR 0x900050301 -> Node 3
Sep 07 01:34:49 hostname-txyuq.foreman.pxe kernel: ACPI: NUMA: SRAT: PXM 3 -> MPIDR 0x900060000 -> Node 3
Sep 07 01:34:49 hostname-txyuq.foreman.pxe kernel: ACPI: NUMA: SRAT: PXM 3 -> MPIDR 0x900060001 -> Node 3
Sep 07 01:34:49 hostname-txyuq.foreman.pxe kernel: ACPI: NUMA: SRAT: PXM 3 -> MPIDR 0x900060100 -> Node 3
Sep 07 01:34:49 hostname-txyuq.foreman.pxe kernel: ACPI: NUMA: SRAT: PXM 3 -> MPIDR 0x900060101 -> Node 3
Sep 07 01:34:49 hostname-txyuq.foreman.pxe kernel: ACPI: NUMA: SRAT: PXM 3 -> MPIDR 0x900060200 -> Node 3
Sep 07 01:34:49 hostname-txyuq.foreman.pxe kernel: ACPI: NUMA: SRAT: PXM 3 -> MPIDR 0x900060201 -> Node 3
Sep 07 01:34:49 hostname-txyuq.foreman.pxe kernel: ACPI: NUMA: SRAT: PXM 3 -> MPIDR 0x900060300 -> Node 3
Sep 07 01:34:49 hostname-txyuq.foreman.pxe kernel: ACPI: NUMA: SRAT: PXM 3 -> MPIDR 0x900060301 -> Node 3
Sep 07 01:34:49 hostname-txyuq.foreman.pxe kernel: ACPI: NUMA: SRAT: PXM 3 -> MPIDR 0x900070000 -> Node 3
Sep 07 01:34:49 hostname-txyuq.foreman.pxe kernel: ACPI: NUMA: SRAT: PXM 3 -> MPIDR 0x900070001 -> Node 3
Sep 07 01:34:49 hostname-txyuq.foreman.pxe kernel: ACPI: NUMA: SRAT: PXM 3 -> MPIDR 0x900070100 -> Node 3
Sep 07 01:34:49 hostname-txyuq.foreman.pxe kernel: ACPI: NUMA: SRAT: PXM 3 -> MPIDR 0x900070101 -> Node 3
Sep 07 01:34:49 hostname-txyuq.foreman.pxe kernel: ACPI: NUMA: SRAT: PXM 3 -> MPIDR 0x900070200 -> Node 3
Sep 07 01:34:49 hostname-txyuq.foreman.pxe kernel: ACPI: NUMA: SRAT: PXM 3 -> MPIDR 0x900070201 -> Node 3
Sep 07 01:34:49 hostname-txyuq.foreman.pxe kernel: ACPI: NUMA: SRAT: PXM 3 -> MPIDR 0x900070300 -> Node 3
Sep 07 01:34:49 hostname-txyuq.foreman.pxe kernel: ACPI: NUMA: SRAT: PXM 3 -> MPIDR 0x900070301 -> Node 3
Sep 07 01:34:49 hostname-txyuq.foreman.pxe kernel: ACPI: NUMA: SRAT: PXM 3 -> MPIDR 0x900080000 -> Node 3
Sep 07 01:34:49 hostname-txyuq.foreman.pxe kernel: ACPI: NUMA: SRAT: PXM 3 -> MPIDR 0x900080001 -> Node 3
Sep 07 01:34:49 hostname-txyuq.foreman.pxe kernel: ACPI: NUMA: SRAT: PXM 3 -> MPIDR 0x900080100 -> Node 3
Sep 07 01:34:49 hostname-txyuq.foreman.pxe kernel: ACPI: NUMA: SRAT: PXM 3 -> MPIDR 0x900080101 -> Node 3
Sep 07 01:34:49 hostname-txyuq.foreman.pxe kernel: ACPI: NUMA: SRAT: PXM 3 -> MPIDR 0x900080200 -> Node 3
Sep 07 01:34:49 hostname-txyuq.foreman.pxe kernel: ACPI: NUMA: SRAT: PXM 3 -> MPIDR 0x900080201 -> Node 3
Sep 07 01:34:49 hostname-txyuq.foreman.pxe kernel: ACPI: NUMA: SRAT: PXM 3 -> MPIDR 0x900080300 -> Node 3
Sep 07 01:34:49 hostname-txyuq.foreman.pxe kernel: ACPI: NUMA: SRAT: PXM 3 -> MPIDR 0x900080301 -> Node 3
Sep 07 01:34:49 hostname-txyuq.foreman.pxe kernel: ACPI: NUMA: SRAT: PXM 3 -> MPIDR 0x900090000 -> Node 3
Sep 07 01:34:49 hostname-txyuq.foreman.pxe kernel: ACPI: NUMA: SRAT: PXM 3 -> MPIDR 0x900090001 -> Node 3
Sep 07 01:34:49 hostname-txyuq.foreman.pxe kernel: ACPI: NUMA: SRAT: PXM 3 -> MPIDR 0x900090100 -> Node 3
Sep 07 01:34:49 hostname-txyuq.foreman.pxe kernel: ACPI: NUMA: SRAT: PXM 3 -> MPIDR 0x900090101 -> Node 3
Sep 07 01:34:49 hostname-txyuq.foreman.pxe kernel: ACPI: NUMA: SRAT: PXM 3 -> MPIDR 0x900090200 -> Node 3
Sep 07 01:34:49 hostname-txyuq.foreman.pxe kernel: ACPI: NUMA: SRAT: PXM 3 -> MPIDR 0x900090201 -> Node 3
Sep 07 01:34:49 hostname-txyuq.foreman.pxe kernel: ACPI: NUMA: SRAT: PXM 3 -> MPIDR 0x900090300 -> Node 3
Sep 07 01:34:49 hostname-txyuq.foreman.pxe kernel: ACPI: NUMA: SRAT: PXM 3 -> MPIDR 0x900090301 -> Node 3
Sep 07 01:34:49 hostname-txyuq.foreman.pxe kernel: percpu: Embedded 34 pages/cpu s102312 r8192 d28760 u139264
Sep 07 01:34:49 hostname-txyuq.foreman.pxe kernel: pcpu-alloc: s102312 r8192 d28760 u139264 alloc=34*4096
Sep 07 01:34:49 hostname-txyuq.foreman.pxe kernel: pcpu-alloc: [0] 000 [0] 001 [0] 002 [0] 003 
Sep 07 01:34:49 hostname-txyuq.foreman.pxe kernel: pcpu-alloc: [0] 004 [0] 005 [0] 006 [0] 007 
Sep 07 01:34:49 hostname-txyuq.foreman.pxe kernel: pcpu-alloc: [0] 008 [0] 009 [0] 010 [0] 011 
Sep 07 01:34:49 hostname-txyuq.foreman.pxe kernel: pcpu-alloc: [0] 012 [0] 013 [0] 014 [0] 015 
Sep 07 01:34:49 hostname-txyuq.foreman.pxe kernel: pcpu-alloc: [0] 016 [0] 017 [0] 018 [0] 019 
Sep 07 01:34:49 hostname-txyuq.foreman.pxe kernel: pcpu-alloc: [0] 020 [0] 021 [0] 022 [0] 023 
Sep 07 01:34:49 hostname-txyuq.foreman.pxe kernel: pcpu-alloc: [0] 024 [0] 025 [0] 026 [0] 027 
Sep 07 01:34:49 hostname-txyuq.foreman.pxe kernel: pcpu-alloc: [0] 028 [0] 029 [0] 030 [0] 031 
Sep 07 01:34:49 hostname-txyuq.foreman.pxe kernel: pcpu-alloc: [0] 032 [0] 033 [0] 034 [0] 035 
Sep 07 01:34:49 hostname-txyuq.foreman.pxe kernel: pcpu-alloc: [0] 036 [0] 037 [0] 038 [0] 039 
Sep 07 01:34:49 hostname-txyuq.foreman.pxe kernel: pcpu-alloc: [0] 040 [0] 041 [0] 042 [0] 043 
Sep 07 01:34:49 hostname-txyuq.foreman.pxe kernel: pcpu-alloc: [0] 044 [0] 045 [0] 046 [0] 047 
Sep 07 01:34:49 hostname-txyuq.foreman.pxe kernel: pcpu-alloc: [0] 048 [0] 049 [0] 050 [0] 051 
Sep 07 01:34:49 hostname-txyuq.foreman.pxe kernel: pcpu-alloc: [0] 052 [0] 053 [0] 054 [0] 055 
Sep 07 01:34:49 hostname-txyuq.foreman.pxe kernel: pcpu-alloc: [0] 056 [0] 057 [0] 058 [0] 059 
Sep 07 01:34:49 hostname-txyuq.foreman.pxe kernel: pcpu-alloc: [0] 060 [0] 061 [0] 062 [0] 063 
Sep 07 01:34:49 hostname-txyuq.foreman.pxe kernel: pcpu-alloc: [0] 064 [0] 065 [0] 066 [0] 067 
Sep 07 01:34:49 hostname-txyuq.foreman.pxe kernel: pcpu-alloc: [0] 068 [0] 069 [0] 070 [0] 071 
Sep 07 01:34:49 hostname-txyuq.foreman.pxe kernel: pcpu-alloc: [0] 072 [0] 073 [0] 074 [0] 075 
Sep 07 01:34:49 hostname-txyuq.foreman.pxe kernel: pcpu-alloc: [0] 076 [0] 077 [0] 078 [0] 079 
Sep 07 01:34:49 hostname-txyuq.foreman.pxe kernel: pcpu-alloc: [1] 080 [1] 081 [1] 082 [1] 083 
Sep 07 01:34:49 hostname-txyuq.foreman.pxe kernel: pcpu-alloc: [1] 084 [1] 085 [1] 086 [1] 087 
Sep 07 01:34:49 hostname-txyuq.foreman.pxe kernel: pcpu-alloc: [1] 088 [1] 089 [1] 090 [1] 091 
Sep 07 01:34:49 hostname-txyuq.foreman.pxe kernel: pcpu-alloc: [1] 092 [1] 093 [1] 094 [1] 095 
Sep 07 01:34:49 hostname-txyuq.foreman.pxe kernel: pcpu-alloc: [1] 096 [1] 097 [1] 098 [1] 099 
Sep 07 01:34:49 hostname-txyuq.foreman.pxe kernel: pcpu-alloc: [1] 100 [1] 101 [1] 102 [1] 103 
Sep 07 01:34:49 hostname-txyuq.foreman.pxe kernel: pcpu-alloc: [1] 104 [1] 105 [1] 106 [1] 107 
Sep 07 01:34:49 hostname-txyuq.foreman.pxe kernel: pcpu-alloc: [1] 108 [1] 109 [1] 110 [1] 111 
Sep 07 01:34:49 hostname-txyuq.foreman.pxe kernel: pcpu-alloc: [1] 112 [1] 113 [1] 114 [1] 115 
Sep 07 01:34:49 hostname-txyuq.foreman.pxe kernel: pcpu-alloc: [1] 116 [1] 117 [1] 118 [1] 119 
Sep 07 01:34:49 hostname-txyuq.foreman.pxe kernel: pcpu-alloc: [1] 120 [1] 121 [1] 122 [1] 123 
Sep 07 01:34:49 hostname-txyuq.foreman.pxe kernel: pcpu-alloc: [1] 124 [1] 125 [1] 126 [1] 127 
Sep 07 01:34:49 hostname-txyuq.foreman.pxe kernel: pcpu-alloc: [1] 128 [1] 129 [1] 130 [1] 131 
Sep 07 01:34:49 hostname-txyuq.foreman.pxe kernel: pcpu-alloc: [1] 132 [1] 133 [1] 134 [1] 135 
Sep 07 01:34:49 hostname-txyuq.foreman.pxe kernel: pcpu-alloc: [1] 136 [1] 137 [1] 138 [1] 139 
Sep 07 01:34:49 hostname-txyuq.foreman.pxe kernel: pcpu-alloc: [1] 140 [1] 141 [1] 142 [1] 143 
Sep 07 01:34:49 hostname-txyuq.foreman.pxe kernel: pcpu-alloc: [1] 144 [1] 145 [1] 146 [1] 147 
Sep 07 01:34:49 hostname-txyuq.foreman.pxe kernel: pcpu-alloc: [1] 148 [1] 149 [1] 150 [1] 151 
Sep 07 01:34:49 hostname-txyuq.foreman.pxe kernel: pcpu-alloc: [1] 152 [1] 153 [1] 154 [1] 155 
Sep 07 01:34:49 hostname-txyuq.foreman.pxe kernel: pcpu-alloc: [1] 156 [1] 157 [1] 158 [1] 159 
Sep 07 01:34:49 hostname-txyuq.foreman.pxe kernel: pcpu-alloc: [2] 160 [2] 161 [2] 162 [2] 163 
Sep 07 01:34:49 hostname-txyuq.foreman.pxe kernel: pcpu-alloc: [2] 164 [2] 165 [2] 166 [2] 167 
Sep 07 01:34:49 hostname-txyuq.foreman.pxe kernel: pcpu-alloc: [2] 168 [2] 169 [2] 170 [2] 171 
Sep 07 01:34:49 hostname-txyuq.foreman.pxe kernel: pcpu-alloc: [2] 172 [2] 173 [2] 174 [2] 175 
Sep 07 01:34:49 hostname-txyuq.foreman.pxe kernel: pcpu-alloc: [2] 176 [2] 177 [2] 178 [2] 179 
Sep 07 01:34:49 hostname-txyuq.foreman.pxe kernel: pcpu-alloc: [2] 180 [2] 181 [2] 182 [2] 183 
Sep 07 01:34:49 hostname-txyuq.foreman.pxe kernel: pcpu-alloc: [2] 184 [2] 185 [2] 186 [2] 187 
Sep 07 01:34:49 hostname-txyuq.foreman.pxe kernel: pcpu-alloc: [2] 188 [2] 189 [2] 190 [2] 191 
Sep 07 01:34:49 hostname-txyuq.foreman.pxe kernel: pcpu-alloc: [2] 192 [2] 193 [2] 194 [2] 195 
Sep 07 01:34:49 hostname-txyuq.foreman.pxe kernel: pcpu-alloc: [2] 196 [2] 197 [2] 198 [2] 199 
Sep 07 01:34:49 hostname-txyuq.foreman.pxe kernel: pcpu-alloc: [2] 200 [2] 201 [2] 202 [2] 203 
Sep 07 01:34:49 hostname-txyuq.foreman.pxe kernel: pcpu-alloc: [2] 204 [2] 205 [2] 206 [2] 207 
Sep 07 01:34:49 hostname-txyuq.foreman.pxe kernel: pcpu-alloc: [2] 208 [2] 209 [2] 210 [2] 211 
Sep 07 01:34:49 hostname-txyuq.foreman.pxe kernel: pcpu-alloc: [2] 212 [2] 213 [2] 214 [2] 215 
Sep 07 01:34:49 hostname-txyuq.foreman.pxe kernel: pcpu-alloc: [2] 216 [2] 217 [2] 218 [2] 219 
Sep 07 01:34:49 hostname-txyuq.foreman.pxe kernel: pcpu-alloc: [2] 220 [2] 221 [2] 222 [2] 223 
Sep 07 01:34:49 hostname-txyuq.foreman.pxe kernel: pcpu-alloc: [2] 224 [2] 225 [2] 226 [2] 227 
Sep 07 01:34:49 hostname-txyuq.foreman.pxe kernel: pcpu-alloc: [2] 228 [2] 229 [2] 230 [2] 231 
Sep 07 01:34:49 hostname-txyuq.foreman.pxe kernel: pcpu-alloc: [2] 232 [2] 233 [2] 234 [2] 235 
Sep 07 01:34:49 hostname-txyuq.foreman.pxe kernel: pcpu-alloc: [2] 236 [2] 237 [2] 238 [2] 239 
Sep 07 01:34:49 hostname-txyuq.foreman.pxe kernel: pcpu-alloc: [3] 240 [3] 241 [3] 242 [3] 243 
Sep 07 01:34:49 hostname-txyuq.foreman.pxe kernel: pcpu-alloc: [3] 244 [3] 245 [3] 246 [3] 247 
Sep 07 01:34:49 hostname-txyuq.foreman.pxe kernel: pcpu-alloc: [3] 248 [3] 249 [3] 250 [3] 251 
Sep 07 01:34:49 hostname-txyuq.foreman.pxe kernel: pcpu-alloc: [3] 252 [3] 253 [3] 254 [3] 255 
Sep 07 01:34:49 hostname-txyuq.foreman.pxe kernel: pcpu-alloc: [3] 256 [3] 257 [3] 258 [3] 259 
Sep 07 01:34:49 hostname-txyuq.foreman.pxe kernel: pcpu-alloc: [3] 260 [3] 261 [3] 262 [3] 263 
Sep 07 01:34:49 hostname-txyuq.foreman.pxe kernel: pcpu-alloc: [3] 264 [3] 265 [3] 266 [3] 267 
Sep 07 01:34:49 hostname-txyuq.foreman.pxe kernel: pcpu-alloc: [3] 268 [3] 269 [3] 270 [3] 271 
Sep 07 01:34:49 hostname-txyuq.foreman.pxe kernel: pcpu-alloc: [3] 272 [3] 273 [3] 274 [3] 275 
Sep 07 01:34:49 hostname-txyuq.foreman.pxe kernel: pcpu-alloc: [3] 276 [3] 277 [3] 278 [3] 279 
Sep 07 01:34:49 hostname-txyuq.foreman.pxe kernel: pcpu-alloc: [3] 280 [3] 281 [3] 282 [3] 283 
Sep 07 01:34:49 hostname-txyuq.foreman.pxe kernel: pcpu-alloc: [3] 284 [3] 285 [3] 286 [3] 287 
Sep 07 01:34:49 hostname-txyuq.foreman.pxe kernel: pcpu-alloc: [3] 288 [3] 289 [3] 290 [3] 291 
Sep 07 01:34:49 hostname-txyuq.foreman.pxe kernel: pcpu-alloc: [3] 292 [3] 293 [3] 294 [3] 295 
Sep 07 01:34:49 hostname-txyuq.foreman.pxe kernel: pcpu-alloc: [3] 296 [3] 297 [3] 298 [3] 299 
Sep 07 01:34:49 hostname-txyuq.foreman.pxe kernel: pcpu-alloc: [3] 300 [3] 301 [3] 302 [3] 303 
Sep 07 01:34:49 hostname-txyuq.foreman.pxe kernel: pcpu-alloc: [3] 304 [3] 305 [3] 306 [3] 307 
Sep 07 01:34:49 hostname-txyuq.foreman.pxe kernel: pcpu-alloc: [3] 308 [3] 309 [3] 310 [3] 311 
Sep 07 01:34:49 hostname-txyuq.foreman.pxe kernel: pcpu-alloc: [3] 312 [3] 313 [3] 314 [3] 315 
Sep 07 01:34:49 hostname-txyuq.foreman.pxe kernel: pcpu-alloc: [3] 316 [3] 317 [3] 318 [3] 319 
Sep 07 01:34:49 hostname-txyuq.foreman.pxe kernel: Detected VIPT I-cache on CPU0
Sep 07 01:34:49 hostname-txyuq.foreman.pxe kernel: CPU features: SYS_ID_AA64ISAR1_EL1[31:28]: already set to 0
Sep 07 01:34:49 hostname-txyuq.foreman.pxe kernel: CPU features: SYS_ID_AA64ISAR1_EL1[27:24]: forced to 0
Sep 07 01:34:49 hostname-txyuq.foreman.pxe kernel: CPU features: SYS_ID_AA64ISAR1_EL1[11:8]: already set to 0
Sep 07 01:34:49 hostname-txyuq.foreman.pxe kernel: CPU features: SYS_ID_AA64ISAR1_EL1[7:4]: forced to 0
Sep 07 01:34:49 hostname-txyuq.foreman.pxe kernel: CPU features: SYS_ID_AA64ISAR2_EL1[15:12]: already set to 0
Sep 07 01:34:49 hostname-txyuq.foreman.pxe kernel: CPU features: SYS_ID_AA64ISAR2_EL1[11:8]: already set to 0
Sep 07 01:34:49 hostname-txyuq.foreman.pxe kernel: CPU features: detected: GIC system register CPU interface
Sep 07 01:34:49 hostname-txyuq.foreman.pxe kernel: CPU features: detected: Virtualization Host Extensions
Sep 07 01:34:49 hostname-txyuq.foreman.pxe kernel: CPU features: detected: Hardware dirty bit management
Sep 07 01:34:49 hostname-txyuq.foreman.pxe kernel: CPU features: detected: Spectre-v4
Sep 07 01:34:49 hostname-txyuq.foreman.pxe kernel: CPU features: detected: Hisilicon erratum 162100125
Sep 07 01:34:49 hostname-txyuq.foreman.pxe kernel: alternatives: applying boot alternatives
Sep 07 01:34:49 hostname-txyuq.foreman.pxe kernel: Kernel command line: BOOT_IMAGE=/vmlinuz-6.6.0-72.0.0.76.oe2403sp1.aarch64 root=/dev/mapper/vg_sda-lv_root ro nofb quiet splash=quiet rd.lvm.lv=vg_sda/lv_root rd.lvm.lv=vg_sda/lv_swap cgroup_disable=files apparmor=0 crashkernel=1024M,high smmu.bypassdev=0x1000:0x17 smmu.bypassdev=0x1000:0x15 arm64.nopauth systemd.unified_cgroup_hierarchy=1 cgroup_no_v1=all
Sep 07 01:34:49 hostname-txyuq.foreman.pxe kernel: cgroup: Disabling files control group subsystem
Sep 07 01:34:49 hostname-txyuq.foreman.pxe kernel: Unknown kernel command line parameters "nofb BOOT_IMAGE=/vmlinuz-6.6.0-72.0.0.76.oe2403sp1.aarch64 splash=quiet", will be passed to user space.
Sep 07 01:34:49 hostname-txyuq.foreman.pxe kernel: printk: log_buf_len individual max cpu contribution: 4096 bytes
Sep 07 01:34:49 hostname-txyuq.foreman.pxe kernel: printk: log_buf_len total cpu_extra contributions: 1306624 bytes
Sep 07 01:34:49 hostname-txyuq.foreman.pxe kernel: printk: log_buf_len min size: 1048576 bytes
Sep 07 01:34:49 hostname-txyuq.foreman.pxe kernel: printk: log_buf_len: 4194304 bytes
Sep 07 01:34:49 hostname-txyuq.foreman.pxe kernel: printk: early log buf free: 1016728(96%)
Sep 07 01:34:49 hostname-txyuq.foreman.pxe kernel: Fallback order for Node 0: 0 1 2 3 
Sep 07 01:34:49 hostname-txyuq.foreman.pxe kernel: Fallback order for Node 1: 1 0 2 3 
Sep 07 01:34:49 hostname-txyuq.foreman.pxe kernel: Fallback order for Node 2: 2 3 0 1 
Sep 07 01:34:49 hostname-txyuq.foreman.pxe kernel: Fallback order for Node 3: 3 2 0 1 
Sep 07 01:34:49 hostname-txyuq.foreman.pxe kernel: Built 4 zonelists, mobility grouping on.  Total pages: 528461892
Sep 07 01:34:49 hostname-txyuq.foreman.pxe kernel: Policy zone: Normal
Sep 07 01:34:49 hostname-txyuq.foreman.pxe kernel: mem auto-init: stack:off, heap alloc:off, heap free:off
Sep 07 01:34:49 hostname-txyuq.foreman.pxe kernel: software IO TLB: area num 512.
Sep 07 01:34:49 hostname-txyuq.foreman.pxe kernel: software IO TLB: SWIOTLB bounce buffer size roundup to 128MB
Sep 07 01:34:49 hostname-txyuq.foreman.pxe kernel: software IO TLB: mapped [mem 0x0000000070000000-0x0000000078000000] (128MB)
Sep 07 01:34:49 hostname-txyuq.foreman.pxe kernel: Memory: 2111840976K/2147400704K available (14720K kernel code, 5368K rwdata, 10232K rodata, 5632K init, 10986K bss, 35559728K reserved, 0K cma-reserved)
Sep 07 01:34:49 hostname-txyuq.foreman.pxe kernel: SLUB: HWalign=64, Order=0-3, MinObjects=0, CPUs=320, Nodes=4
Sep 07 01:34:49 hostname-txyuq.foreman.pxe kernel: ftrace: allocating 48263 entries in 189 pages
Sep 07 01:34:49 hostname-txyuq.foreman.pxe kernel: ftrace: allocated 189 pages with 6 groups
Sep 07 01:34:49 hostname-txyuq.foreman.pxe kernel: trace event string verifier disabled
Sep 07 01:34:49 hostname-txyuq.foreman.pxe kernel: rcu: Hierarchical RCU implementation.
Sep 07 01:34:49 hostname-txyuq.foreman.pxe kernel: rcu:         RCU restricting CPUs from NR_CPUS=4096 to nr_cpu_ids=320.
Sep 07 01:34:49 hostname-txyuq.foreman.pxe kernel:         Rude variant of Tasks RCU enabled.
Sep 07 01:34:49 hostname-txyuq.foreman.pxe kernel:         Tracing variant of Tasks RCU enabled.
Sep 07 01:34:49 hostname-txyuq.foreman.pxe kernel: rcu: RCU calculated value of scheduler-enlistment delay is 26 jiffies.
Sep 07 01:34:49 hostname-txyuq.foreman.pxe kernel: rcu: Adjusting geometry for rcu_fanout_leaf=16, nr_cpu_ids=320
Sep 07 01:34:49 hostname-txyuq.foreman.pxe kernel: NR_IRQS: 64, nr_irqs: 64, preallocated irqs: 0
Sep 07 01:34:49 hostname-txyuq.foreman.pxe kernel: GICv3: GIC: Using split EOI/Deactivate mode
Sep 07 01:34:49 hostname-txyuq.foreman.pxe kernel: GICv3: 960 SPIs implemented
Sep 07 01:34:49 hostname-txyuq.foreman.pxe kernel: GICv3: 0 Extended SPIs implemented
Sep 07 01:34:49 hostname-txyuq.foreman.pxe kernel: Root IRQ handler: gic_handle_irq
Sep 07 01:34:49 hostname-txyuq.foreman.pxe kernel: GICv3: GICv3 features: 16 PPIs, DirectLPI
Sep 07 01:34:49 hostname-txyuq.foreman.pxe kernel: GICv3: GICv4 features: DirectLPI 
Sep 07 01:34:49 hostname-txyuq.foreman.pxe kernel: GICv3: CPU0: found redistributor 300000000 region 0:0x000000c640100000
Sep 07 01:34:49 hostname-txyuq.foreman.pxe kernel: SRAT: PXM 0 -> ITS 0 -> Node 0
Sep 07 01:34:49 hostname-txyuq.foreman.pxe kernel: SRAT: PXM 1 -> ITS 1 -> Node 1
Sep 07 01:34:49 hostname-txyuq.foreman.pxe kernel: SRAT: PXM 2 -> ITS 2 -> Node 2
Sep 07 01:34:49 hostname-txyuq.foreman.pxe kernel: SRAT: PXM 3 -> ITS 3 -> Node 3
Sep 07 01:34:49 hostname-txyuq.foreman.pxe kernel: ITS [mem 0xc660000000-0xc66001ffff]
Sep 07 01:34:49 hostname-txyuq.foreman.pxe kernel: GIC: enabling workaround for ITS: Hip09 erratum 162100801
Sep 07 01:34:49 hostname-txyuq.foreman.pxe kernel: ITS@0x000000c660000000: Using ITS number 0
Sep 07 01:34:49 hostname-txyuq.foreman.pxe kernel: ITS@0x000000c660000000: allocated 65536 Devices @90010b80000 (flat, esz 8, psz 16K, shr 1)
Sep 07 01:34:49 hostname-txyuq.foreman.pxe kernel: ITS@0x000000c660000000: allocated 512 Interrupt Collections @90010b14000 (flat, esz 16, psz 4K, shr 1)
Sep 07 01:34:49 hostname-txyuq.foreman.pxe kernel: ITS@0x000000c660000000: Virtual CPUs too large, reduce ITS pages 512->256
Sep 07 01:34:49 hostname-txyuq.foreman.pxe kernel: ITS@0x000000c660000000: allocated 32768 Virtual CPUs @90010c00000 (flat, esz 32, psz 4K, shr 1)
Sep 07 01:34:49 hostname-txyuq.foreman.pxe kernel: ITS [mem 0x4660000000-0x466001ffff]
Sep 07 01:34:49 hostname-txyuq.foreman.pxe kernel: GIC: enabling workaround for ITS: Hip09 erratum 162100801
Sep 07 01:34:49 hostname-txyuq.foreman.pxe kernel: ITS@0x0000004660000000: Using ITS number 1
Sep 07 01:34:49 hostname-txyuq.foreman.pxe kernel: ITS@0x0000004660000000: allocated 65536 Devices @88080180000 (flat, esz 8, psz 16K, shr 1)
Sep 07 01:34:49 hostname-txyuq.foreman.pxe kernel: ITS@0x0000004660000000: allocated 512 Interrupt Collections @88080148000 (flat, esz 16, psz 4K, shr 1)
Sep 07 01:34:49 hostname-txyuq.foreman.pxe kernel: ITS@0x0000004660000000: Virtual CPUs too large, reduce ITS pages 512->256
Sep 07 01:34:49 hostname-txyuq.foreman.pxe kernel: ITS@0x0000004660000000: allocated 32768 Virtual CPUs @88080200000 (flat, esz 32, psz 4K, shr 1)
Sep 07 01:34:49 hostname-txyuq.foreman.pxe kernel: ITS [mem 0x20c660000000-0x20c66001ffff]
Sep 07 01:34:49 hostname-txyuq.foreman.pxe kernel: GIC: enabling workaround for ITS: Hip09 erratum 162100801
Sep 07 01:34:49 hostname-txyuq.foreman.pxe kernel: ITS@0x000020c660000000: Using ITS number 2
Sep 07 01:34:49 hostname-txyuq.foreman.pxe kernel: ITS@0x000020c660000000: allocated 65536 Devices @290000180000 (flat, esz 8, psz 16K, shr 1)
Sep 07 01:34:49 hostname-txyuq.foreman.pxe kernel: ITS@0x000020c660000000: allocated 512 Interrupt Collections @290000148000 (flat, esz 16, psz 4K, shr 1)
Sep 07 01:34:49 hostname-txyuq.foreman.pxe kernel: ITS@0x000020c660000000: Virtual CPUs too large, reduce ITS pages 512->256
Sep 07 01:34:49 hostname-txyuq.foreman.pxe kernel: ITS@0x000020c660000000: allocated 32768 Virtual CPUs @290000200000 (flat, esz 32, psz 4K, shr 1)
Sep 07 01:34:49 hostname-txyuq.foreman.pxe kernel: ITS [mem 0x204660000000-0x20466001ffff]
Sep 07 01:34:49 hostname-txyuq.foreman.pxe kernel: GIC: enabling workaround for ITS: Hip09 erratum 162100801
Sep 07 01:34:49 hostname-txyuq.foreman.pxe kernel: ITS@0x0000204660000000: Using ITS number 3
Sep 07 01:34:49 hostname-txyuq.foreman.pxe kernel: ITS@0x0000204660000000: allocated 65536 Devices @288000180000 (flat, esz 8, psz 16K, shr 1)
Sep 07 01:34:49 hostname-txyuq.foreman.pxe kernel: ITS@0x0000204660000000: allocated 512 Interrupt Collections @288000148000 (flat, esz 16, psz 4K, shr 1)
Sep 07 01:34:49 hostname-txyuq.foreman.pxe kernel: ITS@0x0000204660000000: Virtual CPUs too large, reduce ITS pages 512->256
Sep 07 01:34:49 hostname-txyuq.foreman.pxe kernel: ITS@0x0000204660000000: allocated 32768 Virtual CPUs @288000200000 (flat, esz 32, psz 4K, shr 1)
Sep 07 01:34:49 hostname-txyuq.foreman.pxe kernel: GICv3: using LPI property table @0x0000090010b40000
Sep 07 01:34:49 hostname-txyuq.foreman.pxe kernel: ITS: Using DirectLPI for VPE invalidation
Sep 07 01:34:49 hostname-txyuq.foreman.pxe kernel: ITS: Enabling GICv4 support
Sep 07 01:34:49 hostname-txyuq.foreman.pxe kernel: GICv3: CPU0: using allocated LPI pending table @0x0000090010b50000
Sep 07 01:34:49 hostname-txyuq.foreman.pxe kernel: rcu: srcu_init: Setting srcu_struct sizes to big.
Sep 07 01:34:49 hostname-txyuq.foreman.pxe kernel: arch_timer: cp15 timer(s) running at 100.00MHz (phys).
Sep 07 01:34:49 hostname-txyuq.foreman.pxe kernel: clocksource: arch_sys_counter: mask: 0x1ffffffffffffff max_cycles: 0x171024e7e0, max_idle_ns: 440795205315 ns
Sep 07 01:34:49 hostname-txyuq.foreman.pxe kernel: sched_clock: 57 bits at 100MHz, resolution 10ns, wraps every 4398046511100ns
Sep 07 01:34:49 hostname-txyuq.foreman.pxe kernel: Console: colour dummy device 80x25
Sep 07 01:34:49 hostname-txyuq.foreman.pxe kernel: mempolicy: Enabling automatic NUMA balancing. Configure with numa_balancing= or the kernel.numa_balancing sysctl
Sep 07 01:34:49 hostname-txyuq.foreman.pxe kernel: ACPI: Core revision 20230628
Sep 07 01:34:49 hostname-txyuq.foreman.pxe kernel: Calibrating delay loop (skipped), value calculated using timer frequency.. 200.00 BogoMIPS (lpj=400000)
Sep 07 01:34:49 hostname-txyuq.foreman.pxe kernel: pid_max: default: 327680 minimum: 2560
Sep 07 01:34:49 hostname-txyuq.foreman.pxe kernel: LSM: initializing lsm=lockdown,capability,yama,selinux,bpf,integrity
Sep 07 01:34:49 hostname-txyuq.foreman.pxe kernel: Yama: becoming mindful.
Sep 07 01:34:49 hostname-txyuq.foreman.pxe kernel: SELinux:  Initializing.
Sep 07 01:34:49 hostname-txyuq.foreman.pxe kernel: LSM support for eBPF active
Sep 07 01:34:49 hostname-txyuq.foreman.pxe kernel: Dentry cache hash table entries: 33554432 (order: 16, 268435456 bytes, vmalloc hugepage)
Sep 07 01:34:49 hostname-txyuq.foreman.pxe kernel: Inode-cache hash table entries: 16777216 (order: 15, 134217728 bytes, vmalloc hugepage)
Sep 07 01:34:49 hostname-txyuq.foreman.pxe kernel: Mount-cache hash table entries: 524288 (order: 10, 4194304 bytes, vmalloc)
Sep 07 01:34:49 hostname-txyuq.foreman.pxe kernel: Mountpoint-cache hash table entries: 524288 (order: 10, 4194304 bytes, vmalloc)
Sep 07 01:34:49 hostname-txyuq.foreman.pxe kernel: cgroup: Disabling cpuset control group subsystem in v1 mounts
Sep 07 01:34:49 hostname-txyuq.foreman.pxe kernel: cgroup: Disabling cpu control group subsystem in v1 mounts
Sep 07 01:34:49 hostname-txyuq.foreman.pxe kernel: cgroup: Disabling cpuacct control group subsystem in v1 mounts
Sep 07 01:34:49 hostname-txyuq.foreman.pxe kernel: cgroup: Disabling blkio control group subsystem in v1 mounts
Sep 07 01:34:49 hostname-txyuq.foreman.pxe kernel: cgroup: Disabling memory control group subsystem in v1 mounts
Sep 07 01:34:49 hostname-txyuq.foreman.pxe kernel: cgroup: Disabling devices control group subsystem in v1 mounts
Sep 07 01:34:49 hostname-txyuq.foreman.pxe kernel: cgroup: Disabling freezer control group subsystem in v1 mounts
Sep 07 01:34:49 hostname-txyuq.foreman.pxe kernel: cgroup: Disabling net_cls control group subsystem in v1 mounts
Sep 07 01:34:49 hostname-txyuq.foreman.pxe kernel: cgroup: Disabling perf_event control group subsystem in v1 mounts
Sep 07 01:34:49 hostname-txyuq.foreman.pxe kernel: cgroup: Disabling net_prio control group subsystem in v1 mounts
Sep 07 01:34:49 hostname-txyuq.foreman.pxe kernel: cgroup: Disabling hugetlb control group subsystem in v1 mounts
Sep 07 01:34:49 hostname-txyuq.foreman.pxe kernel: cgroup: Disabling pids control group subsystem in v1 mounts
Sep 07 01:34:49 hostname-txyuq.foreman.pxe kernel: cgroup: Disabling rdma control group subsystem in v1 mounts
Sep 07 01:34:49 hostname-txyuq.foreman.pxe kernel: cgroup: Disabling misc control group subsystem in v1 mounts
Sep 07 01:34:49 hostname-txyuq.foreman.pxe kernel: RCU Tasks Rude: Setting shift to 9 and lim to 1 rcu_task_cb_adjust=1 rcu_task_cpu_ids=320.
Sep 07 01:34:49 hostname-txyuq.foreman.pxe kernel: RCU Tasks Trace: Setting shift to 9 and lim to 1 rcu_task_cb_adjust=1 rcu_task_cpu_ids=320.
Sep 07 01:34:49 hostname-txyuq.foreman.pxe kernel: rcu: Hierarchical SRCU implementation.
Sep 07 01:34:49 hostname-txyuq.foreman.pxe kernel: rcu:         Max phase no-delay instances is 1000.
Sep 07 01:34:49 hostname-txyuq.foreman.pxe kernel: Platform MSI: ITS@0xc660000000 domain created
Sep 07 01:34:49 hostname-txyuq.foreman.pxe kernel: Platform MSI: ITS@0x4660000000 domain created
Sep 07 01:34:49 hostname-txyuq.foreman.pxe kernel: Platform MSI: ITS@0x20c660000000 domain created
Sep 07 01:34:49 hostname-txyuq.foreman.pxe kernel: Platform MSI: ITS@0x204660000000 domain created
Sep 07 01:34:49 hostname-txyuq.foreman.pxe kernel: PCI/MSI: ITS@0xc660000000 domain created
Sep 07 01:34:49 hostname-txyuq.foreman.pxe kernel: PCI/MSI: ITS@0x4660000000 domain created
Sep 07 01:34:49 hostname-txyuq.foreman.pxe kernel: PCI/MSI: ITS@0x20c660000000 domain created
Sep 07 01:34:49 hostname-txyuq.foreman.pxe kernel: PCI/MSI: ITS@0x204660000000 domain created
Sep 07 01:34:49 hostname-txyuq.foreman.pxe kernel: Remapping and enabling EFI services.
Sep 07 01:34:49 hostname-txyuq.foreman.pxe kernel: smp: Bringing up secondary CPUs ...
Sep 07 01:34:49 hostname-txyuq.foreman.pxe kernel: Detected VIPT I-cache on CPU1
Sep 07 01:34:49 hostname-txyuq.foreman.pxe kernel: GICv3: CPU1: found redistributor 300000001 region 1:0x000000c640140000
Sep 07 01:34:49 hostname-txyuq.foreman.pxe kernel: GICv3: CPU1: using allocated LPI pending table @0x0000090010b60000
Sep 07 01:34:49 hostname-txyuq.foreman.pxe kernel: CPU1: Booted secondary processor 0x0300000001 [0x480fd020]
Sep 07 01:34:49 hostname-txyuq.foreman.pxe kernel: Detected VIPT I-cache on CPU2
Sep 07 01:34:49 hostname-txyuq.foreman.pxe kernel: GICv3: CPU2: found redistributor 300000100 region 2:0x000000c640180000
Sep 07 01:34:49 hostname-txyuq.foreman.pxe kernel: GICv3: CPU2: using allocated LPI pending table @0x0000090010b70000
Sep 07 01:34:49 hostname-txyuq.foreman.pxe kernel: CPU2: Booted secondary processor 0x0300000100 [0x480fd020]
Sep 07 01:34:49 hostname-txyuq.foreman.pxe kernel: Detected VIPT I-cache on CPU3
Sep 07 01:34:49 hostname-txyuq.foreman.pxe kernel: GICv3: CPU3: found redistributor 300000101 region 3:0x000000c6401c0000
Sep 07 01:34:49 hostname-txyuq.foreman.pxe kernel: GICv3: CPU3: using allocated LPI pending table @0x0000090010d00000
Sep 07 01:34:49 hostname-txyuq.foreman.pxe kernel: CPU3: Booted secondary processor 0x0300000101 [0x480fd020]
Sep 07 01:34:49 hostname-txyuq.foreman.pxe kernel: Detected VIPT I-cache on CPU4
Sep 07 01:34:49 hostname-txyuq.foreman.pxe kernel: GICv3: CPU4: found redistributor 300000200 region 4:0x000000c640200000
Sep 07 01:34:49 hostname-txyuq.foreman.pxe kernel: GICv3: CPU4: using allocated LPI pending table @0x0000090010d10000
Sep 07 01:34:49 hostname-txyuq.foreman.pxe kernel: CPU4: Booted secondary processor 0x0300000200 [0x480fd020]
Sep 07 01:34:49 hostname-txyuq.foreman.pxe kernel: Detected VIPT I-cache on CPU5
Sep 07 01:34:49 hostname-txyuq.foreman.pxe kernel: GICv3: CPU5: found redistributor 300000201 region 5:0x000000c640240000
Sep 07 01:34:49 hostname-txyuq.foreman.pxe kernel: GICv3: CPU5: using allocated LPI pending table @0x0000090010d20000
Sep 07 01:34:49 hostname-txyuq.foreman.pxe kernel: CPU5: Booted secondary processor 0x0300000201 [0x480fd020]
Sep 07 01:34:49 hostname-txyuq.foreman.pxe kernel: Detected VIPT I-cache on CPU6
Sep 07 01:34:49 hostname-txyuq.foreman.pxe kernel: GICv3: CPU6: found redistributor 300000300 region 6:0x000000c640280000
Sep 07 01:34:49 hostname-txyuq.foreman.pxe kernel: GICv3: CPU6: using allocated LPI pending table @0x0000090010d30000
Sep 07 01:34:49 hostname-txyuq.foreman.pxe kernel: CPU6: Booted secondary processor 0x0300000300 [0x480fd020]
Sep 07 01:34:49 hostname-txyuq.foreman.pxe kernel: Detected VIPT I-cache on CPU7
Sep 07 01:34:49 hostname-txyuq.foreman.pxe kernel: GICv3: CPU7: found redistributor 300000301 region 7:0x000000c6402c0000
Sep 07 01:34:49 hostname-txyuq.foreman.pxe kernel: GICv3: CPU7: using allocated LPI pending table @0x0000090010d40000
Sep 07 01:34:49 hostname-txyuq.foreman.pxe kernel: CPU7: Booted secondary processor 0x0300000301 [0x480fd020]
Sep 07 01:34:49 hostname-txyuq.foreman.pxe kernel: Detected VIPT I-cache on CPU8
Sep 07 01:34:49 hostname-txyuq.foreman.pxe kernel: GICv3: CPU8: found redistributor 300010000 region 8:0x000000c640300000
Sep 07 01:34:49 hostname-txyuq.foreman.pxe kernel: GICv3: CPU8: using allocated LPI pending table @0x0000090010d50000
Sep 07 01:34:49 hostname-txyuq.foreman.pxe kernel: CPU8: Booted secondary processor 0x0300010000 [0x480fd020]
Sep 07 01:34:49 hostname-txyuq.foreman.pxe kernel: Detected VIPT I-cache on CPU9
Sep 07 01:34:49 hostname-txyuq.foreman.pxe kernel: GICv3: CPU9: found redistributor 300010001 region 9:0x000000c640340000
Sep 07 01:34:49 hostname-txyuq.foreman.pxe kernel: GICv3: CPU9: using allocated LPI pending table @0x0000090010d60000
Sep 07 01:34:49 hostname-txyuq.foreman.pxe kernel: CPU9: Booted secondary processor 0x0300010001 [0x480fd020]
Sep 07 01:34:49 hostname-txyuq.foreman.pxe kernel: Detected VIPT I-cache on CPU10
Sep 07 01:34:49 hostname-txyuq.foreman.pxe kernel: GICv3: CPU10: found redistributor 300010100 region 10:0x000000c640380000
Sep 07 01:34:49 hostname-txyuq.foreman.pxe kernel: GICv3: CPU10: using allocated LPI pending table @0x0000090010d70000
Sep 07 01:34:49 hostname-txyuq.foreman.pxe kernel: CPU10: Booted secondary processor 0x0300010100 [0x480fd020]
Sep 07 01:34:49 hostname-txyuq.foreman.pxe kernel: Detected VIPT I-cache on CPU11
Sep 07 01:34:49 hostname-txyuq.foreman.pxe kernel: GICv3: CPU11: found redistributor 300010101 region 11:0x000000c6403c0000
Sep 07 01:34:49 hostname-txyuq.foreman.pxe kernel: GICv3: CPU11: using allocated LPI pending table @0x0000090010d80000
Sep 07 01:34:49 hostname-txyuq.foreman.pxe kernel: CPU11: Booted secondary processor 0x0300010101 [0x480fd020]
Sep 07 01:34:49 hostname-txyuq.foreman.pxe kernel: Detected VIPT I-cache on CPU12
Sep 07 01:34:49 hostname-txyuq.foreman.pxe kernel: GICv3: CPU12: found redistributor 300010200 region 12:0x000000c640400000
Sep 07 01:34:49 hostname-txyuq.foreman.pxe kernel: GICv3: CPU12: using allocated LPI pending table @0x0000090010d90000
Sep 07 01:34:49 hostname-txyuq.foreman.pxe kernel: CPU12: Booted secondary processor 0x0300010200 [0x480fd020]
Sep 07 01:34:49 hostname-txyuq.foreman.pxe kernel: Detected VIPT I-cache on CPU13
Sep 07 01:34:49 hostname-txyuq.foreman.pxe kernel: GICv3: CPU13: found redistributor 300010201 region 13:0x000000c640440000
Sep 07 01:34:49 hostname-txyuq.foreman.pxe kernel: GICv3: CPU13: using allocated LPI pending table @0x0000090010da0000
Sep 07 01:34:49 hostname-txyuq.foreman.pxe kernel: CPU13: Booted secondary processor 0x0300010201 [0x480fd020]
Sep 07 01:34:49 hostname-txyuq.foreman.pxe kernel: Detected VIPT I-cache on CPU14
Sep 07 01:34:49 hostname-txyuq.foreman.pxe kernel: GICv3: CPU14: found redistributor 300010300 region 14:0x000000c640480000
Sep 07 01:34:49 hostname-txyuq.foreman.pxe kernel: GICv3: CPU14: using allocated LPI pending table @0x0000090010db0000
Sep 07 01:34:49 hostname-txyuq.foreman.pxe kernel: CPU14: Booted secondary processor 0x0300010300 [0x480fd020]
Sep 07 01:34:49 hostname-txyuq.foreman.pxe kernel: Detected VIPT I-cache on CPU15
Sep 07 01:34:49 hostname-txyuq.foreman.pxe kernel: GICv3: CPU15: found redistributor 300010301 region 15:0x000000c6404c0000
Sep 07 01:34:49 hostname-txyuq.foreman.pxe kernel: GICv3: CPU15: using allocated LPI pending table @0x0000090010dc0000
Sep 07 01:34:49 hostname-txyuq.foreman.pxe kernel: CPU15: Booted secondary processor 0x0300010301 [0x480fd020]
Sep 07 01:34:49 hostname-txyuq.foreman.pxe kernel: Detected VIPT I-cache on CPU16
Sep 07 01:34:49 hostname-txyuq.foreman.pxe kernel: GICv3: CPU16: found redistributor 300020000 region 16:0x000000c640500000
Sep 07 01:34:49 hostname-txyuq.foreman.pxe kernel: GICv3: CPU16: using allocated LPI pending table @0x0000090010dd0000
Sep 07 01:34:49 hostname-txyuq.foreman.pxe kernel: CPU16: Booted secondary processor 0x0300020000 [0x480fd020]
Sep 07 01:34:49 hostname-txyuq.foreman.pxe kernel: Detected VIPT I-cache on CPU17
Sep 07 01:34:49 hostname-txyuq.foreman.pxe kernel: GICv3: CPU17: found redistributor 300020001 region 17:0x000000c640540000
Sep 07 01:34:49 hostname-txyuq.foreman.pxe kernel: GICv3: CPU17: using allocated LPI pending table @0x0000090010de0000
Sep 07 01:34:49 hostname-txyuq.foreman.pxe kernel: CPU17: Booted secondary processor 0x0300020001 [0x480fd020]
Sep 07 01:34:49 hostname-txyuq.foreman.pxe kernel: Detected VIPT I-cache on CPU18
Sep 07 01:34:49 hostname-txyuq.foreman.pxe kernel: GICv3: CPU18: found redistributor 300020100 region 18:0x000000c640580000
Sep 07 01:34:49 hostname-txyuq.foreman.pxe kernel: GICv3: CPU18: using allocated LPI pending table @0x0000090010df0000
Sep 07 01:34:49 hostname-txyuq.foreman.pxe kernel: CPU18: Booted secondary processor 0x0300020100 [0x480fd020]
Sep 07 01:34:49 hostname-txyuq.foreman.pxe kernel: Detected VIPT I-cache on CPU19
Sep 07 01:34:49 hostname-txyuq.foreman.pxe kernel: GICv3: CPU19: found redistributor 300020101 region 19:0x000000c6405c0000
Sep 07 01:34:49 hostname-txyuq.foreman.pxe kernel: GICv3: CPU19: using allocated LPI pending table @0x0000090010e00000
Sep 07 01:34:49 hostname-txyuq.foreman.pxe kernel: CPU19: Booted secondary processor 0x0300020101 [0x480fd020]
Sep 07 01:34:49 hostname-txyuq.foreman.pxe kernel: Detected VIPT I-cache on CPU20
Sep 07 01:34:49 hostname-txyuq.foreman.pxe kernel: GICv3: CPU20: found redistributor 300020200 region 20:0x000000c640600000
Sep 07 01:34:49 hostname-txyuq.foreman.pxe kernel: GICv3: CPU20: using allocated LPI pending table @0x0000090010e10000
Sep 07 01:34:49 hostname-txyuq.foreman.pxe kernel: CPU20: Booted secondary processor 0x0300020200 [0x480fd020]
Sep 07 01:34:49 hostname-txyuq.foreman.pxe kernel: Detected VIPT I-cache on CPU21
Sep 07 01:34:49 hostname-txyuq.foreman.pxe kernel: GICv3: CPU21: found redistributor 300020201 region 21:0x000000c640640000
Sep 07 01:34:49 hostname-txyuq.foreman.pxe kernel: GICv3: CPU21: using allocated LPI pending table @0x0000090010e20000
Sep 07 01:34:49 hostname-txyuq.foreman.pxe kernel: CPU21: Booted secondary processor 0x0300020201 [0x480fd020]
Sep 07 01:34:49 hostname-txyuq.foreman.pxe kernel: Detected VIPT I-cache on CPU22
Sep 07 01:34:49 hostname-txyuq.foreman.pxe kernel: GICv3: CPU22: found redistributor 300020300 region 22:0x000000c640680000
Sep 07 01:34:49 hostname-txyuq.foreman.pxe kernel: GICv3: CPU22: using allocated LPI pending table @0x0000090010e30000
Sep 07 01:34:49 hostname-txyuq.foreman.pxe kernel: CPU22: Booted secondary processor 0x0300020300 [0x480fd020]
Sep 07 01:34:49 hostname-txyuq.foreman.pxe kernel: Detected VIPT I-cache on CPU23
Sep 07 01:34:49 hostname-txyuq.foreman.pxe kernel: GICv3: CPU23: found redistributor 300020301 region 23:0x000000c6406c0000
Sep 07 01:34:49 hostname-txyuq.foreman.pxe kernel: GICv3: CPU23: using allocated LPI pending table @0x0000090010e40000
Sep 07 01:34:49 hostname-txyuq.foreman.pxe kernel: CPU23: Booted secondary processor 0x0300020301 [0x480fd020]
Sep 07 01:34:49 hostname-txyuq.foreman.pxe kernel: Detected VIPT I-cache on CPU24
Sep 07 01:34:49 hostname-txyuq.foreman.pxe kernel: GICv3: CPU24: found redistributor 300030000 region 24:0x000000c640700000
Sep 07 01:34:49 hostname-txyuq.foreman.pxe kernel: GICv3: CPU24: using allocated LPI pending table @0x0000090010e50000
Sep 07 01:34:49 hostname-txyuq.foreman.pxe kernel: CPU24: Booted secondary processor 0x0300030000 [0x480fd020]
Sep 07 01:34:49 hostname-txyuq.foreman.pxe kernel: Detected VIPT I-cache on CPU25
Sep 07 01:34:49 hostname-txyuq.foreman.pxe kernel: GICv3: CPU25: found redistributor 300030001 region 25:0x000000c640740000
Sep 07 01:34:49 hostname-txyuq.foreman.pxe kernel: GICv3: CPU25: using allocated LPI pending table @0x0000090010e60000
Sep 07 01:34:49 hostname-txyuq.foreman.pxe kernel: CPU25: Booted secondary processor 0x0300030001 [0x480fd020]
Sep 07 01:34:49 hostname-txyuq.foreman.pxe kernel: Detected VIPT I-cache on CPU26
Sep 07 01:34:49 hostname-txyuq.foreman.pxe kernel: GICv3: CPU26: found redistributor 300030100 region 26:0x000000c640780000
Sep 07 01:34:49 hostname-txyuq.foreman.pxe kernel: GICv3: CPU26: using allocated LPI pending table @0x0000090010e70000
Sep 07 01:34:49 hostname-txyuq.foreman.pxe kernel: CPU26: Booted secondary processor 0x0300030100 [0x480fd020]
Sep 07 01:34:49 hostname-txyuq.foreman.pxe kernel: Detected VIPT I-cache on CPU27
Sep 07 01:34:49 hostname-txyuq.foreman.pxe kernel: GICv3: CPU27: found redistributor 300030101 region 27:0x000000c6407c0000
Sep 07 01:34:49 hostname-txyuq.foreman.pxe kernel: GICv3: CPU27: using allocated LPI pending table @0x0000090010e80000
Sep 07 01:34:49 hostname-txyuq.foreman.pxe kernel: CPU27: Booted secondary processor 0x0300030101 [0x480fd020]
Sep 07 01:34:49 hostname-txyuq.foreman.pxe kernel: Detected VIPT I-cache on CPU28
Sep 07 01:34:49 hostname-txyuq.foreman.pxe kernel: GICv3: CPU28: found redistributor 300030200 region 28:0x000000c640800000
Sep 07 01:34:49 hostname-txyuq.foreman.pxe kernel: GICv3: CPU28: using allocated LPI pending table @0x0000090010e90000
Sep 07 01:34:49 hostname-txyuq.foreman.pxe kernel: CPU28: Booted secondary processor 0x0300030200 [0x480fd020]
Sep 07 01:34:49 hostname-txyuq.foreman.pxe kernel: Detected VIPT I-cache on CPU29
Sep 07 01:34:49 hostname-txyuq.foreman.pxe kernel: GICv3: CPU29: found redistributor 300030201 region 29:0x000000c640840000
Sep 07 01:34:49 hostname-txyuq.foreman.pxe kernel: GICv3: CPU29: using allocated LPI pending table @0x0000090010ea0000
Sep 07 01:34:49 hostname-txyuq.foreman.pxe kernel: CPU29: Booted secondary processor 0x0300030201 [0x480fd020]
Sep 07 01:34:49 hostname-txyuq.foreman.pxe kernel: Detected VIPT I-cache on CPU30
Sep 07 01:34:49 hostname-txyuq.foreman.pxe kernel: GICv3: CPU30: found redistributor 300030300 region 30:0x000000c640880000
Sep 07 01:34:49 hostname-txyuq.foreman.pxe kernel: GICv3: CPU30: using allocated LPI pending table @0x0000090010eb0000
Sep 07 01:34:49 hostname-txyuq.foreman.pxe kernel: CPU30: Booted secondary processor 0x0300030300 [0x480fd020]
Sep 07 01:34:49 hostname-txyuq.foreman.pxe kernel: Detected VIPT I-cache on CPU31
Sep 07 01:34:49 hostname-txyuq.foreman.pxe kernel: GICv3: CPU31: found redistributor 300030301 region 31:0x000000c6408c0000
Sep 07 01:34:49 hostname-txyuq.foreman.pxe kernel: GICv3: CPU31: using allocated LPI pending table @0x0000090010ec0000
Sep 07 01:34:49 hostname-txyuq.foreman.pxe kernel: CPU31: Booted secondary processor 0x0300030301 [0x480fd020]
Sep 07 01:34:49 hostname-txyuq.foreman.pxe kernel: Detected VIPT I-cache on CPU32
Sep 07 01:34:49 hostname-txyuq.foreman.pxe kernel: GICv3: CPU32: found redistributor 300040000 region 32:0x000000c640900000
Sep 07 01:34:49 hostname-txyuq.foreman.pxe kernel: GICv3: CPU32: using allocated LPI pending table @0x0000090010ed0000
Sep 07 01:34:49 hostname-txyuq.foreman.pxe kernel: CPU32: Booted secondary processor 0x0300040000 [0x480fd020]
Sep 07 01:34:49 hostname-txyuq.foreman.pxe kernel: Detected VIPT I-cache on CPU33
Sep 07 01:34:49 hostname-txyuq.foreman.pxe kernel: GICv3: CPU33: found redistributor 300040001 region 33:0x000000c640940000
Sep 07 01:34:49 hostname-txyuq.foreman.pxe kernel: GICv3: CPU33: using allocated LPI pending table @0x0000090010ee0000
Sep 07 01:34:49 hostname-txyuq.foreman.pxe kernel: CPU33: Booted secondary processor 0x0300040001 [0x480fd020]
Sep 07 01:34:49 hostname-txyuq.foreman.pxe kernel: Detected VIPT I-cache on CPU34
Sep 07 01:34:49 hostname-txyuq.foreman.pxe kernel: GICv3: CPU34: found redistributor 300040100 region 34:0x000000c640980000
Sep 07 01:34:49 hostname-txyuq.foreman.pxe kernel: GICv3: CPU34: using allocated LPI pending table @0x0000090010ef0000
Sep 07 01:34:49 hostname-txyuq.foreman.pxe kernel: CPU34: Booted secondary processor 0x0300040100 [0x480fd020]
Sep 07 01:34:49 hostname-txyuq.foreman.pxe kernel: Detected VIPT I-cache on CPU35
Sep 07 01:34:49 hostname-txyuq.foreman.pxe kernel: GICv3: CPU35: found redistributor 300040101 region 35:0x000000c6409c0000
Sep 07 01:34:49 hostname-txyuq.foreman.pxe kernel: GICv3: CPU35: using allocated LPI pending table @0x0000090010f00000
Sep 07 01:34:49 hostname-txyuq.foreman.pxe kernel: CPU35: Booted secondary processor 0x0300040101 [0x480fd020]
Sep 07 01:34:49 hostname-txyuq.foreman.pxe kernel: Detected VIPT I-cache on CPU36
Sep 07 01:34:49 hostname-txyuq.foreman.pxe kernel: GICv3: CPU36: found redistributor 300040200 region 36:0x000000c640a00000
Sep 07 01:34:49 hostname-txyuq.foreman.pxe kernel: GICv3: CPU36: using allocated LPI pending table @0x0000090010f10000
Sep 07 01:34:49 hostname-txyuq.foreman.pxe kernel: CPU36: Booted secondary processor 0x0300040200 [0x480fd020]
Sep 07 01:34:49 hostname-txyuq.foreman.pxe kernel: Detected VIPT I-cache on CPU37
Sep 07 01:34:49 hostname-txyuq.foreman.pxe kernel: GICv3: CPU37: found redistributor 300040201 region 37:0x000000c640a40000
Sep 07 01:34:49 hostname-txyuq.foreman.pxe kernel: GICv3: CPU37: using allocated LPI pending table @0x0000090010f20000
Sep 07 01:34:49 hostname-txyuq.foreman.pxe kernel: CPU37: Booted secondary processor 0x0300040201 [0x480fd020]
Sep 07 01:34:49 hostname-txyuq.foreman.pxe kernel: Detected VIPT I-cache on CPU38
Sep 07 01:34:49 hostname-txyuq.foreman.pxe kernel: GICv3: CPU38: found redistributor 300040300 region 38:0x000000c640a80000
Sep 07 01:34:49 hostname-txyuq.foreman.pxe kernel: GICv3: CPU38: using allocated LPI pending table @0x0000090010f30000
Sep 07 01:34:49 hostname-txyuq.foreman.pxe kernel: CPU38: Booted secondary processor 0x0300040300 [0x480fd020]
Sep 07 01:34:49 hostname-txyuq.foreman.pxe kernel: Detected VIPT I-cache on CPU39
Sep 07 01:34:49 hostname-txyuq.foreman.pxe kernel: GICv3: CPU39: found redistributor 300040301 region 39:0x000000c640ac0000
Sep 07 01:34:49 hostname-txyuq.foreman.pxe kernel: GICv3: CPU39: using allocated LPI pending table @0x0000090010f40000
Sep 07 01:34:49 hostname-txyuq.foreman.pxe kernel: CPU39: Booted secondary processor 0x0300040301 [0x480fd020]
Sep 07 01:34:49 hostname-txyuq.foreman.pxe kernel: Detected VIPT I-cache on CPU40
Sep 07 01:34:49 hostname-txyuq.foreman.pxe kernel: GICv3: CPU40: found redistributor 300050000 region 40:0x000000c640b00000
Sep 07 01:34:49 hostname-txyuq.foreman.pxe kernel: GICv3: CPU40: using allocated LPI pending table @0x0000090010f50000
Sep 07 01:34:49 hostname-txyuq.foreman.pxe kernel: CPU40: Booted secondary processor 0x0300050000 [0x480fd020]
Sep 07 01:34:49 hostname-txyuq.foreman.pxe kernel: Detected VIPT I-cache on CPU41
Sep 07 01:34:49 hostname-txyuq.foreman.pxe kernel: GICv3: CPU41: found redistributor 300050001 region 41:0x000000c640b40000
Sep 07 01:34:49 hostname-txyuq.foreman.pxe kernel: GICv3: CPU41: using allocated LPI pending table @0x0000090010f60000
Sep 07 01:34:49 hostname-txyuq.foreman.pxe kernel: CPU41: Booted secondary processor 0x0300050001 [0x480fd020]
Sep 07 01:34:49 hostname-txyuq.foreman.pxe kernel: Detected VIPT I-cache on CPU42
Sep 07 01:34:49 hostname-txyuq.foreman.pxe kernel: GICv3: CPU42: found redistributor 300050100 region 42:0x000000c640b80000
Sep 07 01:34:49 hostname-txyuq.foreman.pxe kernel: GICv3: CPU42: using allocated LPI pending table @0x0000090010f70000
Sep 07 01:34:49 hostname-txyuq.foreman.pxe kernel: CPU42: Booted secondary processor 0x0300050100 [0x480fd020]
Sep 07 01:34:49 hostname-txyuq.foreman.pxe kernel: Detected VIPT I-cache on CPU43
Sep 07 01:34:49 hostname-txyuq.foreman.pxe kernel: GICv3: CPU43: found redistributor 300050101 region 43:0x000000c640bc0000
Sep 07 01:34:49 hostname-txyuq.foreman.pxe kernel: GICv3: CPU43: using allocated LPI pending table @0x0000090010f80000
Sep 07 01:34:49 hostname-txyuq.foreman.pxe kernel: CPU43: Booted secondary processor 0x0300050101 [0x480fd020]
Sep 07 01:34:49 hostname-txyuq.foreman.pxe kernel: Detected VIPT I-cache on CPU44
Sep 07 01:34:49 hostname-txyuq.foreman.pxe kernel: GICv3: CPU44: found redistributor 300050200 region 44:0x000000c640c00000
Sep 07 01:34:49 hostname-txyuq.foreman.pxe kernel: GICv3: CPU44: using allocated LPI pending table @0x0000090010f90000
Sep 07 01:34:49 hostname-txyuq.foreman.pxe kernel: CPU44: Booted secondary processor 0x0300050200 [0x480fd020]
Sep 07 01:34:49 hostname-txyuq.foreman.pxe kernel: Detected VIPT I-cache on CPU45
Sep 07 01:34:49 hostname-txyuq.foreman.pxe kernel: GICv3: CPU45: found redistributor 300050201 region 45:0x000000c640c40000
Sep 07 01:34:49 hostname-txyuq.foreman.pxe kernel: GICv3: CPU45: using allocated LPI pending table @0x0000090010fa0000
Sep 07 01:34:49 hostname-txyuq.foreman.pxe kernel: CPU45: Booted secondary processor 0x0300050201 [0x480fd020]
Sep 07 01:34:49 hostname-txyuq.foreman.pxe kernel: Detected VIPT I-cache on CPU46
Sep 07 01:34:49 hostname-txyuq.foreman.pxe kernel: GICv3: CPU46: found redistributor 300050300 region 46:0x000000c640c80000
Sep 07 01:34:49 hostname-txyuq.foreman.pxe kernel: GICv3: CPU46: using allocated LPI pending table @0x0000090010fb0000
Sep 07 01:34:49 hostname-txyuq.foreman.pxe kernel: CPU46: Booted secondary processor 0x0300050300 [0x480fd020]
Sep 07 01:34:49 hostname-txyuq.foreman.pxe kernel: Detected VIPT I-cache on CPU47
Sep 07 01:34:49 hostname-txyuq.foreman.pxe kernel: GICv3: CPU47: found redistributor 300050301 region 47:0x000000c640cc0000
Sep 07 01:34:49 hostname-txyuq.foreman.pxe kernel: GICv3: CPU47: using allocated LPI pending table @0x0000090010fc0000
Sep 07 01:34:49 hostname-txyuq.foreman.pxe kernel: CPU47: Booted secondary processor 0x0300050301 [0x480fd020]
Sep 07 01:34:49 hostname-txyuq.foreman.pxe kernel: Detected VIPT I-cache on CPU48
Sep 07 01:34:49 hostname-txyuq.foreman.pxe kernel: GICv3: CPU48: found redistributor 300060000 region 48:0x000000c640d00000
Sep 07 01:34:49 hostname-txyuq.foreman.pxe kernel: GICv3: CPU48: using allocated LPI pending table @0x0000090010fd0000
Sep 07 01:34:49 hostname-txyuq.foreman.pxe kernel: CPU48: Booted secondary processor 0x0300060000 [0x480fd020]
Sep 07 01:34:49 hostname-txyuq.foreman.pxe kernel: Detected VIPT I-cache on CPU49
Sep 07 01:34:49 hostname-txyuq.foreman.pxe kernel: GICv3: CPU49: found redistributor 300060001 region 49:0x000000c640d40000
Sep 07 01:34:49 hostname-txyuq.foreman.pxe kernel: GICv3: CPU49: using allocated LPI pending table @0x0000090010fe0000
Sep 07 01:34:49 hostname-txyuq.foreman.pxe kernel: CPU49: Booted secondary processor 0x0300060001 [0x480fd020]
Sep 07 01:34:49 hostname-txyuq.foreman.pxe kernel: Detected VIPT I-cache on CPU50
Sep 07 01:34:49 hostname-txyuq.foreman.pxe kernel: GICv3: CPU50: found redistributor 300060100 region 50:0x000000c640d80000
Sep 07 01:34:49 hostname-txyuq.foreman.pxe kernel: GICv3: CPU50: using allocated LPI pending table @0x0000090010ff0000
Sep 07 01:34:49 hostname-txyuq.foreman.pxe kernel: CPU50: Booted secondary processor 0x0300060100 [0x480fd020]
Sep 07 01:34:49 hostname-txyuq.foreman.pxe kernel: Detected VIPT I-cache on CPU51
Sep 07 01:34:49 hostname-txyuq.foreman.pxe kernel: GICv3: CPU51: found redistributor 300060101 region 51:0x000000c640dc0000
Sep 07 01:34:49 hostname-txyuq.foreman.pxe kernel: GICv3: CPU51: using allocated LPI pending table @0x0000090011000000
Sep 07 01:34:49 hostname-txyuq.foreman.pxe kernel: CPU51: Booted secondary processor 0x0300060101 [0x480fd020]
Sep 07 01:34:49 hostname-txyuq.foreman.pxe kernel: Detected VIPT I-cache on CPU52
Sep 07 01:34:49 hostname-txyuq.foreman.pxe kernel: GICv3: CPU52: found redistributor 300060200 region 52:0x000000c640e00000
Sep 07 01:34:49 hostname-txyuq.foreman.pxe kernel: GICv3: CPU52: using allocated LPI pending table @0x0000090011010000
Sep 07 01:34:49 hostname-txyuq.foreman.pxe kernel: CPU52: Booted secondary processor 0x0300060200 [0x480fd020]
Sep 07 01:34:49 hostname-txyuq.foreman.pxe kernel: Detected VIPT I-cache on CPU53
Sep 07 01:34:49 hostname-txyuq.foreman.pxe kernel: GICv3: CPU53: found redistributor 300060201 region 53:0x000000c640e40000
Sep 07 01:34:49 hostname-txyuq.foreman.pxe kernel: GICv3: CPU53: using allocated LPI pending table @0x0000090011020000
Sep 07 01:34:49 hostname-txyuq.foreman.pxe kernel: CPU53: Booted secondary processor 0x0300060201 [0x480fd020]
Sep 07 01:34:49 hostname-txyuq.foreman.pxe kernel: Detected VIPT I-cache on CPU54
Sep 07 01:34:49 hostname-txyuq.foreman.pxe kernel: GICv3: CPU54: found redistributor 300060300 region 54:0x000000c640e80000
Sep 07 01:34:49 hostname-txyuq.foreman.pxe kernel: GICv3: CPU54: using allocated LPI pending table @0x0000090011030000
Sep 07 01:34:49 hostname-txyuq.foreman.pxe kernel: CPU54: Booted secondary processor 0x0300060300 [0x480fd020]
Sep 07 01:34:49 hostname-txyuq.foreman.pxe kernel: Detected VIPT I-cache on CPU55
Sep 07 01:34:49 hostname-txyuq.foreman.pxe kernel: GICv3: CPU55: found redistributor 300060301 region 55:0x000000c640ec0000
Sep 07 01:34:49 hostname-txyuq.foreman.pxe kernel: GICv3: CPU55: using allocated LPI pending table @0x0000090011040000
Sep 07 01:34:49 hostname-txyuq.foreman.pxe kernel: CPU55: Booted secondary processor 0x0300060301 [0x480fd020]
Sep 07 01:34:49 hostname-txyuq.foreman.pxe kernel: Detected VIPT I-cache on CPU56
Sep 07 01:34:49 hostname-txyuq.foreman.pxe kernel: GICv3: CPU56: found redistributor 300070000 region 56:0x000000c640f00000
Sep 07 01:34:49 hostname-txyuq.foreman.pxe kernel: GICv3: CPU56: using allocated LPI pending table @0x0000090011050000
Sep 07 01:34:49 hostname-txyuq.foreman.pxe kernel: CPU56: Booted secondary processor 0x0300070000 [0x480fd020]
Sep 07 01:34:49 hostname-txyuq.foreman.pxe kernel: Detected VIPT I-cache on CPU57
Sep 07 01:34:49 hostname-txyuq.foreman.pxe kernel: GICv3: CPU57: found redistributor 300070001 region 57:0x000000c640f40000
Sep 07 01:34:49 hostname-txyuq.foreman.pxe kernel: GICv3: CPU57: using allocated LPI pending table @0x0000090011060000
Sep 07 01:34:49 hostname-txyuq.foreman.pxe kernel: CPU57: Booted secondary processor 0x0300070001 [0x480fd020]
Sep 07 01:34:49 hostname-txyuq.foreman.pxe kernel: Detected VIPT I-cache on CPU58
Sep 07 01:34:49 hostname-txyuq.foreman.pxe kernel: GICv3: CPU58: found redistributor 300070100 region 58:0x000000c640f80000
Sep 07 01:34:49 hostname-txyuq.foreman.pxe kernel: GICv3: CPU58: using allocated LPI pending table @0x0000090011070000
Sep 07 01:34:49 hostname-txyuq.foreman.pxe kernel: CPU58: Booted secondary processor 0x0300070100 [0x480fd020]
Sep 07 01:34:49 hostname-txyuq.foreman.pxe kernel: Detected VIPT I-cache on CPU59
Sep 07 01:34:49 hostname-txyuq.foreman.pxe kernel: GICv3: CPU59: found redistributor 300070101 region 59:0x000000c640fc0000
Sep 07 01:34:49 hostname-txyuq.foreman.pxe kernel: GICv3: CPU59: using allocated LPI pending table @0x0000090011080000
Sep 07 01:34:49 hostname-txyuq.foreman.pxe kernel: CPU59: Booted secondary processor 0x0300070101 [0x480fd020]
Sep 07 01:34:49 hostname-txyuq.foreman.pxe kernel: Detected VIPT I-cache on CPU60
Sep 07 01:34:49 hostname-txyuq.foreman.pxe kernel: GICv3: CPU60: found redistributor 300070200 region 60:0x000000c641000000
Sep 07 01:34:49 hostname-txyuq.foreman.pxe kernel: GICv3: CPU60: using allocated LPI pending table @0x0000090011090000
Sep 07 01:34:49 hostname-txyuq.foreman.pxe kernel: CPU60: Booted secondary processor 0x0300070200 [0x480fd020]
Sep 07 01:34:49 hostname-txyuq.foreman.pxe kernel: Detected VIPT I-cache on CPU61
Sep 07 01:34:49 hostname-txyuq.foreman.pxe kernel: GICv3: CPU61: found redistributor 300070201 region 61:0x000000c641040000
Sep 07 01:34:49 hostname-txyuq.foreman.pxe kernel: GICv3: CPU61: using allocated LPI pending table @0x00000900110a0000
Sep 07 01:34:49 hostname-txyuq.foreman.pxe kernel: CPU61: Booted secondary processor 0x0300070201 [0x480fd020]
Sep 07 01:34:49 hostname-txyuq.foreman.pxe kernel: Detected VIPT I-cache on CPU62
Sep 07 01:34:49 hostname-txyuq.foreman.pxe kernel: GICv3: CPU62: found redistributor 300070300 region 62:0x000000c641080000
Sep 07 01:34:49 hostname-txyuq.foreman.pxe kernel: GICv3: CPU62: using allocated LPI pending table @0x00000900110b0000
Sep 07 01:34:49 hostname-txyuq.foreman.pxe kernel: CPU62: Booted secondary processor 0x0300070300 [0x480fd020]
Sep 07 01:34:49 hostname-txyuq.foreman.pxe kernel: Detected VIPT I-cache on CPU63
Sep 07 01:34:49 hostname-txyuq.foreman.pxe kernel: GICv3: CPU63: found redistributor 300070301 region 63:0x000000c6410c0000
Sep 07 01:34:49 hostname-txyuq.foreman.pxe kernel: GICv3: CPU63: using allocated LPI pending table @0x00000900110c0000
Sep 07 01:34:49 hostname-txyuq.foreman.pxe kernel: CPU63: Booted secondary processor 0x0300070301 [0x480fd020]
Sep 07 01:34:49 hostname-txyuq.foreman.pxe kernel: Detected VIPT I-cache on CPU64
Sep 07 01:34:49 hostname-txyuq.foreman.pxe kernel: GICv3: CPU64: found redistributor 300080000 region 64:0x000000c641100000
Sep 07 01:34:49 hostname-txyuq.foreman.pxe kernel: GICv3: CPU64: using allocated LPI pending table @0x00000900110d0000
Sep 07 01:34:49 hostname-txyuq.foreman.pxe kernel: CPU64: Booted secondary processor 0x0300080000 [0x480fd020]
Sep 07 01:34:49 hostname-txyuq.foreman.pxe kernel: Detected VIPT I-cache on CPU65
Sep 07 01:34:49 hostname-txyuq.foreman.pxe kernel: GICv3: CPU65: found redistributor 300080001 region 65:0x000000c641140000
Sep 07 01:34:49 hostname-txyuq.foreman.pxe kernel: GICv3: CPU65: using allocated LPI pending table @0x00000900110e0000
Sep 07 01:34:49 hostname-txyuq.foreman.pxe kernel: CPU65: Booted secondary processor 0x0300080001 [0x480fd020]
Sep 07 01:34:49 hostname-txyuq.foreman.pxe kernel: Detected VIPT I-cache on CPU66
Sep 07 01:34:49 hostname-txyuq.foreman.pxe kernel: GICv3: CPU66: found redistributor 300080100 region 66:0x000000c641180000
Sep 07 01:34:49 hostname-txyuq.foreman.pxe kernel: GICv3: CPU66: using allocated LPI pending table @0x00000900110f0000
Sep 07 01:34:49 hostname-txyuq.foreman.pxe kernel: CPU66: Booted secondary processor 0x0300080100 [0x480fd020]
Sep 07 01:34:49 hostname-txyuq.foreman.pxe kernel: Detected VIPT I-cache on CPU67
Sep 07 01:34:49 hostname-txyuq.foreman.pxe kernel: GICv3: CPU67: found redistributor 300080101 region 67:0x000000c6411c0000
Sep 07 01:34:49 hostname-txyuq.foreman.pxe kernel: GICv3: CPU67: using allocated LPI pending table @0x0000090011100000
Sep 07 01:34:49 hostname-txyuq.foreman.pxe kernel: CPU67: Booted secondary processor 0x0300080101 [0x480fd020]
Sep 07 01:34:49 hostname-txyuq.foreman.pxe kernel: Detected VIPT I-cache on CPU68
Sep 07 01:34:49 hostname-txyuq.foreman.pxe kernel: GICv3: CPU68: found redistributor 300080200 region 68:0x000000c641200000
Sep 07 01:34:49 hostname-txyuq.foreman.pxe kernel: GICv3: CPU68: using allocated LPI pending table @0x0000090011110000
Sep 07 01:34:49 hostname-txyuq.foreman.pxe kernel: CPU68: Booted secondary processor 0x0300080200 [0x480fd020]
Sep 07 01:34:49 hostname-txyuq.foreman.pxe kernel: Detected VIPT I-cache on CPU69
Sep 07 01:34:49 hostname-txyuq.foreman.pxe kernel: GICv3: CPU69: found redistributor 300080201 region 69:0x000000c641240000
Sep 07 01:34:49 hostname-txyuq.foreman.pxe kernel: GICv3: CPU69: using allocated LPI pending table @0x0000090011120000
Sep 07 01:34:49 hostname-txyuq.foreman.pxe kernel: CPU69: Booted secondary processor 0x0300080201 [0x480fd020]
Sep 07 01:34:49 hostname-txyuq.foreman.pxe kernel: Detected VIPT I-cache on CPU70
Sep 07 01:34:49 hostname-txyuq.foreman.pxe kernel: GICv3: CPU70: found redistributor 300080300 region 70:0x000000c641280000
Sep 07 01:34:49 hostname-txyuq.foreman.pxe kernel: GICv3: CPU70: using allocated LPI pending table @0x0000090011130000
Sep 07 01:34:49 hostname-txyuq.foreman.pxe kernel: CPU70: Booted secondary processor 0x0300080300 [0x480fd020]
Sep 07 01:34:49 hostname-txyuq.foreman.pxe kernel: Detected VIPT I-cache on CPU71
Sep 07 01:34:49 hostname-txyuq.foreman.pxe kernel: GICv3: CPU71: found redistributor 300080301 region 71:0x000000c6412c0000
Sep 07 01:34:49 hostname-txyuq.foreman.pxe kernel: GICv3: CPU71: using allocated LPI pending table @0x0000090011140000
Sep 07 01:34:49 hostname-txyuq.foreman.pxe kernel: CPU71: Booted secondary processor 0x0300080301 [0x480fd020]
Sep 07 01:34:49 hostname-txyuq.foreman.pxe kernel: Detected VIPT I-cache on CPU72
Sep 07 01:34:49 hostname-txyuq.foreman.pxe kernel: GICv3: CPU72: found redistributor 300090000 region 72:0x000000c641300000
Sep 07 01:34:49 hostname-txyuq.foreman.pxe kernel: GICv3: CPU72: using allocated LPI pending table @0x0000090011150000
Sep 07 01:34:49 hostname-txyuq.foreman.pxe kernel: CPU72: Booted secondary processor 0x0300090000 [0x480fd020]
Sep 07 01:34:49 hostname-txyuq.foreman.pxe kernel: Detected VIPT I-cache on CPU73
Sep 07 01:34:49 hostname-txyuq.foreman.pxe kernel: GICv3: CPU73: found redistributor 300090001 region 73:0x000000c641340000
Sep 07 01:34:49 hostname-txyuq.foreman.pxe kernel: GICv3: CPU73: using allocated LPI pending table @0x0000090011160000
Sep 07 01:34:49 hostname-txyuq.foreman.pxe kernel: CPU73: Booted secondary processor 0x0300090001 [0x480fd020]
Sep 07 01:34:49 hostname-txyuq.foreman.pxe kernel: Detected VIPT I-cache on CPU74
Sep 07 01:34:49 hostname-txyuq.foreman.pxe kernel: GICv3: CPU74: found redistributor 300090100 region 74:0x000000c641380000
Sep 07 01:34:49 hostname-txyuq.foreman.pxe kernel: GICv3: CPU74: using allocated LPI pending table @0x0000090011170000
Sep 07 01:34:49 hostname-txyuq.foreman.pxe kernel: CPU74: Booted secondary processor 0x0300090100 [0x480fd020]
Sep 07 01:34:49 hostname-txyuq.foreman.pxe kernel: Detected VIPT I-cache on CPU75
Sep 07 01:34:49 hostname-txyuq.foreman.pxe kernel: GICv3: CPU75: found redistributor 300090101 region 75:0x000000c6413c0000
Sep 07 01:34:49 hostname-txyuq.foreman.pxe kernel: GICv3: CPU75: using allocated LPI pending table @0x0000090011180000
Sep 07 01:34:49 hostname-txyuq.foreman.pxe kernel: CPU75: Booted secondary processor 0x0300090101 [0x480fd020]
Sep 07 01:34:49 hostname-txyuq.foreman.pxe kernel: Detected VIPT I-cache on CPU76
Sep 07 01:34:49 hostname-txyuq.foreman.pxe kernel: GICv3: CPU76: found redistributor 300090200 region 76:0x000000c641400000
Sep 07 01:34:49 hostname-txyuq.foreman.pxe kernel: GICv3: CPU76: using allocated LPI pending table @0x0000090011190000
Sep 07 01:34:49 hostname-txyuq.foreman.pxe kernel: CPU76: Booted secondary processor 0x0300090200 [0x480fd020]
Sep 07 01:34:49 hostname-txyuq.foreman.pxe kernel: Detected VIPT I-cache on CPU77
Sep 07 01:34:49 hostname-txyuq.foreman.pxe kernel: GICv3: CPU77: found redistributor 300090201 region 77:0x000000c641440000
Sep 07 01:34:49 hostname-txyuq.foreman.pxe kernel: GICv3: CPU77: using allocated LPI pending table @0x00000900111a0000
Sep 07 01:34:49 hostname-txyuq.foreman.pxe kernel: CPU77: Booted secondary processor 0x0300090201 [0x480fd020]
Sep 07 01:34:49 hostname-txyuq.foreman.pxe kernel: Detected VIPT I-cache on CPU78
Sep 07 01:34:49 hostname-txyuq.foreman.pxe kernel: GICv3: CPU78: found redistributor 300090300 region 78:0x000000c641480000
Sep 07 01:34:49 hostname-txyuq.foreman.pxe kernel: GICv3: CPU78: using allocated LPI pending table @0x00000900111b0000
Sep 07 01:34:49 hostname-txyuq.foreman.pxe kernel: CPU78: Booted secondary processor 0x0300090300 [0x480fd020]
Sep 07 01:34:49 hostname-txyuq.foreman.pxe kernel: Detected VIPT I-cache on CPU79
Sep 07 01:34:49 hostname-txyuq.foreman.pxe kernel: GICv3: CPU79: found redistributor 300090301 region 79:0x000000c6414c0000
Sep 07 01:34:49 hostname-txyuq.foreman.pxe kernel: GICv3: CPU79: using allocated LPI pending table @0x00000900111c0000
Sep 07 01:34:49 hostname-txyuq.foreman.pxe kernel: CPU79: Booted secondary processor 0x0300090301 [0x480fd020]
Sep 07 01:34:49 hostname-txyuq.foreman.pxe kernel: Detected VIPT I-cache on CPU80
Sep 07 01:34:49 hostname-txyuq.foreman.pxe kernel: GICv3: CPU80: found redistributor 100000000 region 80:0x0000004640100000
Sep 07 01:34:49 hostname-txyuq.foreman.pxe kernel: GICv3: CPU80: using allocated LPI pending table @0x00000900111d0000
Sep 07 01:34:49 hostname-txyuq.foreman.pxe kernel: CPU80: Booted secondary processor 0x0100000000 [0x480fd020]
Sep 07 01:34:49 hostname-txyuq.foreman.pxe kernel: Detected VIPT I-cache on CPU81
Sep 07 01:34:49 hostname-txyuq.foreman.pxe kernel: GICv3: CPU81: found redistributor 100000001 region 81:0x0000004640140000
Sep 07 01:34:49 hostname-txyuq.foreman.pxe kernel: GICv3: CPU81: using allocated LPI pending table @0x00000900111e0000
Sep 07 01:34:49 hostname-txyuq.foreman.pxe kernel: CPU81: Booted secondary processor 0x0100000001 [0x480fd020]
Sep 07 01:34:49 hostname-txyuq.foreman.pxe kernel: Detected VIPT I-cache on CPU82
Sep 07 01:34:49 hostname-txyuq.foreman.pxe kernel: GICv3: CPU82: found redistributor 100000100 region 82:0x0000004640180000
Sep 07 01:34:49 hostname-txyuq.foreman.pxe kernel: GICv3: CPU82: using allocated LPI pending table @0x00000900111f0000
Sep 07 01:34:49 hostname-txyuq.foreman.pxe kernel: CPU82: Booted secondary processor 0x0100000100 [0x480fd020]
Sep 07 01:34:49 hostname-txyuq.foreman.pxe kernel: Detected VIPT I-cache on CPU83
Sep 07 01:34:49 hostname-txyuq.foreman.pxe kernel: GICv3: CPU83: found redistributor 100000101 region 83:0x00000046401c0000
Sep 07 01:34:49 hostname-txyuq.foreman.pxe kernel: GICv3: CPU83: using allocated LPI pending table @0x0000090011200000
Sep 07 01:34:49 hostname-txyuq.foreman.pxe kernel: CPU83: Booted secondary processor 0x0100000101 [0x480fd020]
Sep 07 01:34:49 hostname-txyuq.foreman.pxe kernel: Detected VIPT I-cache on CPU84
Sep 07 01:34:49 hostname-txyuq.foreman.pxe kernel: GICv3: CPU84: found redistributor 100000200 region 84:0x0000004640200000
Sep 07 01:34:49 hostname-txyuq.foreman.pxe kernel: GICv3: CPU84: using allocated LPI pending table @0x0000090011210000
Sep 07 01:34:49 hostname-txyuq.foreman.pxe kernel: CPU84: Booted secondary processor 0x0100000200 [0x480fd020]
Sep 07 01:34:49 hostname-txyuq.foreman.pxe kernel: Detected VIPT I-cache on CPU85
Sep 07 01:34:49 hostname-txyuq.foreman.pxe kernel: GICv3: CPU85: found redistributor 100000201 region 85:0x0000004640240000
Sep 07 01:34:49 hostname-txyuq.foreman.pxe kernel: GICv3: CPU85: using allocated LPI pending table @0x0000090011220000
Sep 07 01:34:49 hostname-txyuq.foreman.pxe kernel: CPU85: Booted secondary processor 0x0100000201 [0x480fd020]
Sep 07 01:34:49 hostname-txyuq.foreman.pxe kernel: Detected VIPT I-cache on CPU86
Sep 07 01:34:49 hostname-txyuq.foreman.pxe kernel: GICv3: CPU86: found redistributor 100000300 region 86:0x0000004640280000
Sep 07 01:34:49 hostname-txyuq.foreman.pxe kernel: GICv3: CPU86: using allocated LPI pending table @0x0000090011230000
Sep 07 01:34:49 hostname-txyuq.foreman.pxe kernel: CPU86: Booted secondary processor 0x0100000300 [0x480fd020]
Sep 07 01:34:49 hostname-txyuq.foreman.pxe kernel: Detected VIPT I-cache on CPU87
Sep 07 01:34:49 hostname-txyuq.foreman.pxe kernel: GICv3: CPU87: found redistributor 100000301 region 87:0x00000046402c0000
Sep 07 01:34:49 hostname-txyuq.foreman.pxe kernel: GICv3: CPU87: using allocated LPI pending table @0x0000090011240000
Sep 07 01:34:49 hostname-txyuq.foreman.pxe kernel: CPU87: Booted secondary processor 0x0100000301 [0x480fd020]
Sep 07 01:34:49 hostname-txyuq.foreman.pxe kernel: Detected VIPT I-cache on CPU88
Sep 07 01:34:49 hostname-txyuq.foreman.pxe kernel: GICv3: CPU88: found redistributor 100010000 region 88:0x0000004640300000
Sep 07 01:34:49 hostname-txyuq.foreman.pxe kernel: GICv3: CPU88: using allocated LPI pending table @0x0000090011250000
Sep 07 01:34:49 hostname-txyuq.foreman.pxe kernel: CPU88: Booted secondary processor 0x0100010000 [0x480fd020]
Sep 07 01:34:49 hostname-txyuq.foreman.pxe kernel: Detected VIPT I-cache on CPU89
Sep 07 01:34:49 hostname-txyuq.foreman.pxe kernel: GICv3: CPU89: found redistributor 100010001 region 89:0x0000004640340000
Sep 07 01:34:49 hostname-txyuq.foreman.pxe kernel: GICv3: CPU89: using allocated LPI pending table @0x0000090011260000
Sep 07 01:34:49 hostname-txyuq.foreman.pxe kernel: CPU89: Booted secondary processor 0x0100010001 [0x480fd020]
Sep 07 01:34:49 hostname-txyuq.foreman.pxe kernel: Detected VIPT I-cache on CPU90
Sep 07 01:34:49 hostname-txyuq.foreman.pxe kernel: GICv3: CPU90: found redistributor 100010100 region 90:0x0000004640380000
Sep 07 01:34:49 hostname-txyuq.foreman.pxe kernel: GICv3: CPU90: using allocated LPI pending table @0x0000090011270000
Sep 07 01:34:49 hostname-txyuq.foreman.pxe kernel: CPU90: Booted secondary processor 0x0100010100 [0x480fd020]
Sep 07 01:34:49 hostname-txyuq.foreman.pxe kernel: Detected VIPT I-cache on CPU91
Sep 07 01:34:49 hostname-txyuq.foreman.pxe kernel: GICv3: CPU91: found redistributor 100010101 region 91:0x00000046403c0000
Sep 07 01:34:49 hostname-txyuq.foreman.pxe kernel: GICv3: CPU91: using allocated LPI pending table @0x0000090011280000
Sep 07 01:34:49 hostname-txyuq.foreman.pxe kernel: CPU91: Booted secondary processor 0x0100010101 [0x480fd020]
Sep 07 01:34:49 hostname-txyuq.foreman.pxe kernel: Detected VIPT I-cache on CPU92
Sep 07 01:34:49 hostname-txyuq.foreman.pxe kernel: GICv3: CPU92: found redistributor 100010200 region 92:0x0000004640400000
Sep 07 01:34:49 hostname-txyuq.foreman.pxe kernel: GICv3: CPU92: using allocated LPI pending table @0x0000090011290000
Sep 07 01:34:49 hostname-txyuq.foreman.pxe kernel: CPU92: Booted secondary processor 0x0100010200 [0x480fd020]
Sep 07 01:34:49 hostname-txyuq.foreman.pxe kernel: Detected VIPT I-cache on CPU93
Sep 07 01:34:49 hostname-txyuq.foreman.pxe kernel: GICv3: CPU93: found redistributor 100010201 region 93:0x0000004640440000
Sep 07 01:34:49 hostname-txyuq.foreman.pxe kernel: GICv3: CPU93: using allocated LPI pending table @0x00000900112a0000
Sep 07 01:34:49 hostname-txyuq.foreman.pxe kernel: CPU93: Booted secondary processor 0x0100010201 [0x480fd020]
Sep 07 01:34:49 hostname-txyuq.foreman.pxe kernel: Detected VIPT I-cache on CPU94
Sep 07 01:34:49 hostname-txyuq.foreman.pxe kernel: GICv3: CPU94: found redistributor 100010300 region 94:0x0000004640480000
Sep 07 01:34:49 hostname-txyuq.foreman.pxe kernel: GICv3: CPU94: using allocated LPI pending table @0x00000900112b0000
Sep 07 01:34:49 hostname-txyuq.foreman.pxe kernel: CPU94: Booted secondary processor 0x0100010300 [0x480fd020]
Sep 07 01:34:49 hostname-txyuq.foreman.pxe kernel: Detected VIPT I-cache on CPU95
Sep 07 01:34:49 hostname-txyuq.foreman.pxe kernel: GICv3: CPU95: found redistributor 100010301 region 95:0x00000046404c0000
Sep 07 01:34:49 hostname-txyuq.foreman.pxe kernel: GICv3: CPU95: using allocated LPI pending table @0x00000900112c0000
Sep 07 01:34:49 hostname-txyuq.foreman.pxe kernel: CPU95: Booted secondary processor 0x0100010301 [0x480fd020]
Sep 07 01:34:49 hostname-txyuq.foreman.pxe kernel: Detected VIPT I-cache on CPU96
Sep 07 01:34:49 hostname-txyuq.foreman.pxe kernel: GICv3: CPU96: found redistributor 100020000 region 96:0x0000004640500000
Sep 07 01:34:49 hostname-txyuq.foreman.pxe kernel: GICv3: CPU96: using allocated LPI pending table @0x00000900112d0000
Sep 07 01:34:49 hostname-txyuq.foreman.pxe kernel: CPU96: Booted secondary processor 0x0100020000 [0x480fd020]
Sep 07 01:34:49 hostname-txyuq.foreman.pxe kernel: Detected VIPT I-cache on CPU97
Sep 07 01:34:49 hostname-txyuq.foreman.pxe kernel: GICv3: CPU97: found redistributor 100020001 region 97:0x0000004640540000
Sep 07 01:34:49 hostname-txyuq.foreman.pxe kernel: GICv3: CPU97: using allocated LPI pending table @0x00000900112e0000
Sep 07 01:34:49 hostname-txyuq.foreman.pxe kernel: CPU97: Booted secondary processor 0x0100020001 [0x480fd020]
Sep 07 01:34:49 hostname-txyuq.foreman.pxe kernel: Detected VIPT I-cache on CPU98
Sep 07 01:34:49 hostname-txyuq.foreman.pxe kernel: GICv3: CPU98: found redistributor 100020100 region 98:0x0000004640580000
Sep 07 01:34:49 hostname-txyuq.foreman.pxe kernel: GICv3: CPU98: using allocated LPI pending table @0x00000900112f0000
Sep 07 01:34:49 hostname-txyuq.foreman.pxe kernel: CPU98: Booted secondary processor 0x0100020100 [0x480fd020]
Sep 07 01:34:49 hostname-txyuq.foreman.pxe kernel: Detected VIPT I-cache on CPU99
Sep 07 01:34:49 hostname-txyuq.foreman.pxe kernel: GICv3: CPU99: found redistributor 100020101 region 99:0x00000046405c0000
Sep 07 01:34:49 hostname-txyuq.foreman.pxe kernel: GICv3: CPU99: using allocated LPI pending table @0x0000090011300000
Sep 07 01:34:49 hostname-txyuq.foreman.pxe kernel: CPU99: Booted secondary processor 0x0100020101 [0x480fd020]
Sep 07 01:34:49 hostname-txyuq.foreman.pxe kernel: Detected VIPT I-cache on CPU100
Sep 07 01:34:49 hostname-txyuq.foreman.pxe kernel: GICv3: CPU100: found redistributor 100020200 region 100:0x0000004640600000
Sep 07 01:34:49 hostname-txyuq.foreman.pxe kernel: GICv3: CPU100: using allocated LPI pending table @0x0000090011310000
Sep 07 01:34:49 hostname-txyuq.foreman.pxe kernel: CPU100: Booted secondary processor 0x0100020200 [0x480fd020]
Sep 07 01:34:49 hostname-txyuq.foreman.pxe kernel: Detected VIPT I-cache on CPU101
Sep 07 01:34:49 hostname-txyuq.foreman.pxe kernel: GICv3: CPU101: found redistributor 100020201 region 101:0x0000004640640000
Sep 07 01:34:49 hostname-txyuq.foreman.pxe kernel: GICv3: CPU101: using allocated LPI pending table @0x0000090011320000
Sep 07 01:34:49 hostname-txyuq.foreman.pxe kernel: CPU101: Booted secondary processor 0x0100020201 [0x480fd020]
Sep 07 01:34:49 hostname-txyuq.foreman.pxe kernel: Detected VIPT I-cache on CPU102
Sep 07 01:34:49 hostname-txyuq.foreman.pxe kernel: GICv3: CPU102: found redistributor 100020300 region 102:0x0000004640680000
Sep 07 01:34:49 hostname-txyuq.foreman.pxe kernel: GICv3: CPU102: using allocated LPI pending table @0x0000090011330000
Sep 07 01:34:49 hostname-txyuq.foreman.pxe kernel: CPU102: Booted secondary processor 0x0100020300 [0x480fd020]
Sep 07 01:34:49 hostname-txyuq.foreman.pxe kernel: Detected VIPT I-cache on CPU103
Sep 07 01:34:49 hostname-txyuq.foreman.pxe kernel: GICv3: CPU103: found redistributor 100020301 region 103:0x00000046406c0000
Sep 07 01:34:49 hostname-txyuq.foreman.pxe kernel: GICv3: CPU103: using allocated LPI pending table @0x0000090011340000
Sep 07 01:34:49 hostname-txyuq.foreman.pxe kernel: CPU103: Booted secondary processor 0x0100020301 [0x480fd020]
Sep 07 01:34:49 hostname-txyuq.foreman.pxe kernel: Detected VIPT I-cache on CPU104
Sep 07 01:34:49 hostname-txyuq.foreman.pxe kernel: GICv3: CPU104: found redistributor 100030000 region 104:0x0000004640700000
Sep 07 01:34:49 hostname-txyuq.foreman.pxe kernel: GICv3: CPU104: using allocated LPI pending table @0x0000090011350000
Sep 07 01:34:49 hostname-txyuq.foreman.pxe kernel: CPU104: Booted secondary processor 0x0100030000 [0x480fd020]
Sep 07 01:34:49 hostname-txyuq.foreman.pxe kernel: Detected VIPT I-cache on CPU105
Sep 07 01:34:49 hostname-txyuq.foreman.pxe kernel: GICv3: CPU105: found redistributor 100030001 region 105:0x0000004640740000
Sep 07 01:34:49 hostname-txyuq.foreman.pxe kernel: GICv3: CPU105: using allocated LPI pending table @0x0000090011360000
Sep 07 01:34:49 hostname-txyuq.foreman.pxe kernel: CPU105: Booted secondary processor 0x0100030001 [0x480fd020]
Sep 07 01:34:49 hostname-txyuq.foreman.pxe kernel: Detected VIPT I-cache on CPU106
Sep 07 01:34:49 hostname-txyuq.foreman.pxe kernel: GICv3: CPU106: found redistributor 100030100 region 106:0x0000004640780000
Sep 07 01:34:49 hostname-txyuq.foreman.pxe kernel: GICv3: CPU106: using allocated LPI pending table @0x0000090011370000
Sep 07 01:34:49 hostname-txyuq.foreman.pxe kernel: CPU106: Booted secondary processor 0x0100030100 [0x480fd020]
Sep 07 01:34:49 hostname-txyuq.foreman.pxe kernel: Detected VIPT I-cache on CPU107
Sep 07 01:34:49 hostname-txyuq.foreman.pxe kernel: GICv3: CPU107: found redistributor 100030101 region 107:0x00000046407c0000
Sep 07 01:34:49 hostname-txyuq.foreman.pxe kernel: GICv3: CPU107: using allocated LPI pending table @0x0000090011380000
Sep 07 01:34:49 hostname-txyuq.foreman.pxe kernel: CPU107: Booted secondary processor 0x0100030101 [0x480fd020]
Sep 07 01:34:49 hostname-txyuq.foreman.pxe kernel: Detected VIPT I-cache on CPU108
Sep 07 01:34:49 hostname-txyuq.foreman.pxe kernel: GICv3: CPU108: found redistributor 100030200 region 108:0x0000004640800000
Sep 07 01:34:49 hostname-txyuq.foreman.pxe kernel: GICv3: CPU108: using allocated LPI pending table @0x0000090011390000
Sep 07 01:34:49 hostname-txyuq.foreman.pxe kernel: CPU108: Booted secondary processor 0x0100030200 [0x480fd020]
Sep 07 01:34:49 hostname-txyuq.foreman.pxe kernel: Detected VIPT I-cache on CPU109
Sep 07 01:34:49 hostname-txyuq.foreman.pxe kernel: GICv3: CPU109: found redistributor 100030201 region 109:0x0000004640840000
Sep 07 01:34:49 hostname-txyuq.foreman.pxe kernel: GICv3: CPU109: using allocated LPI pending table @0x00000900113a0000
Sep 07 01:34:49 hostname-txyuq.foreman.pxe kernel: CPU109: Booted secondary processor 0x0100030201 [0x480fd020]
Sep 07 01:34:49 hostname-txyuq.foreman.pxe kernel: Detected VIPT I-cache on CPU110
Sep 07 01:34:49 hostname-txyuq.foreman.pxe kernel: GICv3: CPU110: found redistributor 100030300 region 110:0x0000004640880000
Sep 07 01:34:49 hostname-txyuq.foreman.pxe kernel: GICv3: CPU110: using allocated LPI pending table @0x00000900113b0000
Sep 07 01:34:49 hostname-txyuq.foreman.pxe kernel: CPU110: Booted secondary processor 0x0100030300 [0x480fd020]
Sep 07 01:34:49 hostname-txyuq.foreman.pxe kernel: Detected VIPT I-cache on CPU111
Sep 07 01:34:49 hostname-txyuq.foreman.pxe kernel: GICv3: CPU111: found redistributor 100030301 region 111:0x00000046408c0000
Sep 07 01:34:49 hostname-txyuq.foreman.pxe kernel: GICv3: CPU111: using allocated LPI pending table @0x00000900113c0000
Sep 07 01:34:49 hostname-txyuq.foreman.pxe kernel: CPU111: Booted secondary processor 0x0100030301 [0x480fd020]
Sep 07 01:34:49 hostname-txyuq.foreman.pxe kernel: Detected VIPT I-cache on CPU112
Sep 07 01:34:49 hostname-txyuq.foreman.pxe kernel: GICv3: CPU112: found redistributor 100040000 region 112:0x0000004640900000
Sep 07 01:34:49 hostname-txyuq.foreman.pxe kernel: GICv3: CPU112: using allocated LPI pending table @0x00000900113d0000
Sep 07 01:34:49 hostname-txyuq.foreman.pxe kernel: CPU112: Booted secondary processor 0x0100040000 [0x480fd020]
Sep 07 01:34:49 hostname-txyuq.foreman.pxe kernel: Detected VIPT I-cache on CPU113
Sep 07 01:34:49 hostname-txyuq.foreman.pxe kernel: GICv3: CPU113: found redistributor 100040001 region 113:0x0000004640940000
Sep 07 01:34:49 hostname-txyuq.foreman.pxe kernel: GICv3: CPU113: using allocated LPI pending table @0x00000900113e0000
Sep 07 01:34:49 hostname-txyuq.foreman.pxe kernel: CPU113: Booted secondary processor 0x0100040001 [0x480fd020]
Sep 07 01:34:49 hostname-txyuq.foreman.pxe kernel: Detected VIPT I-cache on CPU114
Sep 07 01:34:49 hostname-txyuq.foreman.pxe kernel: GICv3: CPU114: found redistributor 100040100 region 114:0x0000004640980000
Sep 07 01:34:49 hostname-txyuq.foreman.pxe kernel: GICv3: CPU114: using allocated LPI pending table @0x00000900113f0000
Sep 07 01:34:49 hostname-txyuq.foreman.pxe kernel: CPU114: Booted secondary processor 0x0100040100 [0x480fd020]
Sep 07 01:34:49 hostname-txyuq.foreman.pxe kernel: Detected VIPT I-cache on CPU115
Sep 07 01:34:49 hostname-txyuq.foreman.pxe kernel: GICv3: CPU115: found redistributor 100040101 region 115:0x00000046409c0000
Sep 07 01:34:49 hostname-txyuq.foreman.pxe kernel: GICv3: CPU115: using allocated LPI pending table @0x0000090011400000
Sep 07 01:34:49 hostname-txyuq.foreman.pxe kernel: CPU115: Booted secondary processor 0x0100040101 [0x480fd020]
Sep 07 01:34:49 hostname-txyuq.foreman.pxe kernel: Detected VIPT I-cache on CPU116
Sep 07 01:34:49 hostname-txyuq.foreman.pxe kernel: GICv3: CPU116: found redistributor 100040200 region 116:0x0000004640a00000
Sep 07 01:34:49 hostname-txyuq.foreman.pxe kernel: GICv3: CPU116: using allocated LPI pending table @0x0000090011410000
Sep 07 01:34:49 hostname-txyuq.foreman.pxe kernel: CPU116: Booted secondary processor 0x0100040200 [0x480fd020]
Sep 07 01:34:49 hostname-txyuq.foreman.pxe kernel: Detected VIPT I-cache on CPU117
Sep 07 01:34:49 hostname-txyuq.foreman.pxe kernel: GICv3: CPU117: found redistributor 100040201 region 117:0x0000004640a40000
Sep 07 01:34:49 hostname-txyuq.foreman.pxe kernel: GICv3: CPU117: using allocated LPI pending table @0x0000090011420000
Sep 07 01:34:49 hostname-txyuq.foreman.pxe kernel: CPU117: Booted secondary processor 0x0100040201 [0x480fd020]
Sep 07 01:34:49 hostname-txyuq.foreman.pxe kernel: Detected VIPT I-cache on CPU118
Sep 07 01:34:49 hostname-txyuq.foreman.pxe kernel: GICv3: CPU118: found redistributor 100040300 region 118:0x0000004640a80000
Sep 07 01:34:49 hostname-txyuq.foreman.pxe kernel: GICv3: CPU118: using allocated LPI pending table @0x0000090011430000
Sep 07 01:34:49 hostname-txyuq.foreman.pxe kernel: CPU118: Booted secondary processor 0x0100040300 [0x480fd020]
Sep 07 01:34:49 hostname-txyuq.foreman.pxe kernel: Detected VIPT I-cache on CPU119
Sep 07 01:34:49 hostname-txyuq.foreman.pxe kernel: GICv3: CPU119: found redistributor 100040301 region 119:0x0000004640ac0000
Sep 07 01:34:49 hostname-txyuq.foreman.pxe kernel: GICv3: CPU119: using allocated LPI pending table @0x0000090011440000
Sep 07 01:34:49 hostname-txyuq.foreman.pxe kernel: CPU119: Booted secondary processor 0x0100040301 [0x480fd020]
Sep 07 01:34:49 hostname-txyuq.foreman.pxe kernel: Detected VIPT I-cache on CPU120
Sep 07 01:34:49 hostname-txyuq.foreman.pxe kernel: GICv3: CPU120: found redistributor 100050000 region 120:0x0000004640b00000
Sep 07 01:34:49 hostname-txyuq.foreman.pxe kernel: GICv3: CPU120: using allocated LPI pending table @0x0000090011450000
Sep 07 01:34:49 hostname-txyuq.foreman.pxe kernel: CPU120: Booted secondary processor 0x0100050000 [0x480fd020]
Sep 07 01:34:49 hostname-txyuq.foreman.pxe kernel: Detected VIPT I-cache on CPU121
Sep 07 01:34:49 hostname-txyuq.foreman.pxe kernel: GICv3: CPU121: found redistributor 100050001 region 121:0x0000004640b40000
Sep 07 01:34:49 hostname-txyuq.foreman.pxe kernel: GICv3: CPU121: using allocated LPI pending table @0x0000090011460000
Sep 07 01:34:49 hostname-txyuq.foreman.pxe kernel: CPU121: Booted secondary processor 0x0100050001 [0x480fd020]
Sep 07 01:34:49 hostname-txyuq.foreman.pxe kernel: Detected VIPT I-cache on CPU122
Sep 07 01:34:49 hostname-txyuq.foreman.pxe kernel: GICv3: CPU122: found redistributor 100050100 region 122:0x0000004640b80000
Sep 07 01:34:49 hostname-txyuq.foreman.pxe kernel: GICv3: CPU122: using allocated LPI pending table @0x0000090011470000
Sep 07 01:34:49 hostname-txyuq.foreman.pxe kernel: CPU122: Booted secondary processor 0x0100050100 [0x480fd020]
Sep 07 01:34:49 hostname-txyuq.foreman.pxe kernel: Detected VIPT I-cache on CPU123
Sep 07 01:34:49 hostname-txyuq.foreman.pxe kernel: GICv3: CPU123: found redistributor 100050101 region 123:0x0000004640bc0000
Sep 07 01:34:49 hostname-txyuq.foreman.pxe kernel: GICv3: CPU123: using allocated LPI pending table @0x0000090011480000
Sep 07 01:34:49 hostname-txyuq.foreman.pxe kernel: CPU123: Booted secondary processor 0x0100050101 [0x480fd020]
Sep 07 01:34:49 hostname-txyuq.foreman.pxe kernel: Detected VIPT I-cache on CPU124
Sep 07 01:34:49 hostname-txyuq.foreman.pxe kernel: GICv3: CPU124: found redistributor 100050200 region 124:0x0000004640c00000
Sep 07 01:34:49 hostname-txyuq.foreman.pxe kernel: GICv3: CPU124: using allocated LPI pending table @0x0000090011490000
Sep 07 01:34:49 hostname-txyuq.foreman.pxe kernel: CPU124: Booted secondary processor 0x0100050200 [0x480fd020]
Sep 07 01:34:49 hostname-txyuq.foreman.pxe kernel: Detected VIPT I-cache on CPU125
Sep 07 01:34:49 hostname-txyuq.foreman.pxe kernel: GICv3: CPU125: found redistributor 100050201 region 125:0x0000004640c40000
Sep 07 01:34:49 hostname-txyuq.foreman.pxe kernel: GICv3: CPU125: using allocated LPI pending table @0x00000900114a0000
Sep 07 01:34:49 hostname-txyuq.foreman.pxe kernel: CPU125: Booted secondary processor 0x0100050201 [0x480fd020]
Sep 07 01:34:49 hostname-txyuq.foreman.pxe kernel: Detected VIPT I-cache on CPU126
Sep 07 01:34:49 hostname-txyuq.foreman.pxe kernel: GICv3: CPU126: found redistributor 100050300 region 126:0x0000004640c80000
Sep 07 01:34:49 hostname-txyuq.foreman.pxe kernel: GICv3: CPU126: using allocated LPI pending table @0x00000900114b0000
Sep 07 01:34:49 hostname-txyuq.foreman.pxe kernel: CPU126: Booted secondary processor 0x0100050300 [0x480fd020]
Sep 07 01:34:49 hostname-txyuq.foreman.pxe kernel: Detected VIPT I-cache on CPU127
Sep 07 01:34:49 hostname-txyuq.foreman.pxe kernel: GICv3: CPU127: found redistributor 100050301 region 127:0x0000004640cc0000
Sep 07 01:34:49 hostname-txyuq.foreman.pxe kernel: GICv3: CPU127: using allocated LPI pending table @0x00000900114c0000
Sep 07 01:34:49 hostname-txyuq.foreman.pxe kernel: CPU127: Booted secondary processor 0x0100050301 [0x480fd020]
Sep 07 01:34:49 hostname-txyuq.foreman.pxe kernel: Detected VIPT I-cache on CPU128
Sep 07 01:34:49 hostname-txyuq.foreman.pxe kernel: GICv3: CPU128: found redistributor 100060000 region 128:0x0000004640d00000
Sep 07 01:34:49 hostname-txyuq.foreman.pxe kernel: GICv3: CPU128: using allocated LPI pending table @0x00000900114d0000
Sep 07 01:34:49 hostname-txyuq.foreman.pxe kernel: CPU128: Booted secondary processor 0x0100060000 [0x480fd020]
Sep 07 01:34:49 hostname-txyuq.foreman.pxe kernel: Detected VIPT I-cache on CPU129
Sep 07 01:34:49 hostname-txyuq.foreman.pxe kernel: GICv3: CPU129: found redistributor 100060001 region 129:0x0000004640d40000
Sep 07 01:34:49 hostname-txyuq.foreman.pxe kernel: GICv3: CPU129: using allocated LPI pending table @0x00000900114e0000
Sep 07 01:34:49 hostname-txyuq.foreman.pxe kernel: CPU129: Booted secondary processor 0x0100060001 [0x480fd020]
Sep 07 01:34:49 hostname-txyuq.foreman.pxe kernel: Detected VIPT I-cache on CPU130
Sep 07 01:34:49 hostname-txyuq.foreman.pxe kernel: GICv3: CPU130: found redistributor 100060100 region 130:0x0000004640d80000
Sep 07 01:34:49 hostname-txyuq.foreman.pxe kernel: GICv3: CPU130: using allocated LPI pending table @0x00000900114f0000
Sep 07 01:34:49 hostname-txyuq.foreman.pxe kernel: CPU130: Booted secondary processor 0x0100060100 [0x480fd020]
Sep 07 01:34:49 hostname-txyuq.foreman.pxe kernel: Detected VIPT I-cache on CPU131
Sep 07 01:34:49 hostname-txyuq.foreman.pxe kernel: GICv3: CPU131: found redistributor 100060101 region 131:0x0000004640dc0000
Sep 07 01:34:49 hostname-txyuq.foreman.pxe kernel: GICv3: CPU131: using allocated LPI pending table @0x0000090011500000
Sep 07 01:34:49 hostname-txyuq.foreman.pxe kernel: CPU131: Booted secondary processor 0x0100060101 [0x480fd020]
Sep 07 01:34:49 hostname-txyuq.foreman.pxe kernel: Detected VIPT I-cache on CPU132
Sep 07 01:34:49 hostname-txyuq.foreman.pxe kernel: GICv3: CPU132: found redistributor 100060200 region 132:0x0000004640e00000
Sep 07 01:34:49 hostname-txyuq.foreman.pxe kernel: GICv3: CPU132: using allocated LPI pending table @0x0000090011510000
Sep 07 01:34:49 hostname-txyuq.foreman.pxe kernel: CPU132: Booted secondary processor 0x0100060200 [0x480fd020]
Sep 07 01:34:49 hostname-txyuq.foreman.pxe kernel: Detected VIPT I-cache on CPU133
Sep 07 01:34:49 hostname-txyuq.foreman.pxe kernel: GICv3: CPU133: found redistributor 100060201 region 133:0x0000004640e40000
Sep 07 01:34:49 hostname-txyuq.foreman.pxe kernel: GICv3: CPU133: using allocated LPI pending table @0x0000090011520000
Sep 07 01:34:49 hostname-txyuq.foreman.pxe kernel: CPU133: Booted secondary processor 0x0100060201 [0x480fd020]
Sep 07 01:34:49 hostname-txyuq.foreman.pxe kernel: Detected VIPT I-cache on CPU134
Sep 07 01:34:49 hostname-txyuq.foreman.pxe kernel: GICv3: CPU134: found redistributor 100060300 region 134:0x0000004640e80000
Sep 07 01:34:49 hostname-txyuq.foreman.pxe kernel: GICv3: CPU134: using allocated LPI pending table @0x0000090011530000
Sep 07 01:34:49 hostname-txyuq.foreman.pxe kernel: CPU134: Booted secondary processor 0x0100060300 [0x480fd020]
Sep 07 01:34:49 hostname-txyuq.foreman.pxe kernel: Detected VIPT I-cache on CPU135
Sep 07 01:34:49 hostname-txyuq.foreman.pxe kernel: GICv3: CPU135: found redistributor 100060301 region 135:0x0000004640ec0000
Sep 07 01:34:49 hostname-txyuq.foreman.pxe kernel: GICv3: CPU135: using allocated LPI pending table @0x0000090011540000
Sep 07 01:34:49 hostname-txyuq.foreman.pxe kernel: CPU135: Booted secondary processor 0x0100060301 [0x480fd020]
Sep 07 01:34:49 hostname-txyuq.foreman.pxe kernel: Detected VIPT I-cache on CPU136
Sep 07 01:34:49 hostname-txyuq.foreman.pxe kernel: GICv3: CPU136: found redistributor 100070000 region 136:0x0000004640f00000
Sep 07 01:34:49 hostname-txyuq.foreman.pxe kernel: GICv3: CPU136: using allocated LPI pending table @0x0000090011550000
Sep 07 01:34:49 hostname-txyuq.foreman.pxe kernel: CPU136: Booted secondary processor 0x0100070000 [0x480fd020]
Sep 07 01:34:49 hostname-txyuq.foreman.pxe kernel: Detected VIPT I-cache on CPU137
Sep 07 01:34:49 hostname-txyuq.foreman.pxe kernel: GICv3: CPU137: found redistributor 100070001 region 137:0x0000004640f40000
Sep 07 01:34:49 hostname-txyuq.foreman.pxe kernel: GICv3: CPU137: using allocated LPI pending table @0x0000090011560000
Sep 07 01:34:49 hostname-txyuq.foreman.pxe kernel: CPU137: Booted secondary processor 0x0100070001 [0x480fd020]
Sep 07 01:34:49 hostname-txyuq.foreman.pxe kernel: Detected VIPT I-cache on CPU138
Sep 07 01:34:49 hostname-txyuq.foreman.pxe kernel: GICv3: CPU138: found redistributor 100070100 region 138:0x0000004640f80000
Sep 07 01:34:49 hostname-txyuq.foreman.pxe kernel: GICv3: CPU138: using allocated LPI pending table @0x0000090011570000
Sep 07 01:34:49 hostname-txyuq.foreman.pxe kernel: CPU138: Booted secondary processor 0x0100070100 [0x480fd020]
Sep 07 01:34:49 hostname-txyuq.foreman.pxe kernel: Detected VIPT I-cache on CPU139
Sep 07 01:34:49 hostname-txyuq.foreman.pxe kernel: GICv3: CPU139: found redistributor 100070101 region 139:0x0000004640fc0000
Sep 07 01:34:49 hostname-txyuq.foreman.pxe kernel: GICv3: CPU139: using allocated LPI pending table @0x0000090011580000
Sep 07 01:34:49 hostname-txyuq.foreman.pxe kernel: CPU139: Booted secondary processor 0x0100070101 [0x480fd020]
Sep 07 01:34:49 hostname-txyuq.foreman.pxe kernel: Detected VIPT I-cache on CPU140
Sep 07 01:34:49 hostname-txyuq.foreman.pxe kernel: GICv3: CPU140: found redistributor 100070200 region 140:0x0000004641000000
Sep 07 01:34:49 hostname-txyuq.foreman.pxe kernel: GICv3: CPU140: using allocated LPI pending table @0x0000090011590000
Sep 07 01:34:49 hostname-txyuq.foreman.pxe kernel: CPU140: Booted secondary processor 0x0100070200 [0x480fd020]
Sep 07 01:34:49 hostname-txyuq.foreman.pxe kernel: Detected VIPT I-cache on CPU141
Sep 07 01:34:49 hostname-txyuq.foreman.pxe kernel: GICv3: CPU141: found redistributor 100070201 region 141:0x0000004641040000
Sep 07 01:34:49 hostname-txyuq.foreman.pxe kernel: GICv3: CPU141: using allocated LPI pending table @0x00000900115a0000
Sep 07 01:34:49 hostname-txyuq.foreman.pxe kernel: CPU141: Booted secondary processor 0x0100070201 [0x480fd020]
Sep 07 01:34:49 hostname-txyuq.foreman.pxe kernel: Detected VIPT I-cache on CPU142
Sep 07 01:34:49 hostname-txyuq.foreman.pxe kernel: GICv3: CPU142: found redistributor 100070300 region 142:0x0000004641080000
Sep 07 01:34:49 hostname-txyuq.foreman.pxe kernel: GICv3: CPU142: using allocated LPI pending table @0x00000900115b0000
Sep 07 01:34:49 hostname-txyuq.foreman.pxe kernel: CPU142: Booted secondary processor 0x0100070300 [0x480fd020]
Sep 07 01:34:49 hostname-txyuq.foreman.pxe kernel: Detected VIPT I-cache on CPU143
Sep 07 01:34:49 hostname-txyuq.foreman.pxe kernel: GICv3: CPU143: found redistributor 100070301 region 143:0x00000046410c0000
Sep 07 01:34:49 hostname-txyuq.foreman.pxe kernel: GICv3: CPU143: using allocated LPI pending table @0x00000900115c0000
Sep 07 01:34:49 hostname-txyuq.foreman.pxe kernel: CPU143: Booted secondary processor 0x0100070301 [0x480fd020]
Sep 07 01:34:49 hostname-txyuq.foreman.pxe kernel: Detected VIPT I-cache on CPU144
Sep 07 01:34:49 hostname-txyuq.foreman.pxe kernel: GICv3: CPU144: found redistributor 100080000 region 144:0x0000004641100000
Sep 07 01:34:49 hostname-txyuq.foreman.pxe kernel: GICv3: CPU144: using allocated LPI pending table @0x00000900115d0000
Sep 07 01:34:49 hostname-txyuq.foreman.pxe kernel: CPU144: Booted secondary processor 0x0100080000 [0x480fd020]
Sep 07 01:34:49 hostname-txyuq.foreman.pxe kernel: Detected VIPT I-cache on CPU145
Sep 07 01:34:49 hostname-txyuq.foreman.pxe kernel: GICv3: CPU145: found redistributor 100080001 region 145:0x0000004641140000
Sep 07 01:34:49 hostname-txyuq.foreman.pxe kernel: GICv3: CPU145: using allocated LPI pending table @0x00000900115e0000
Sep 07 01:34:49 hostname-txyuq.foreman.pxe kernel: CPU145: Booted secondary processor 0x0100080001 [0x480fd020]
Sep 07 01:34:49 hostname-txyuq.foreman.pxe kernel: Detected VIPT I-cache on CPU146
Sep 07 01:34:49 hostname-txyuq.foreman.pxe kernel: GICv3: CPU146: found redistributor 100080100 region 146:0x0000004641180000
Sep 07 01:34:49 hostname-txyuq.foreman.pxe kernel: GICv3: CPU146: using allocated LPI pending table @0x00000900115f0000
Sep 07 01:34:49 hostname-txyuq.foreman.pxe kernel: CPU146: Booted secondary processor 0x0100080100 [0x480fd020]
Sep 07 01:34:49 hostname-txyuq.foreman.pxe kernel: Detected VIPT I-cache on CPU147
Sep 07 01:34:49 hostname-txyuq.foreman.pxe kernel: GICv3: CPU147: found redistributor 100080101 region 147:0x00000046411c0000
Sep 07 01:34:49 hostname-txyuq.foreman.pxe kernel: GICv3: CPU147: using allocated LPI pending table @0x0000090011600000
Sep 07 01:34:49 hostname-txyuq.foreman.pxe kernel: CPU147: Booted secondary processor 0x0100080101 [0x480fd020]
Sep 07 01:34:49 hostname-txyuq.foreman.pxe kernel: Detected VIPT I-cache on CPU148
Sep 07 01:34:49 hostname-txyuq.foreman.pxe kernel: GICv3: CPU148: found redistributor 100080200 region 148:0x0000004641200000
Sep 07 01:34:49 hostname-txyuq.foreman.pxe kernel: GICv3: CPU148: using allocated LPI pending table @0x0000090011610000
Sep 07 01:34:49 hostname-txyuq.foreman.pxe kernel: CPU148: Booted secondary processor 0x0100080200 [0x480fd020]
Sep 07 01:34:49 hostname-txyuq.foreman.pxe kernel: Detected VIPT I-cache on CPU149
Sep 07 01:34:49 hostname-txyuq.foreman.pxe kernel: GICv3: CPU149: found redistributor 100080201 region 149:0x0000004641240000
Sep 07 01:34:49 hostname-txyuq.foreman.pxe kernel: GICv3: CPU149: using allocated LPI pending table @0x0000090011620000
Sep 07 01:34:49 hostname-txyuq.foreman.pxe kernel: CPU149: Booted secondary processor 0x0100080201 [0x480fd020]
Sep 07 01:34:49 hostname-txyuq.foreman.pxe kernel: Detected VIPT I-cache on CPU150
Sep 07 01:34:49 hostname-txyuq.foreman.pxe kernel: GICv3: CPU150: found redistributor 100080300 region 150:0x0000004641280000
Sep 07 01:34:49 hostname-txyuq.foreman.pxe kernel: GICv3: CPU150: using allocated LPI pending table @0x0000090011630000
Sep 07 01:34:49 hostname-txyuq.foreman.pxe kernel: CPU150: Booted secondary processor 0x0100080300 [0x480fd020]
Sep 07 01:34:49 hostname-txyuq.foreman.pxe kernel: Detected VIPT I-cache on CPU151
Sep 07 01:34:49 hostname-txyuq.foreman.pxe kernel: GICv3: CPU151: found redistributor 100080301 region 151:0x00000046412c0000
Sep 07 01:34:49 hostname-txyuq.foreman.pxe kernel: GICv3: CPU151: using allocated LPI pending table @0x0000090011640000
Sep 07 01:34:49 hostname-txyuq.foreman.pxe kernel: CPU151: Booted secondary processor 0x0100080301 [0x480fd020]
Sep 07 01:34:49 hostname-txyuq.foreman.pxe kernel: Detected VIPT I-cache on CPU152
Sep 07 01:34:49 hostname-txyuq.foreman.pxe kernel: GICv3: CPU152: found redistributor 100090000 region 152:0x0000004641300000
Sep 07 01:34:49 hostname-txyuq.foreman.pxe kernel: GICv3: CPU152: using allocated LPI pending table @0x0000090011650000
Sep 07 01:34:49 hostname-txyuq.foreman.pxe kernel: CPU152: Booted secondary processor 0x0100090000 [0x480fd020]
Sep 07 01:34:49 hostname-txyuq.foreman.pxe kernel: Detected VIPT I-cache on CPU153
Sep 07 01:34:49 hostname-txyuq.foreman.pxe kernel: GICv3: CPU153: found redistributor 100090001 region 153:0x0000004641340000
Sep 07 01:34:49 hostname-txyuq.foreman.pxe kernel: GICv3: CPU153: using allocated LPI pending table @0x0000090011660000
Sep 07 01:34:49 hostname-txyuq.foreman.pxe kernel: CPU153: Booted secondary processor 0x0100090001 [0x480fd020]
Sep 07 01:34:49 hostname-txyuq.foreman.pxe kernel: Detected VIPT I-cache on CPU154
Sep 07 01:34:49 hostname-txyuq.foreman.pxe kernel: GICv3: CPU154: found redistributor 100090100 region 154:0x0000004641380000
Sep 07 01:34:49 hostname-txyuq.foreman.pxe kernel: GICv3: CPU154: using allocated LPI pending table @0x0000090011670000
Sep 07 01:34:49 hostname-txyuq.foreman.pxe kernel: CPU154: Booted secondary processor 0x0100090100 [0x480fd020]
Sep 07 01:34:49 hostname-txyuq.foreman.pxe kernel: Detected VIPT I-cache on CPU155
Sep 07 01:34:49 hostname-txyuq.foreman.pxe kernel: GICv3: CPU155: found redistributor 100090101 region 155:0x00000046413c0000
Sep 07 01:34:49 hostname-txyuq.foreman.pxe kernel: GICv3: CPU155: using allocated LPI pending table @0x0000090011680000
Sep 07 01:34:49 hostname-txyuq.foreman.pxe kernel: CPU155: Booted secondary processor 0x0100090101 [0x480fd020]
Sep 07 01:34:49 hostname-txyuq.foreman.pxe kernel: Detected VIPT I-cache on CPU156
Sep 07 01:34:49 hostname-txyuq.foreman.pxe kernel: GICv3: CPU156: found redistributor 100090200 region 156:0x0000004641400000
Sep 07 01:34:49 hostname-txyuq.foreman.pxe kernel: GICv3: CPU156: using allocated LPI pending table @0x0000090011690000
Sep 07 01:34:49 hostname-txyuq.foreman.pxe kernel: CPU156: Booted secondary processor 0x0100090200 [0x480fd020]
Sep 07 01:34:49 hostname-txyuq.foreman.pxe kernel: Detected VIPT I-cache on CPU157
Sep 07 01:34:49 hostname-txyuq.foreman.pxe kernel: GICv3: CPU157: found redistributor 100090201 region 157:0x0000004641440000
Sep 07 01:34:49 hostname-txyuq.foreman.pxe kernel: GICv3: CPU157: using allocated LPI pending table @0x00000900116a0000
Sep 07 01:34:49 hostname-txyuq.foreman.pxe kernel: CPU157: Booted secondary processor 0x0100090201 [0x480fd020]
Sep 07 01:34:49 hostname-txyuq.foreman.pxe kernel: Detected VIPT I-cache on CPU158
Sep 07 01:34:49 hostname-txyuq.foreman.pxe kernel: GICv3: CPU158: found redistributor 100090300 region 158:0x0000004641480000
Sep 07 01:34:49 hostname-txyuq.foreman.pxe kernel: GICv3: CPU158: using allocated LPI pending table @0x00000900116b0000
Sep 07 01:34:49 hostname-txyuq.foreman.pxe kernel: CPU158: Booted secondary processor 0x0100090300 [0x480fd020]
Sep 07 01:34:49 hostname-txyuq.foreman.pxe kernel: Detected VIPT I-cache on CPU159
Sep 07 01:34:49 hostname-txyuq.foreman.pxe kernel: GICv3: CPU159: found redistributor 100090301 region 159:0x00000046414c0000
Sep 07 01:34:49 hostname-txyuq.foreman.pxe kernel: GICv3: CPU159: using allocated LPI pending table @0x00000900116c0000
Sep 07 01:34:49 hostname-txyuq.foreman.pxe kernel: CPU159: Booted secondary processor 0x0100090301 [0x480fd020]
Sep 07 01:34:49 hostname-txyuq.foreman.pxe kernel: Detected VIPT I-cache on CPU160
Sep 07 01:34:49 hostname-txyuq.foreman.pxe kernel: GICv3: CPU160: found redistributor b00000000 region 160:0x000020c640100000
Sep 07 01:34:49 hostname-txyuq.foreman.pxe kernel: GICv3: CPU160: using allocated LPI pending table @0x00000900116d0000
Sep 07 01:34:49 hostname-txyuq.foreman.pxe kernel: CPU160: Booted secondary processor 0x0b00000000 [0x480fd020]
Sep 07 01:34:49 hostname-txyuq.foreman.pxe kernel: Detected VIPT I-cache on CPU161
Sep 07 01:34:49 hostname-txyuq.foreman.pxe kernel: GICv3: CPU161: found redistributor b00000001 region 161:0x000020c640140000
Sep 07 01:34:49 hostname-txyuq.foreman.pxe kernel: GICv3: CPU161: using allocated LPI pending table @0x00000900116e0000
Sep 07 01:34:49 hostname-txyuq.foreman.pxe kernel: CPU161: Booted secondary processor 0x0b00000001 [0x480fd020]
Sep 07 01:34:49 hostname-txyuq.foreman.pxe kernel: Detected VIPT I-cache on CPU162
Sep 07 01:34:49 hostname-txyuq.foreman.pxe kernel: GICv3: CPU162: found redistributor b00000100 region 162:0x000020c640180000
Sep 07 01:34:49 hostname-txyuq.foreman.pxe kernel: GICv3: CPU162: using allocated LPI pending table @0x00000900116f0000
Sep 07 01:34:49 hostname-txyuq.foreman.pxe kernel: CPU162: Booted secondary processor 0x0b00000100 [0x480fd020]
Sep 07 01:34:49 hostname-txyuq.foreman.pxe kernel: Detected VIPT I-cache on CPU163
Sep 07 01:34:49 hostname-txyuq.foreman.pxe kernel: GICv3: CPU163: found redistributor b00000101 region 163:0x000020c6401c0000
Sep 07 01:34:49 hostname-txyuq.foreman.pxe kernel: GICv3: CPU163: using allocated LPI pending table @0x0000090011700000
Sep 07 01:34:49 hostname-txyuq.foreman.pxe kernel: CPU163: Booted secondary processor 0x0b00000101 [0x480fd020]
Sep 07 01:34:49 hostname-txyuq.foreman.pxe kernel: Detected VIPT I-cache on CPU164
Sep 07 01:34:49 hostname-txyuq.foreman.pxe kernel: GICv3: CPU164: found redistributor b00000200 region 164:0x000020c640200000
Sep 07 01:34:49 hostname-txyuq.foreman.pxe kernel: GICv3: CPU164: using allocated LPI pending table @0x0000090011710000
Sep 07 01:34:49 hostname-txyuq.foreman.pxe kernel: CPU164: Booted secondary processor 0x0b00000200 [0x480fd020]
Sep 07 01:34:49 hostname-txyuq.foreman.pxe kernel: Detected VIPT I-cache on CPU165
Sep 07 01:34:49 hostname-txyuq.foreman.pxe kernel: GICv3: CPU165: found redistributor b00000201 region 165:0x000020c640240000
Sep 07 01:34:49 hostname-txyuq.foreman.pxe kernel: GICv3: CPU165: using allocated LPI pending table @0x0000090011720000
Sep 07 01:34:49 hostname-txyuq.foreman.pxe kernel: CPU165: Booted secondary processor 0x0b00000201 [0x480fd020]
Sep 07 01:34:49 hostname-txyuq.foreman.pxe kernel: Detected VIPT I-cache on CPU166
Sep 07 01:34:49 hostname-txyuq.foreman.pxe kernel: GICv3: CPU166: found redistributor b00000300 region 166:0x000020c640280000
Sep 07 01:34:49 hostname-txyuq.foreman.pxe kernel: GICv3: CPU166: using allocated LPI pending table @0x0000090011730000
Sep 07 01:34:49 hostname-txyuq.foreman.pxe kernel: CPU166: Booted secondary processor 0x0b00000300 [0x480fd020]
Sep 07 01:34:49 hostname-txyuq.foreman.pxe kernel: Detected VIPT I-cache on CPU167
Sep 07 01:34:49 hostname-txyuq.foreman.pxe kernel: GICv3: CPU167: found redistributor b00000301 region 167:0x000020c6402c0000
Sep 07 01:34:49 hostname-txyuq.foreman.pxe kernel: GICv3: CPU167: using allocated LPI pending table @0x0000090011740000
Sep 07 01:34:49 hostname-txyuq.foreman.pxe kernel: CPU167: Booted secondary processor 0x0b00000301 [0x480fd020]
Sep 07 01:34:49 hostname-txyuq.foreman.pxe kernel: Detected VIPT I-cache on CPU168
Sep 07 01:34:49 hostname-txyuq.foreman.pxe kernel: GICv3: CPU168: found redistributor b00010000 region 168:0x000020c640300000
Sep 07 01:34:49 hostname-txyuq.foreman.pxe kernel: GICv3: CPU168: using allocated LPI pending table @0x0000090011750000
Sep 07 01:34:49 hostname-txyuq.foreman.pxe kernel: CPU168: Booted secondary processor 0x0b00010000 [0x480fd020]
Sep 07 01:34:49 hostname-txyuq.foreman.pxe kernel: Detected VIPT I-cache on CPU169
Sep 07 01:34:49 hostname-txyuq.foreman.pxe kernel: GICv3: CPU169: found redistributor b00010001 region 169:0x000020c640340000
Sep 07 01:34:49 hostname-txyuq.foreman.pxe kernel: GICv3: CPU169: using allocated LPI pending table @0x0000090011760000
Sep 07 01:34:49 hostname-txyuq.foreman.pxe kernel: CPU169: Booted secondary processor 0x0b00010001 [0x480fd020]
Sep 07 01:34:49 hostname-txyuq.foreman.pxe kernel: Detected VIPT I-cache on CPU170
Sep 07 01:34:49 hostname-txyuq.foreman.pxe kernel: GICv3: CPU170: found redistributor b00010100 region 170:0x000020c640380000
Sep 07 01:34:49 hostname-txyuq.foreman.pxe kernel: GICv3: CPU170: using allocated LPI pending table @0x0000090011770000
Sep 07 01:34:49 hostname-txyuq.foreman.pxe kernel: CPU170: Booted secondary processor 0x0b00010100 [0x480fd020]
Sep 07 01:34:49 hostname-txyuq.foreman.pxe kernel: Detected VIPT I-cache on CPU171
Sep 07 01:34:49 hostname-txyuq.foreman.pxe kernel: GICv3: CPU171: found redistributor b00010101 region 171:0x000020c6403c0000
Sep 07 01:34:49 hostname-txyuq.foreman.pxe kernel: GICv3: CPU171: using allocated LPI pending table @0x0000090011780000
Sep 07 01:34:49 hostname-txyuq.foreman.pxe kernel: CPU171: Booted secondary processor 0x0b00010101 [0x480fd020]
Sep 07 01:34:49 hostname-txyuq.foreman.pxe kernel: Detected VIPT I-cache on CPU172
Sep 07 01:34:49 hostname-txyuq.foreman.pxe kernel: GICv3: CPU172: found redistributor b00010200 region 172:0x000020c640400000
Sep 07 01:34:49 hostname-txyuq.foreman.pxe kernel: GICv3: CPU172: using allocated LPI pending table @0x0000090011790000
Sep 07 01:34:49 hostname-txyuq.foreman.pxe kernel: CPU172: Booted secondary processor 0x0b00010200 [0x480fd020]
Sep 07 01:34:49 hostname-txyuq.foreman.pxe kernel: Detected VIPT I-cache on CPU173
Sep 07 01:34:49 hostname-txyuq.foreman.pxe kernel: GICv3: CPU173: found redistributor b00010201 region 173:0x000020c640440000
Sep 07 01:34:49 hostname-txyuq.foreman.pxe kernel: GICv3: CPU173: using allocated LPI pending table @0x00000900117a0000
Sep 07 01:34:49 hostname-txyuq.foreman.pxe kernel: CPU173: Booted secondary processor 0x0b00010201 [0x480fd020]
Sep 07 01:34:49 hostname-txyuq.foreman.pxe kernel: Detected VIPT I-cache on CPU174
Sep 07 01:34:49 hostname-txyuq.foreman.pxe kernel: GICv3: CPU174: found redistributor b00010300 region 174:0x000020c640480000
Sep 07 01:34:49 hostname-txyuq.foreman.pxe kernel: GICv3: CPU174: using allocated LPI pending table @0x00000900117b0000
Sep 07 01:34:49 hostname-txyuq.foreman.pxe kernel: CPU174: Booted secondary processor 0x0b00010300 [0x480fd020]
Sep 07 01:34:49 hostname-txyuq.foreman.pxe kernel: Detected VIPT I-cache on CPU175
Sep 07 01:34:49 hostname-txyuq.foreman.pxe kernel: GICv3: CPU175: found redistributor b00010301 region 175:0x000020c6404c0000
Sep 07 01:34:49 hostname-txyuq.foreman.pxe kernel: GICv3: CPU175: using allocated LPI pending table @0x00000900117c0000
Sep 07 01:34:49 hostname-txyuq.foreman.pxe kernel: CPU175: Booted secondary processor 0x0b00010301 [0x480fd020]
Sep 07 01:34:49 hostname-txyuq.foreman.pxe kernel: Detected VIPT I-cache on CPU176
Sep 07 01:34:49 hostname-txyuq.foreman.pxe kernel: GICv3: CPU176: found redistributor b00020000 region 176:0x000020c640500000
Sep 07 01:34:49 hostname-txyuq.foreman.pxe kernel: GICv3: CPU176: using allocated LPI pending table @0x00000900117d0000
Sep 07 01:34:49 hostname-txyuq.foreman.pxe kernel: CPU176: Booted secondary processor 0x0b00020000 [0x480fd020]
Sep 07 01:34:49 hostname-txyuq.foreman.pxe kernel: Detected VIPT I-cache on CPU177
Sep 07 01:34:49 hostname-txyuq.foreman.pxe kernel: GICv3: CPU177: found redistributor b00020001 region 177:0x000020c640540000
Sep 07 01:34:49 hostname-txyuq.foreman.pxe kernel: GICv3: CPU177: using allocated LPI pending table @0x00000900117e0000
Sep 07 01:34:49 hostname-txyuq.foreman.pxe kernel: CPU177: Booted secondary processor 0x0b00020001 [0x480fd020]
Sep 07 01:34:49 hostname-txyuq.foreman.pxe kernel: Detected VIPT I-cache on CPU178
Sep 07 01:34:49 hostname-txyuq.foreman.pxe kernel: GICv3: CPU178: found redistributor b00020100 region 178:0x000020c640580000
Sep 07 01:34:49 hostname-txyuq.foreman.pxe kernel: GICv3: CPU178: using allocated LPI pending table @0x00000900117f0000
Sep 07 01:34:49 hostname-txyuq.foreman.pxe kernel: CPU178: Booted secondary processor 0x0b00020100 [0x480fd020]
Sep 07 01:34:49 hostname-txyuq.foreman.pxe kernel: Detected VIPT I-cache on CPU179
Sep 07 01:34:49 hostname-txyuq.foreman.pxe kernel: GICv3: CPU179: found redistributor b00020101 region 179:0x000020c6405c0000
Sep 07 01:34:49 hostname-txyuq.foreman.pxe kernel: GICv3: CPU179: using allocated LPI pending table @0x0000090011800000
Sep 07 01:34:49 hostname-txyuq.foreman.pxe kernel: CPU179: Booted secondary processor 0x0b00020101 [0x480fd020]
Sep 07 01:34:49 hostname-txyuq.foreman.pxe kernel: Detected VIPT I-cache on CPU180
Sep 07 01:34:49 hostname-txyuq.foreman.pxe kernel: GICv3: CPU180: found redistributor b00020200 region 180:0x000020c640600000
Sep 07 01:34:49 hostname-txyuq.foreman.pxe kernel: GICv3: CPU180: using allocated LPI pending table @0x0000090011810000
Sep 07 01:34:49 hostname-txyuq.foreman.pxe kernel: CPU180: Booted secondary processor 0x0b00020200 [0x480fd020]
Sep 07 01:34:49 hostname-txyuq.foreman.pxe kernel: Detected VIPT I-cache on CPU181
Sep 07 01:34:49 hostname-txyuq.foreman.pxe kernel: GICv3: CPU181: found redistributor b00020201 region 181:0x000020c640640000
Sep 07 01:34:49 hostname-txyuq.foreman.pxe kernel: GICv3: CPU181: using allocated LPI pending table @0x0000090011820000
Sep 07 01:34:49 hostname-txyuq.foreman.pxe kernel: CPU181: Booted secondary processor 0x0b00020201 [0x480fd020]
Sep 07 01:34:49 hostname-txyuq.foreman.pxe kernel: Detected VIPT I-cache on CPU182
Sep 07 01:34:49 hostname-txyuq.foreman.pxe kernel: GICv3: CPU182: found redistributor b00020300 region 182:0x000020c640680000
Sep 07 01:34:49 hostname-txyuq.foreman.pxe kernel: GICv3: CPU182: using allocated LPI pending table @0x0000090011830000
Sep 07 01:34:49 hostname-txyuq.foreman.pxe kernel: CPU182: Booted secondary processor 0x0b00020300 [0x480fd020]
Sep 07 01:34:49 hostname-txyuq.foreman.pxe kernel: Detected VIPT I-cache on CPU183
Sep 07 01:34:49 hostname-txyuq.foreman.pxe kernel: GICv3: CPU183: found redistributor b00020301 region 183:0x000020c6406c0000
Sep 07 01:34:49 hostname-txyuq.foreman.pxe kernel: GICv3: CPU183: using allocated LPI pending table @0x0000090011840000
Sep 07 01:34:49 hostname-txyuq.foreman.pxe kernel: CPU183: Booted secondary processor 0x0b00020301 [0x480fd020]
Sep 07 01:34:49 hostname-txyuq.foreman.pxe kernel: Detected VIPT I-cache on CPU184
Sep 07 01:34:49 hostname-txyuq.foreman.pxe kernel: GICv3: CPU184: found redistributor b00030000 region 184:0x000020c640700000
Sep 07 01:34:49 hostname-txyuq.foreman.pxe kernel: GICv3: CPU184: using allocated LPI pending table @0x0000090011850000
Sep 07 01:34:49 hostname-txyuq.foreman.pxe kernel: CPU184: Booted secondary processor 0x0b00030000 [0x480fd020]
Sep 07 01:34:49 hostname-txyuq.foreman.pxe kernel: Detected VIPT I-cache on CPU185
Sep 07 01:34:49 hostname-txyuq.foreman.pxe kernel: GICv3: CPU185: found redistributor b00030001 region 185:0x000020c640740000
Sep 07 01:34:49 hostname-txyuq.foreman.pxe kernel: GICv3: CPU185: using allocated LPI pending table @0x0000090011860000
Sep 07 01:34:49 hostname-txyuq.foreman.pxe kernel: CPU185: Booted secondary processor 0x0b00030001 [0x480fd020]
Sep 07 01:34:49 hostname-txyuq.foreman.pxe kernel: Detected VIPT I-cache on CPU186
Sep 07 01:34:49 hostname-txyuq.foreman.pxe kernel: GICv3: CPU186: found redistributor b00030100 region 186:0x000020c640780000
Sep 07 01:34:49 hostname-txyuq.foreman.pxe kernel: GICv3: CPU186: using allocated LPI pending table @0x0000090011870000
Sep 07 01:34:49 hostname-txyuq.foreman.pxe kernel: CPU186: Booted secondary processor 0x0b00030100 [0x480fd020]
Sep 07 01:34:49 hostname-txyuq.foreman.pxe kernel: Detected VIPT I-cache on CPU187
Sep 07 01:34:49 hostname-txyuq.foreman.pxe kernel: GICv3: CPU187: found redistributor b00030101 region 187:0x000020c6407c0000
Sep 07 01:34:49 hostname-txyuq.foreman.pxe kernel: GICv3: CPU187: using allocated LPI pending table @0x0000090011880000
Sep 07 01:34:49 hostname-txyuq.foreman.pxe kernel: CPU187: Booted secondary processor 0x0b00030101 [0x480fd020]
Sep 07 01:34:49 hostname-txyuq.foreman.pxe kernel: Detected VIPT I-cache on CPU188
Sep 07 01:34:49 hostname-txyuq.foreman.pxe kernel: GICv3: CPU188: found redistributor b00030200 region 188:0x000020c640800000
Sep 07 01:34:49 hostname-txyuq.foreman.pxe kernel: GICv3: CPU188: using allocated LPI pending table @0x0000090011890000
Sep 07 01:34:49 hostname-txyuq.foreman.pxe kernel: CPU188: Booted secondary processor 0x0b00030200 [0x480fd020]
Sep 07 01:34:49 hostname-txyuq.foreman.pxe kernel: Detected VIPT I-cache on CPU189
Sep 07 01:34:49 hostname-txyuq.foreman.pxe kernel: GICv3: CPU189: found redistributor b00030201 region 189:0x000020c640840000
Sep 07 01:34:49 hostname-txyuq.foreman.pxe kernel: GICv3: CPU189: using allocated LPI pending table @0x00000900118a0000
Sep 07 01:34:49 hostname-txyuq.foreman.pxe kernel: CPU189: Booted secondary processor 0x0b00030201 [0x480fd020]
Sep 07 01:34:49 hostname-txyuq.foreman.pxe kernel: Detected VIPT I-cache on CPU190
Sep 07 01:34:49 hostname-txyuq.foreman.pxe kernel: GICv3: CPU190: found redistributor b00030300 region 190:0x000020c640880000
Sep 07 01:34:49 hostname-txyuq.foreman.pxe kernel: GICv3: CPU190: using allocated LPI pending table @0x00000900118b0000
Sep 07 01:34:49 hostname-txyuq.foreman.pxe kernel: CPU190: Booted secondary processor 0x0b00030300 [0x480fd020]
Sep 07 01:34:49 hostname-txyuq.foreman.pxe kernel: Detected VIPT I-cache on CPU191
Sep 07 01:34:49 hostname-txyuq.foreman.pxe kernel: GICv3: CPU191: found redistributor b00030301 region 191:0x000020c6408c0000
Sep 07 01:34:49 hostname-txyuq.foreman.pxe kernel: GICv3: CPU191: using allocated LPI pending table @0x00000900118c0000
Sep 07 01:34:49 hostname-txyuq.foreman.pxe kernel: CPU191: Booted secondary processor 0x0b00030301 [0x480fd020]
Sep 07 01:34:49 hostname-txyuq.foreman.pxe kernel: Detected VIPT I-cache on CPU192
Sep 07 01:34:49 hostname-txyuq.foreman.pxe kernel: GICv3: CPU192: found redistributor b00040000 region 192:0x000020c640900000
Sep 07 01:34:49 hostname-txyuq.foreman.pxe kernel: GICv3: CPU192: using allocated LPI pending table @0x00000900118d0000
Sep 07 01:34:49 hostname-txyuq.foreman.pxe kernel: CPU192: Booted secondary processor 0x0b00040000 [0x480fd020]
Sep 07 01:34:49 hostname-txyuq.foreman.pxe kernel: Detected VIPT I-cache on CPU193
Sep 07 01:34:49 hostname-txyuq.foreman.pxe kernel: GICv3: CPU193: found redistributor b00040001 region 193:0x000020c640940000
Sep 07 01:34:49 hostname-txyuq.foreman.pxe kernel: GICv3: CPU193: using allocated LPI pending table @0x00000900118e0000
Sep 07 01:34:49 hostname-txyuq.foreman.pxe kernel: CPU193: Booted secondary processor 0x0b00040001 [0x480fd020]
Sep 07 01:34:49 hostname-txyuq.foreman.pxe kernel: Detected VIPT I-cache on CPU194
Sep 07 01:34:49 hostname-txyuq.foreman.pxe kernel: GICv3: CPU194: found redistributor b00040100 region 194:0x000020c640980000
Sep 07 01:34:49 hostname-txyuq.foreman.pxe kernel: GICv3: CPU194: using allocated LPI pending table @0x00000900118f0000
Sep 07 01:34:49 hostname-txyuq.foreman.pxe kernel: CPU194: Booted secondary processor 0x0b00040100 [0x480fd020]
Sep 07 01:34:49 hostname-txyuq.foreman.pxe kernel: Detected VIPT I-cache on CPU195
Sep 07 01:34:49 hostname-txyuq.foreman.pxe kernel: GICv3: CPU195: found redistributor b00040101 region 195:0x000020c6409c0000
Sep 07 01:34:49 hostname-txyuq.foreman.pxe kernel: GICv3: CPU195: using allocated LPI pending table @0x0000090011900000
Sep 07 01:34:49 hostname-txyuq.foreman.pxe kernel: CPU195: Booted secondary processor 0x0b00040101 [0x480fd020]
Sep 07 01:34:49 hostname-txyuq.foreman.pxe kernel: Detected VIPT I-cache on CPU196
Sep 07 01:34:49 hostname-txyuq.foreman.pxe kernel: GICv3: CPU196: found redistributor b00040200 region 196:0x000020c640a00000
Sep 07 01:34:49 hostname-txyuq.foreman.pxe kernel: GICv3: CPU196: using allocated LPI pending table @0x0000090011910000
Sep 07 01:34:49 hostname-txyuq.foreman.pxe kernel: CPU196: Booted secondary processor 0x0b00040200 [0x480fd020]
Sep 07 01:34:49 hostname-txyuq.foreman.pxe kernel: Detected VIPT I-cache on CPU197
Sep 07 01:34:49 hostname-txyuq.foreman.pxe kernel: GICv3: CPU197: found redistributor b00040201 region 197:0x000020c640a40000
Sep 07 01:34:49 hostname-txyuq.foreman.pxe kernel: GICv3: CPU197: using allocated LPI pending table @0x0000090011920000
Sep 07 01:34:49 hostname-txyuq.foreman.pxe kernel: CPU197: Booted secondary processor 0x0b00040201 [0x480fd020]
Sep 07 01:34:49 hostname-txyuq.foreman.pxe kernel: Detected VIPT I-cache on CPU198
Sep 07 01:34:49 hostname-txyuq.foreman.pxe kernel: GICv3: CPU198: found redistributor b00040300 region 198:0x000020c640a80000
Sep 07 01:34:49 hostname-txyuq.foreman.pxe kernel: GICv3: CPU198: using allocated LPI pending table @0x0000090011930000
Sep 07 01:34:49 hostname-txyuq.foreman.pxe kernel: CPU198: Booted secondary processor 0x0b00040300 [0x480fd020]
Sep 07 01:34:49 hostname-txyuq.foreman.pxe kernel: Detected VIPT I-cache on CPU199
Sep 07 01:34:49 hostname-txyuq.foreman.pxe kernel: GICv3: CPU199: found redistributor b00040301 region 199:0x000020c640ac0000
Sep 07 01:34:49 hostname-txyuq.foreman.pxe kernel: GICv3: CPU199: using allocated LPI pending table @0x0000090011940000
Sep 07 01:34:49 hostname-txyuq.foreman.pxe kernel: CPU199: Booted secondary processor 0x0b00040301 [0x480fd020]
Sep 07 01:34:49 hostname-txyuq.foreman.pxe kernel: Detected VIPT I-cache on CPU200
Sep 07 01:34:49 hostname-txyuq.foreman.pxe kernel: GICv3: CPU200: found redistributor b00050000 region 200:0x000020c640b00000
Sep 07 01:34:49 hostname-txyuq.foreman.pxe kernel: GICv3: CPU200: using allocated LPI pending table @0x0000090011950000
Sep 07 01:34:49 hostname-txyuq.foreman.pxe kernel: CPU200: Booted secondary processor 0x0b00050000 [0x480fd020]
Sep 07 01:34:49 hostname-txyuq.foreman.pxe kernel: Detected VIPT I-cache on CPU201
Sep 07 01:34:49 hostname-txyuq.foreman.pxe kernel: GICv3: CPU201: found redistributor b00050001 region 201:0x000020c640b40000
Sep 07 01:34:49 hostname-txyuq.foreman.pxe kernel: GICv3: CPU201: using allocated LPI pending table @0x0000090011960000
Sep 07 01:34:49 hostname-txyuq.foreman.pxe kernel: CPU201: Booted secondary processor 0x0b00050001 [0x480fd020]
Sep 07 01:34:49 hostname-txyuq.foreman.pxe kernel: Detected VIPT I-cache on CPU202
Sep 07 01:34:49 hostname-txyuq.foreman.pxe kernel: GICv3: CPU202: found redistributor b00050100 region 202:0x000020c640b80000
Sep 07 01:34:49 hostname-txyuq.foreman.pxe kernel: GICv3: CPU202: using allocated LPI pending table @0x0000090011970000
Sep 07 01:34:49 hostname-txyuq.foreman.pxe kernel: CPU202: Booted secondary processor 0x0b00050100 [0x480fd020]
Sep 07 01:34:49 hostname-txyuq.foreman.pxe kernel: Detected VIPT I-cache on CPU203
Sep 07 01:34:49 hostname-txyuq.foreman.pxe kernel: GICv3: CPU203: found redistributor b00050101 region 203:0x000020c640bc0000
Sep 07 01:34:49 hostname-txyuq.foreman.pxe kernel: GICv3: CPU203: using allocated LPI pending table @0x0000090011980000
Sep 07 01:34:49 hostname-txyuq.foreman.pxe kernel: CPU203: Booted secondary processor 0x0b00050101 [0x480fd020]
Sep 07 01:34:49 hostname-txyuq.foreman.pxe kernel: Detected VIPT I-cache on CPU204
Sep 07 01:34:49 hostname-txyuq.foreman.pxe kernel: GICv3: CPU204: found redistributor b00050200 region 204:0x000020c640c00000
Sep 07 01:34:49 hostname-txyuq.foreman.pxe kernel: GICv3: CPU204: using allocated LPI pending table @0x0000090011990000
Sep 07 01:34:49 hostname-txyuq.foreman.pxe kernel: CPU204: Booted secondary processor 0x0b00050200 [0x480fd020]
Sep 07 01:34:49 hostname-txyuq.foreman.pxe kernel: Detected VIPT I-cache on CPU205
Sep 07 01:34:49 hostname-txyuq.foreman.pxe kernel: GICv3: CPU205: found redistributor b00050201 region 205:0x000020c640c40000
Sep 07 01:34:49 hostname-txyuq.foreman.pxe kernel: GICv3: CPU205: using allocated LPI pending table @0x00000900119a0000
Sep 07 01:34:49 hostname-txyuq.foreman.pxe kernel: CPU205: Booted secondary processor 0x0b00050201 [0x480fd020]
Sep 07 01:34:49 hostname-txyuq.foreman.pxe kernel: Detected VIPT I-cache on CPU206
Sep 07 01:34:49 hostname-txyuq.foreman.pxe kernel: GICv3: CPU206: found redistributor b00050300 region 206:0x000020c640c80000
Sep 07 01:34:49 hostname-txyuq.foreman.pxe kernel: GICv3: CPU206: using allocated LPI pending table @0x00000900119b0000
Sep 07 01:34:49 hostname-txyuq.foreman.pxe kernel: CPU206: Booted secondary processor 0x0b00050300 [0x480fd020]
Sep 07 01:34:49 hostname-txyuq.foreman.pxe kernel: Detected VIPT I-cache on CPU207
Sep 07 01:34:49 hostname-txyuq.foreman.pxe kernel: GICv3: CPU207: found redistributor b00050301 region 207:0x000020c640cc0000
Sep 07 01:34:49 hostname-txyuq.foreman.pxe kernel: GICv3: CPU207: using allocated LPI pending table @0x00000900119c0000
Sep 07 01:34:49 hostname-txyuq.foreman.pxe kernel: CPU207: Booted secondary processor 0x0b00050301 [0x480fd020]
Sep 07 01:34:49 hostname-txyuq.foreman.pxe kernel: Detected VIPT I-cache on CPU208
Sep 07 01:34:49 hostname-txyuq.foreman.pxe kernel: GICv3: CPU208: found redistributor b00060000 region 208:0x000020c640d00000
Sep 07 01:34:49 hostname-txyuq.foreman.pxe kernel: GICv3: CPU208: using allocated LPI pending table @0x00000900119d0000
Sep 07 01:34:49 hostname-txyuq.foreman.pxe kernel: CPU208: Booted secondary processor 0x0b00060000 [0x480fd020]
Sep 07 01:34:49 hostname-txyuq.foreman.pxe kernel: Detected VIPT I-cache on CPU209
Sep 07 01:34:49 hostname-txyuq.foreman.pxe kernel: GICv3: CPU209: found redistributor b00060001 region 209:0x000020c640d40000
Sep 07 01:34:49 hostname-txyuq.foreman.pxe kernel: GICv3: CPU209: using allocated LPI pending table @0x00000900119e0000
Sep 07 01:34:49 hostname-txyuq.foreman.pxe kernel: CPU209: Booted secondary processor 0x0b00060001 [0x480fd020]
Sep 07 01:34:49 hostname-txyuq.foreman.pxe kernel: Detected VIPT I-cache on CPU210
Sep 07 01:34:49 hostname-txyuq.foreman.pxe kernel: GICv3: CPU210: found redistributor b00060100 region 210:0x000020c640d80000
Sep 07 01:34:49 hostname-txyuq.foreman.pxe kernel: GICv3: CPU210: using allocated LPI pending table @0x00000900119f0000
Sep 07 01:34:49 hostname-txyuq.foreman.pxe kernel: CPU210: Booted secondary processor 0x0b00060100 [0x480fd020]
Sep 07 01:34:49 hostname-txyuq.foreman.pxe kernel: Detected VIPT I-cache on CPU211
Sep 07 01:34:49 hostname-txyuq.foreman.pxe kernel: GICv3: CPU211: found redistributor b00060101 region 211:0x000020c640dc0000
Sep 07 01:34:49 hostname-txyuq.foreman.pxe kernel: GICv3: CPU211: using allocated LPI pending table @0x0000090011a00000
Sep 07 01:34:49 hostname-txyuq.foreman.pxe kernel: CPU211: Booted secondary processor 0x0b00060101 [0x480fd020]
Sep 07 01:34:49 hostname-txyuq.foreman.pxe kernel: Detected VIPT I-cache on CPU212
Sep 07 01:34:49 hostname-txyuq.foreman.pxe kernel: GICv3: CPU212: found redistributor b00060200 region 212:0x000020c640e00000
Sep 07 01:34:49 hostname-txyuq.foreman.pxe kernel: GICv3: CPU212: using allocated LPI pending table @0x0000090011a10000
Sep 07 01:34:49 hostname-txyuq.foreman.pxe kernel: CPU212: Booted secondary processor 0x0b00060200 [0x480fd020]
Sep 07 01:34:49 hostname-txyuq.foreman.pxe kernel: Detected VIPT I-cache on CPU213
Sep 07 01:34:49 hostname-txyuq.foreman.pxe kernel: GICv3: CPU213: found redistributor b00060201 region 213:0x000020c640e40000
Sep 07 01:34:49 hostname-txyuq.foreman.pxe kernel: GICv3: CPU213: using allocated LPI pending table @0x0000090011a20000
Sep 07 01:34:49 hostname-txyuq.foreman.pxe kernel: CPU213: Booted secondary processor 0x0b00060201 [0x480fd020]
Sep 07 01:34:49 hostname-txyuq.foreman.pxe kernel: Detected VIPT I-cache on CPU214
Sep 07 01:34:49 hostname-txyuq.foreman.pxe kernel: GICv3: CPU214: found redistributor b00060300 region 214:0x000020c640e80000
Sep 07 01:34:49 hostname-txyuq.foreman.pxe kernel: GICv3: CPU214: using allocated LPI pending table @0x0000090011a30000
Sep 07 01:34:49 hostname-txyuq.foreman.pxe kernel: CPU214: Booted secondary processor 0x0b00060300 [0x480fd020]
Sep 07 01:34:49 hostname-txyuq.foreman.pxe kernel: Detected VIPT I-cache on CPU215
Sep 07 01:34:49 hostname-txyuq.foreman.pxe kernel: GICv3: CPU215: found redistributor b00060301 region 215:0x000020c640ec0000
Sep 07 01:34:49 hostname-txyuq.foreman.pxe kernel: GICv3: CPU215: using allocated LPI pending table @0x0000090011a40000
Sep 07 01:34:49 hostname-txyuq.foreman.pxe kernel: CPU215: Booted secondary processor 0x0b00060301 [0x480fd020]
Sep 07 01:34:49 hostname-txyuq.foreman.pxe kernel: Detected VIPT I-cache on CPU216
Sep 07 01:34:49 hostname-txyuq.foreman.pxe kernel: GICv3: CPU216: found redistributor b00070000 region 216:0x000020c640f00000
Sep 07 01:34:49 hostname-txyuq.foreman.pxe kernel: GICv3: CPU216: using allocated LPI pending table @0x0000090011a50000
Sep 07 01:34:49 hostname-txyuq.foreman.pxe kernel: CPU216: Booted secondary processor 0x0b00070000 [0x480fd020]
Sep 07 01:34:49 hostname-txyuq.foreman.pxe kernel: Detected VIPT I-cache on CPU217
Sep 07 01:34:49 hostname-txyuq.foreman.pxe kernel: GICv3: CPU217: found redistributor b00070001 region 217:0x000020c640f40000
Sep 07 01:34:49 hostname-txyuq.foreman.pxe kernel: GICv3: CPU217: using allocated LPI pending table @0x0000090011a60000
Sep 07 01:34:49 hostname-txyuq.foreman.pxe kernel: CPU217: Booted secondary processor 0x0b00070001 [0x480fd020]
Sep 07 01:34:49 hostname-txyuq.foreman.pxe kernel: Detected VIPT I-cache on CPU218
Sep 07 01:34:49 hostname-txyuq.foreman.pxe kernel: GICv3: CPU218: found redistributor b00070100 region 218:0x000020c640f80000
Sep 07 01:34:49 hostname-txyuq.foreman.pxe kernel: GICv3: CPU218: using allocated LPI pending table @0x0000090011a70000
Sep 07 01:34:49 hostname-txyuq.foreman.pxe kernel: CPU218: Booted secondary processor 0x0b00070100 [0x480fd020]
Sep 07 01:34:49 hostname-txyuq.foreman.pxe kernel: Detected VIPT I-cache on CPU219
Sep 07 01:34:49 hostname-txyuq.foreman.pxe kernel: GICv3: CPU219: found redistributor b00070101 region 219:0x000020c640fc0000
Sep 07 01:34:49 hostname-txyuq.foreman.pxe kernel: GICv3: CPU219: using allocated LPI pending table @0x0000090011a80000
Sep 07 01:34:49 hostname-txyuq.foreman.pxe kernel: CPU219: Booted secondary processor 0x0b00070101 [0x480fd020]
Sep 07 01:34:49 hostname-txyuq.foreman.pxe kernel: Detected VIPT I-cache on CPU220
Sep 07 01:34:49 hostname-txyuq.foreman.pxe kernel: GICv3: CPU220: found redistributor b00070200 region 220:0x000020c641000000
Sep 07 01:34:49 hostname-txyuq.foreman.pxe kernel: GICv3: CPU220: using allocated LPI pending table @0x0000090011a90000
Sep 07 01:34:49 hostname-txyuq.foreman.pxe kernel: CPU220: Booted secondary processor 0x0b00070200 [0x480fd020]
Sep 07 01:34:49 hostname-txyuq.foreman.pxe kernel: Detected VIPT I-cache on CPU221
Sep 07 01:34:49 hostname-txyuq.foreman.pxe kernel: GICv3: CPU221: found redistributor b00070201 region 221:0x000020c641040000
Sep 07 01:34:49 hostname-txyuq.foreman.pxe kernel: GICv3: CPU221: using allocated LPI pending table @0x0000090011aa0000
Sep 07 01:34:49 hostname-txyuq.foreman.pxe kernel: CPU221: Booted secondary processor 0x0b00070201 [0x480fd020]
Sep 07 01:34:49 hostname-txyuq.foreman.pxe kernel: Detected VIPT I-cache on CPU222
Sep 07 01:34:49 hostname-txyuq.foreman.pxe kernel: GICv3: CPU222: found redistributor b00070300 region 222:0x000020c641080000
Sep 07 01:34:49 hostname-txyuq.foreman.pxe kernel: GICv3: CPU222: using allocated LPI pending table @0x0000090011ab0000
Sep 07 01:34:49 hostname-txyuq.foreman.pxe kernel: CPU222: Booted secondary processor 0x0b00070300 [0x480fd020]
Sep 07 01:34:49 hostname-txyuq.foreman.pxe kernel: Detected VIPT I-cache on CPU223
Sep 07 01:34:49 hostname-txyuq.foreman.pxe kernel: GICv3: CPU223: found redistributor b00070301 region 223:0x000020c6410c0000
Sep 07 01:34:49 hostname-txyuq.foreman.pxe kernel: GICv3: CPU223: using allocated LPI pending table @0x0000090011ac0000
Sep 07 01:34:49 hostname-txyuq.foreman.pxe kernel: CPU223: Booted secondary processor 0x0b00070301 [0x480fd020]
Sep 07 01:34:49 hostname-txyuq.foreman.pxe kernel: Detected VIPT I-cache on CPU224
Sep 07 01:34:49 hostname-txyuq.foreman.pxe kernel: GICv3: CPU224: found redistributor b00080000 region 224:0x000020c641100000
Sep 07 01:34:49 hostname-txyuq.foreman.pxe kernel: GICv3: CPU224: using allocated LPI pending table @0x0000090011ad0000
Sep 07 01:34:49 hostname-txyuq.foreman.pxe kernel: CPU224: Booted secondary processor 0x0b00080000 [0x480fd020]
Sep 07 01:34:49 hostname-txyuq.foreman.pxe kernel: Detected VIPT I-cache on CPU225
Sep 07 01:34:49 hostname-txyuq.foreman.pxe kernel: GICv3: CPU225: found redistributor b00080001 region 225:0x000020c641140000
Sep 07 01:34:49 hostname-txyuq.foreman.pxe kernel: GICv3: CPU225: using allocated LPI pending table @0x0000090011ae0000
Sep 07 01:34:49 hostname-txyuq.foreman.pxe kernel: CPU225: Booted secondary processor 0x0b00080001 [0x480fd020]
Sep 07 01:34:49 hostname-txyuq.foreman.pxe kernel: Detected VIPT I-cache on CPU226
Sep 07 01:34:49 hostname-txyuq.foreman.pxe kernel: GICv3: CPU226: found redistributor b00080100 region 226:0x000020c641180000
Sep 07 01:34:49 hostname-txyuq.foreman.pxe kernel: GICv3: CPU226: using allocated LPI pending table @0x0000090011af0000
Sep 07 01:34:49 hostname-txyuq.foreman.pxe kernel: CPU226: Booted secondary processor 0x0b00080100 [0x480fd020]
Sep 07 01:34:49 hostname-txyuq.foreman.pxe kernel: Detected VIPT I-cache on CPU227
Sep 07 01:34:49 hostname-txyuq.foreman.pxe kernel: GICv3: CPU227: found redistributor b00080101 region 227:0x000020c6411c0000
Sep 07 01:34:49 hostname-txyuq.foreman.pxe kernel: GICv3: CPU227: using allocated LPI pending table @0x0000090011b00000
Sep 07 01:34:49 hostname-txyuq.foreman.pxe kernel: CPU227: Booted secondary processor 0x0b00080101 [0x480fd020]
Sep 07 01:34:49 hostname-txyuq.foreman.pxe kernel: Detected VIPT I-cache on CPU228
Sep 07 01:34:49 hostname-txyuq.foreman.pxe kernel: GICv3: CPU228: found redistributor b00080200 region 228:0x000020c641200000
Sep 07 01:34:49 hostname-txyuq.foreman.pxe kernel: GICv3: CPU228: using allocated LPI pending table @0x0000090011b10000
Sep 07 01:34:49 hostname-txyuq.foreman.pxe kernel: CPU228: Booted secondary processor 0x0b00080200 [0x480fd020]
Sep 07 01:34:49 hostname-txyuq.foreman.pxe kernel: Detected VIPT I-cache on CPU229
Sep 07 01:34:49 hostname-txyuq.foreman.pxe kernel: GICv3: CPU229: found redistributor b00080201 region 229:0x000020c641240000
Sep 07 01:34:49 hostname-txyuq.foreman.pxe kernel: GICv3: CPU229: using allocated LPI pending table @0x0000090011b20000
Sep 07 01:34:49 hostname-txyuq.foreman.pxe kernel: CPU229: Booted secondary processor 0x0b00080201 [0x480fd020]
Sep 07 01:34:49 hostname-txyuq.foreman.pxe kernel: Detected VIPT I-cache on CPU230
Sep 07 01:34:49 hostname-txyuq.foreman.pxe kernel: GICv3: CPU230: found redistributor b00080300 region 230:0x000020c641280000
Sep 07 01:34:49 hostname-txyuq.foreman.pxe kernel: GICv3: CPU230: using allocated LPI pending table @0x0000090011b30000
Sep 07 01:34:49 hostname-txyuq.foreman.pxe kernel: CPU230: Booted secondary processor 0x0b00080300 [0x480fd020]
Sep 07 01:34:49 hostname-txyuq.foreman.pxe kernel: Detected VIPT I-cache on CPU231
Sep 07 01:34:49 hostname-txyuq.foreman.pxe kernel: GICv3: CPU231: found redistributor b00080301 region 231:0x000020c6412c0000
Sep 07 01:34:49 hostname-txyuq.foreman.pxe kernel: GICv3: CPU231: using allocated LPI pending table @0x0000090011b40000
Sep 07 01:34:49 hostname-txyuq.foreman.pxe kernel: CPU231: Booted secondary processor 0x0b00080301 [0x480fd020]
Sep 07 01:34:49 hostname-txyuq.foreman.pxe kernel: Detected VIPT I-cache on CPU232
Sep 07 01:34:49 hostname-txyuq.foreman.pxe kernel: GICv3: CPU232: found redistributor b00090000 region 232:0x000020c641300000
Sep 07 01:34:49 hostname-txyuq.foreman.pxe kernel: GICv3: CPU232: using allocated LPI pending table @0x0000090011b50000
Sep 07 01:34:49 hostname-txyuq.foreman.pxe kernel: CPU232: Booted secondary processor 0x0b00090000 [0x480fd020]
Sep 07 01:34:49 hostname-txyuq.foreman.pxe kernel: Detected VIPT I-cache on CPU233
Sep 07 01:34:49 hostname-txyuq.foreman.pxe kernel: GICv3: CPU233: found redistributor b00090001 region 233:0x000020c641340000
Sep 07 01:34:49 hostname-txyuq.foreman.pxe kernel: GICv3: CPU233: using allocated LPI pending table @0x0000090011b60000
Sep 07 01:34:49 hostname-txyuq.foreman.pxe kernel: CPU233: Booted secondary processor 0x0b00090001 [0x480fd020]
Sep 07 01:34:49 hostname-txyuq.foreman.pxe kernel: Detected VIPT I-cache on CPU234
Sep 07 01:34:49 hostname-txyuq.foreman.pxe kernel: GICv3: CPU234: found redistributor b00090100 region 234:0x000020c641380000
Sep 07 01:34:49 hostname-txyuq.foreman.pxe kernel: GICv3: CPU234: using allocated LPI pending table @0x0000090011b70000
Sep 07 01:34:49 hostname-txyuq.foreman.pxe kernel: CPU234: Booted secondary processor 0x0b00090100 [0x480fd020]
Sep 07 01:34:49 hostname-txyuq.foreman.pxe kernel: Detected VIPT I-cache on CPU235
Sep 07 01:34:49 hostname-txyuq.foreman.pxe kernel: GICv3: CPU235: found redistributor b00090101 region 235:0x000020c6413c0000
Sep 07 01:34:49 hostname-txyuq.foreman.pxe kernel: GICv3: CPU235: using allocated LPI pending table @0x0000090011b80000
Sep 07 01:34:49 hostname-txyuq.foreman.pxe kernel: CPU235: Booted secondary processor 0x0b00090101 [0x480fd020]
Sep 07 01:34:49 hostname-txyuq.foreman.pxe kernel: Detected VIPT I-cache on CPU236
Sep 07 01:34:49 hostname-txyuq.foreman.pxe kernel: GICv3: CPU236: found redistributor b00090200 region 236:0x000020c641400000
Sep 07 01:34:49 hostname-txyuq.foreman.pxe kernel: GICv3: CPU236: using allocated LPI pending table @0x0000090011b90000
Sep 07 01:34:49 hostname-txyuq.foreman.pxe kernel: CPU236: Booted secondary processor 0x0b00090200 [0x480fd020]
Sep 07 01:34:49 hostname-txyuq.foreman.pxe kernel: Detected VIPT I-cache on CPU237
Sep 07 01:34:49 hostname-txyuq.foreman.pxe kernel: GICv3: CPU237: found redistributor b00090201 region 237:0x000020c641440000
Sep 07 01:34:49 hostname-txyuq.foreman.pxe kernel: GICv3: CPU237: using allocated LPI pending table @0x0000090011ba0000
Sep 07 01:34:49 hostname-txyuq.foreman.pxe kernel: CPU237: Booted secondary processor 0x0b00090201 [0x480fd020]
Sep 07 01:34:49 hostname-txyuq.foreman.pxe kernel: Detected VIPT I-cache on CPU238
Sep 07 01:34:49 hostname-txyuq.foreman.pxe kernel: GICv3: CPU238: found redistributor b00090300 region 238:0x000020c641480000
Sep 07 01:34:49 hostname-txyuq.foreman.pxe kernel: GICv3: CPU238: using allocated LPI pending table @0x0000090011bb0000
Sep 07 01:34:49 hostname-txyuq.foreman.pxe kernel: CPU238: Booted secondary processor 0x0b00090300 [0x480fd020]
Sep 07 01:34:49 hostname-txyuq.foreman.pxe kernel: Detected VIPT I-cache on CPU239
Sep 07 01:34:49 hostname-txyuq.foreman.pxe kernel: GICv3: CPU239: found redistributor b00090301 region 239:0x000020c6414c0000
Sep 07 01:34:49 hostname-txyuq.foreman.pxe kernel: GICv3: CPU239: using allocated LPI pending table @0x0000090011bc0000
Sep 07 01:34:49 hostname-txyuq.foreman.pxe kernel: CPU239: Booted secondary processor 0x0b00090301 [0x480fd020]
Sep 07 01:34:49 hostname-txyuq.foreman.pxe kernel: Detected VIPT I-cache on CPU240
Sep 07 01:34:49 hostname-txyuq.foreman.pxe kernel: GICv3: CPU240: found redistributor 900000000 region 240:0x0000204640100000
Sep 07 01:34:49 hostname-txyuq.foreman.pxe kernel: GICv3: CPU240: using allocated LPI pending table @0x0000090011bd0000
Sep 07 01:34:49 hostname-txyuq.foreman.pxe kernel: CPU240: Booted secondary processor 0x0900000000 [0x480fd020]
Sep 07 01:34:49 hostname-txyuq.foreman.pxe kernel: Detected VIPT I-cache on CPU241
Sep 07 01:34:49 hostname-txyuq.foreman.pxe kernel: GICv3: CPU241: found redistributor 900000001 region 241:0x0000204640140000
Sep 07 01:34:49 hostname-txyuq.foreman.pxe kernel: GICv3: CPU241: using allocated LPI pending table @0x0000090011be0000
Sep 07 01:34:49 hostname-txyuq.foreman.pxe kernel: CPU241: Booted secondary processor 0x0900000001 [0x480fd020]
Sep 07 01:34:49 hostname-txyuq.foreman.pxe kernel: Detected VIPT I-cache on CPU242
Sep 07 01:34:49 hostname-txyuq.foreman.pxe kernel: GICv3: CPU242: found redistributor 900000100 region 242:0x0000204640180000
Sep 07 01:34:49 hostname-txyuq.foreman.pxe kernel: GICv3: CPU242: using allocated LPI pending table @0x0000090011bf0000
Sep 07 01:34:49 hostname-txyuq.foreman.pxe kernel: CPU242: Booted secondary processor 0x0900000100 [0x480fd020]
Sep 07 01:34:49 hostname-txyuq.foreman.pxe kernel: Detected VIPT I-cache on CPU243
Sep 07 01:34:49 hostname-txyuq.foreman.pxe kernel: GICv3: CPU243: found redistributor 900000101 region 243:0x00002046401c0000
Sep 07 01:34:49 hostname-txyuq.foreman.pxe kernel: GICv3: CPU243: using allocated LPI pending table @0x0000090011c00000
Sep 07 01:34:49 hostname-txyuq.foreman.pxe kernel: CPU243: Booted secondary processor 0x0900000101 [0x480fd020]
Sep 07 01:34:49 hostname-txyuq.foreman.pxe kernel: Detected VIPT I-cache on CPU244
Sep 07 01:34:49 hostname-txyuq.foreman.pxe kernel: GICv3: CPU244: found redistributor 900000200 region 244:0x0000204640200000
Sep 07 01:34:49 hostname-txyuq.foreman.pxe kernel: GICv3: CPU244: using allocated LPI pending table @0x0000090011c10000
Sep 07 01:34:49 hostname-txyuq.foreman.pxe kernel: CPU244: Booted secondary processor 0x0900000200 [0x480fd020]
Sep 07 01:34:49 hostname-txyuq.foreman.pxe kernel: Detected VIPT I-cache on CPU245
Sep 07 01:34:49 hostname-txyuq.foreman.pxe kernel: GICv3: CPU245: found redistributor 900000201 region 245:0x0000204640240000
Sep 07 01:34:49 hostname-txyuq.foreman.pxe kernel: GICv3: CPU245: using allocated LPI pending table @0x0000090011c20000
Sep 07 01:34:49 hostname-txyuq.foreman.pxe kernel: CPU245: Booted secondary processor 0x0900000201 [0x480fd020]
Sep 07 01:34:49 hostname-txyuq.foreman.pxe kernel: Detected VIPT I-cache on CPU246
Sep 07 01:34:49 hostname-txyuq.foreman.pxe kernel: GICv3: CPU246: found redistributor 900000300 region 246:0x0000204640280000
Sep 07 01:34:49 hostname-txyuq.foreman.pxe kernel: GICv3: CPU246: using allocated LPI pending table @0x0000090011c30000
Sep 07 01:34:49 hostname-txyuq.foreman.pxe kernel: CPU246: Booted secondary processor 0x0900000300 [0x480fd020]
Sep 07 01:34:49 hostname-txyuq.foreman.pxe kernel: Detected VIPT I-cache on CPU247
Sep 07 01:34:49 hostname-txyuq.foreman.pxe kernel: GICv3: CPU247: found redistributor 900000301 region 247:0x00002046402c0000
Sep 07 01:34:49 hostname-txyuq.foreman.pxe kernel: GICv3: CPU247: using allocated LPI pending table @0x0000090011c40000
Sep 07 01:34:49 hostname-txyuq.foreman.pxe kernel: CPU247: Booted secondary processor 0x0900000301 [0x480fd020]
Sep 07 01:34:49 hostname-txyuq.foreman.pxe kernel: Detected VIPT I-cache on CPU248
Sep 07 01:34:49 hostname-txyuq.foreman.pxe kernel: GICv3: CPU248: found redistributor 900010000 region 248:0x0000204640300000
Sep 07 01:34:49 hostname-txyuq.foreman.pxe kernel: GICv3: CPU248: using allocated LPI pending table @0x0000090011c50000
Sep 07 01:34:49 hostname-txyuq.foreman.pxe kernel: CPU248: Booted secondary processor 0x0900010000 [0x480fd020]
Sep 07 01:34:49 hostname-txyuq.foreman.pxe kernel: Detected VIPT I-cache on CPU249
Sep 07 01:34:49 hostname-txyuq.foreman.pxe kernel: GICv3: CPU249: found redistributor 900010001 region 249:0x0000204640340000
Sep 07 01:34:49 hostname-txyuq.foreman.pxe kernel: GICv3: CPU249: using allocated LPI pending table @0x0000090011c60000
Sep 07 01:34:49 hostname-txyuq.foreman.pxe kernel: CPU249: Booted secondary processor 0x0900010001 [0x480fd020]
Sep 07 01:34:49 hostname-txyuq.foreman.pxe kernel: Detected VIPT I-cache on CPU250
Sep 07 01:34:49 hostname-txyuq.foreman.pxe kernel: GICv3: CPU250: found redistributor 900010100 region 250:0x0000204640380000
Sep 07 01:34:49 hostname-txyuq.foreman.pxe kernel: GICv3: CPU250: using allocated LPI pending table @0x0000090011c70000
Sep 07 01:34:49 hostname-txyuq.foreman.pxe kernel: CPU250: Booted secondary processor 0x0900010100 [0x480fd020]
Sep 07 01:34:49 hostname-txyuq.foreman.pxe kernel: Detected VIPT I-cache on CPU251
Sep 07 01:34:49 hostname-txyuq.foreman.pxe kernel: GICv3: CPU251: found redistributor 900010101 region 251:0x00002046403c0000
Sep 07 01:34:49 hostname-txyuq.foreman.pxe kernel: GICv3: CPU251: using allocated LPI pending table @0x0000090011c80000
Sep 07 01:34:49 hostname-txyuq.foreman.pxe kernel: CPU251: Booted secondary processor 0x0900010101 [0x480fd020]
Sep 07 01:34:49 hostname-txyuq.foreman.pxe kernel: Detected VIPT I-cache on CPU252
Sep 07 01:34:49 hostname-txyuq.foreman.pxe kernel: GICv3: CPU252: found redistributor 900010200 region 252:0x0000204640400000
Sep 07 01:34:49 hostname-txyuq.foreman.pxe kernel: GICv3: CPU252: using allocated LPI pending table @0x0000090011c90000
Sep 07 01:34:49 hostname-txyuq.foreman.pxe kernel: CPU252: Booted secondary processor 0x0900010200 [0x480fd020]
Sep 07 01:34:49 hostname-txyuq.foreman.pxe kernel: Detected VIPT I-cache on CPU253
Sep 07 01:34:49 hostname-txyuq.foreman.pxe kernel: GICv3: CPU253: found redistributor 900010201 region 253:0x0000204640440000
Sep 07 01:34:49 hostname-txyuq.foreman.pxe kernel: GICv3: CPU253: using allocated LPI pending table @0x0000090011ca0000
Sep 07 01:34:49 hostname-txyuq.foreman.pxe kernel: CPU253: Booted secondary processor 0x0900010201 [0x480fd020]
Sep 07 01:34:49 hostname-txyuq.foreman.pxe kernel: Detected VIPT I-cache on CPU254
Sep 07 01:34:49 hostname-txyuq.foreman.pxe kernel: GICv3: CPU254: found redistributor 900010300 region 254:0x0000204640480000
Sep 07 01:34:49 hostname-txyuq.foreman.pxe kernel: GICv3: CPU254: using allocated LPI pending table @0x0000090011cb0000
Sep 07 01:34:49 hostname-txyuq.foreman.pxe kernel: CPU254: Booted secondary processor 0x0900010300 [0x480fd020]
Sep 07 01:34:49 hostname-txyuq.foreman.pxe kernel: Detected VIPT I-cache on CPU255
Sep 07 01:34:49 hostname-txyuq.foreman.pxe kernel: GICv3: CPU255: found redistributor 900010301 region 255:0x00002046404c0000
Sep 07 01:34:49 hostname-txyuq.foreman.pxe kernel: GICv3: CPU255: using allocated LPI pending table @0x0000090011cc0000
Sep 07 01:34:49 hostname-txyuq.foreman.pxe kernel: CPU255: Booted secondary processor 0x0900010301 [0x480fd020]
Sep 07 01:34:49 hostname-txyuq.foreman.pxe kernel: Detected VIPT I-cache on CPU256
Sep 07 01:34:49 hostname-txyuq.foreman.pxe kernel: GICv3: CPU256: found redistributor 900020000 region 256:0x0000204640500000
Sep 07 01:34:49 hostname-txyuq.foreman.pxe kernel: GICv3: CPU256: using allocated LPI pending table @0x0000090011cd0000
Sep 07 01:34:49 hostname-txyuq.foreman.pxe kernel: CPU256: Booted secondary processor 0x0900020000 [0x480fd020]
Sep 07 01:34:49 hostname-txyuq.foreman.pxe kernel: Detected VIPT I-cache on CPU257
Sep 07 01:34:49 hostname-txyuq.foreman.pxe kernel: GICv3: CPU257: found redistributor 900020001 region 257:0x0000204640540000
Sep 07 01:34:49 hostname-txyuq.foreman.pxe kernel: GICv3: CPU257: using allocated LPI pending table @0x0000090011ce0000
Sep 07 01:34:49 hostname-txyuq.foreman.pxe kernel: CPU257: Booted secondary processor 0x0900020001 [0x480fd020]
Sep 07 01:34:49 hostname-txyuq.foreman.pxe kernel: Detected VIPT I-cache on CPU258
Sep 07 01:34:49 hostname-txyuq.foreman.pxe kernel: GICv3: CPU258: found redistributor 900020100 region 258:0x0000204640580000
Sep 07 01:34:49 hostname-txyuq.foreman.pxe kernel: GICv3: CPU258: using allocated LPI pending table @0x0000090011cf0000
Sep 07 01:34:49 hostname-txyuq.foreman.pxe kernel: CPU258: Booted secondary processor 0x0900020100 [0x480fd020]
Sep 07 01:34:49 hostname-txyuq.foreman.pxe kernel: Detected VIPT I-cache on CPU259
Sep 07 01:34:49 hostname-txyuq.foreman.pxe kernel: GICv3: CPU259: found redistributor 900020101 region 259:0x00002046405c0000
Sep 07 01:34:49 hostname-txyuq.foreman.pxe kernel: GICv3: CPU259: using allocated LPI pending table @0x0000090011d00000
Sep 07 01:34:49 hostname-txyuq.foreman.pxe kernel: CPU259: Booted secondary processor 0x0900020101 [0x480fd020]
Sep 07 01:34:49 hostname-txyuq.foreman.pxe kernel: Detected VIPT I-cache on CPU260
Sep 07 01:34:49 hostname-txyuq.foreman.pxe kernel: GICv3: CPU260: found redistributor 900020200 region 260:0x0000204640600000
Sep 07 01:34:49 hostname-txyuq.foreman.pxe kernel: GICv3: CPU260: using allocated LPI pending table @0x0000090011d10000
Sep 07 01:34:49 hostname-txyuq.foreman.pxe kernel: CPU260: Booted secondary processor 0x0900020200 [0x480fd020]
Sep 07 01:34:49 hostname-txyuq.foreman.pxe kernel: Detected VIPT I-cache on CPU261
Sep 07 01:34:49 hostname-txyuq.foreman.pxe kernel: GICv3: CPU261: found redistributor 900020201 region 261:0x0000204640640000
Sep 07 01:34:49 hostname-txyuq.foreman.pxe kernel: GICv3: CPU261: using allocated LPI pending table @0x0000090011d20000
Sep 07 01:34:49 hostname-txyuq.foreman.pxe kernel: CPU261: Booted secondary processor 0x0900020201 [0x480fd020]
Sep 07 01:34:49 hostname-txyuq.foreman.pxe kernel: Detected VIPT I-cache on CPU262
Sep 07 01:34:49 hostname-txyuq.foreman.pxe kernel: GICv3: CPU262: found redistributor 900020300 region 262:0x0000204640680000
Sep 07 01:34:49 hostname-txyuq.foreman.pxe kernel: GICv3: CPU262: using allocated LPI pending table @0x0000090011d30000
Sep 07 01:34:49 hostname-txyuq.foreman.pxe kernel: CPU262: Booted secondary processor 0x0900020300 [0x480fd020]
Sep 07 01:34:49 hostname-txyuq.foreman.pxe kernel: Detected VIPT I-cache on CPU263
Sep 07 01:34:49 hostname-txyuq.foreman.pxe kernel: GICv3: CPU263: found redistributor 900020301 region 263:0x00002046406c0000
Sep 07 01:34:49 hostname-txyuq.foreman.pxe kernel: GICv3: CPU263: using allocated LPI pending table @0x0000090011d40000
Sep 07 01:34:49 hostname-txyuq.foreman.pxe kernel: CPU263: Booted secondary processor 0x0900020301 [0x480fd020]
Sep 07 01:34:49 hostname-txyuq.foreman.pxe kernel: Detected VIPT I-cache on CPU264
Sep 07 01:34:49 hostname-txyuq.foreman.pxe kernel: GICv3: CPU264: found redistributor 900030000 region 264:0x0000204640700000
Sep 07 01:34:49 hostname-txyuq.foreman.pxe kernel: GICv3: CPU264: using allocated LPI pending table @0x0000090011d50000
Sep 07 01:34:49 hostname-txyuq.foreman.pxe kernel: CPU264: Booted secondary processor 0x0900030000 [0x480fd020]
Sep 07 01:34:49 hostname-txyuq.foreman.pxe kernel: Detected VIPT I-cache on CPU265
Sep 07 01:34:49 hostname-txyuq.foreman.pxe kernel: GICv3: CPU265: found redistributor 900030001 region 265:0x0000204640740000
Sep 07 01:34:49 hostname-txyuq.foreman.pxe kernel: GICv3: CPU265: using allocated LPI pending table @0x0000090011d60000
Sep 07 01:34:49 hostname-txyuq.foreman.pxe kernel: CPU265: Booted secondary processor 0x0900030001 [0x480fd020]
Sep 07 01:34:49 hostname-txyuq.foreman.pxe kernel: Detected VIPT I-cache on CPU266
Sep 07 01:34:49 hostname-txyuq.foreman.pxe kernel: GICv3: CPU266: found redistributor 900030100 region 266:0x0000204640780000
Sep 07 01:34:49 hostname-txyuq.foreman.pxe kernel: GICv3: CPU266: using allocated LPI pending table @0x0000090011d70000
Sep 07 01:34:49 hostname-txyuq.foreman.pxe kernel: CPU266: Booted secondary processor 0x0900030100 [0x480fd020]
Sep 07 01:34:49 hostname-txyuq.foreman.pxe kernel: Detected VIPT I-cache on CPU267
Sep 07 01:34:49 hostname-txyuq.foreman.pxe kernel: GICv3: CPU267: found redistributor 900030101 region 267:0x00002046407c0000
Sep 07 01:34:49 hostname-txyuq.foreman.pxe kernel: GICv3: CPU267: using allocated LPI pending table @0x0000090011d80000
Sep 07 01:34:49 hostname-txyuq.foreman.pxe kernel: CPU267: Booted secondary processor 0x0900030101 [0x480fd020]
Sep 07 01:34:49 hostname-txyuq.foreman.pxe kernel: Detected VIPT I-cache on CPU268
Sep 07 01:34:49 hostname-txyuq.foreman.pxe kernel: GICv3: CPU268: found redistributor 900030200 region 268:0x0000204640800000
Sep 07 01:34:49 hostname-txyuq.foreman.pxe kernel: GICv3: CPU268: using allocated LPI pending table @0x0000090011d90000
Sep 07 01:34:49 hostname-txyuq.foreman.pxe kernel: CPU268: Booted secondary processor 0x0900030200 [0x480fd020]
Sep 07 01:34:49 hostname-txyuq.foreman.pxe kernel: Detected VIPT I-cache on CPU269
Sep 07 01:34:49 hostname-txyuq.foreman.pxe kernel: GICv3: CPU269: found redistributor 900030201 region 269:0x0000204640840000
Sep 07 01:34:49 hostname-txyuq.foreman.pxe kernel: GICv3: CPU269: using allocated LPI pending table @0x0000090011da0000
Sep 07 01:34:49 hostname-txyuq.foreman.pxe kernel: CPU269: Booted secondary processor 0x0900030201 [0x480fd020]
Sep 07 01:34:49 hostname-txyuq.foreman.pxe kernel: Detected VIPT I-cache on CPU270
Sep 07 01:34:49 hostname-txyuq.foreman.pxe kernel: GICv3: CPU270: found redistributor 900030300 region 270:0x0000204640880000
Sep 07 01:34:49 hostname-txyuq.foreman.pxe kernel: GICv3: CPU270: using allocated LPI pending table @0x0000090011db0000
Sep 07 01:34:49 hostname-txyuq.foreman.pxe kernel: CPU270: Booted secondary processor 0x0900030300 [0x480fd020]
Sep 07 01:34:49 hostname-txyuq.foreman.pxe kernel: Detected VIPT I-cache on CPU271
Sep 07 01:34:49 hostname-txyuq.foreman.pxe kernel: GICv3: CPU271: found redistributor 900030301 region 271:0x00002046408c0000
Sep 07 01:34:49 hostname-txyuq.foreman.pxe kernel: GICv3: CPU271: using allocated LPI pending table @0x0000090011dc0000
Sep 07 01:34:49 hostname-txyuq.foreman.pxe kernel: CPU271: Booted secondary processor 0x0900030301 [0x480fd020]
Sep 07 01:34:49 hostname-txyuq.foreman.pxe kernel: Detected VIPT I-cache on CPU272
Sep 07 01:34:49 hostname-txyuq.foreman.pxe kernel: GICv3: CPU272: found redistributor 900040000 region 272:0x0000204640900000
Sep 07 01:34:49 hostname-txyuq.foreman.pxe kernel: GICv3: CPU272: using allocated LPI pending table @0x0000090011dd0000
Sep 07 01:34:49 hostname-txyuq.foreman.pxe kernel: CPU272: Booted secondary processor 0x0900040000 [0x480fd020]
Sep 07 01:34:49 hostname-txyuq.foreman.pxe kernel: Detected VIPT I-cache on CPU273
Sep 07 01:34:49 hostname-txyuq.foreman.pxe kernel: GICv3: CPU273: found redistributor 900040001 region 273:0x0000204640940000
Sep 07 01:34:49 hostname-txyuq.foreman.pxe kernel: GICv3: CPU273: using allocated LPI pending table @0x0000090011de0000
Sep 07 01:34:49 hostname-txyuq.foreman.pxe kernel: CPU273: Booted secondary processor 0x0900040001 [0x480fd020]
Sep 07 01:34:49 hostname-txyuq.foreman.pxe kernel: Detected VIPT I-cache on CPU274
Sep 07 01:34:49 hostname-txyuq.foreman.pxe kernel: GICv3: CPU274: found redistributor 900040100 region 274:0x0000204640980000
Sep 07 01:34:49 hostname-txyuq.foreman.pxe kernel: GICv3: CPU274: using allocated LPI pending table @0x0000090011df0000
Sep 07 01:34:49 hostname-txyuq.foreman.pxe kernel: CPU274: Booted secondary processor 0x0900040100 [0x480fd020]
Sep 07 01:34:49 hostname-txyuq.foreman.pxe kernel: Detected VIPT I-cache on CPU275
Sep 07 01:34:49 hostname-txyuq.foreman.pxe kernel: GICv3: CPU275: found redistributor 900040101 region 275:0x00002046409c0000
Sep 07 01:34:49 hostname-txyuq.foreman.pxe kernel: GICv3: CPU275: using allocated LPI pending table @0x0000090011e00000
Sep 07 01:34:49 hostname-txyuq.foreman.pxe kernel: CPU275: Booted secondary processor 0x0900040101 [0x480fd020]
Sep 07 01:34:49 hostname-txyuq.foreman.pxe kernel: Detected VIPT I-cache on CPU276
Sep 07 01:34:49 hostname-txyuq.foreman.pxe kernel: GICv3: CPU276: found redistributor 900040200 region 276:0x0000204640a00000
Sep 07 01:34:49 hostname-txyuq.foreman.pxe kernel: GICv3: CPU276: using allocated LPI pending table @0x0000090011e10000
Sep 07 01:34:49 hostname-txyuq.foreman.pxe kernel: CPU276: Booted secondary processor 0x0900040200 [0x480fd020]
Sep 07 01:34:49 hostname-txyuq.foreman.pxe kernel: Detected VIPT I-cache on CPU277
Sep 07 01:34:49 hostname-txyuq.foreman.pxe kernel: GICv3: CPU277: found redistributor 900040201 region 277:0x0000204640a40000
Sep 07 01:34:49 hostname-txyuq.foreman.pxe kernel: GICv3: CPU277: using allocated LPI pending table @0x0000090011e20000
Sep 07 01:34:49 hostname-txyuq.foreman.pxe kernel: CPU277: Booted secondary processor 0x0900040201 [0x480fd020]
Sep 07 01:34:49 hostname-txyuq.foreman.pxe kernel: Detected VIPT I-cache on CPU278
Sep 07 01:34:49 hostname-txyuq.foreman.pxe kernel: GICv3: CPU278: found redistributor 900040300 region 278:0x0000204640a80000
Sep 07 01:34:49 hostname-txyuq.foreman.pxe kernel: GICv3: CPU278: using allocated LPI pending table @0x0000090011e30000
Sep 07 01:34:49 hostname-txyuq.foreman.pxe kernel: CPU278: Booted secondary processor 0x0900040300 [0x480fd020]
Sep 07 01:34:49 hostname-txyuq.foreman.pxe kernel: Detected VIPT I-cache on CPU279
Sep 07 01:34:49 hostname-txyuq.foreman.pxe kernel: GICv3: CPU279: found redistributor 900040301 region 279:0x0000204640ac0000
Sep 07 01:34:49 hostname-txyuq.foreman.pxe kernel: GICv3: CPU279: using allocated LPI pending table @0x0000090011e40000
Sep 07 01:34:49 hostname-txyuq.foreman.pxe kernel: CPU279: Booted secondary processor 0x0900040301 [0x480fd020]
Sep 07 01:34:49 hostname-txyuq.foreman.pxe kernel: Detected VIPT I-cache on CPU280
Sep 07 01:34:49 hostname-txyuq.foreman.pxe kernel: GICv3: CPU280: found redistributor 900050000 region 280:0x0000204640b00000
Sep 07 01:34:49 hostname-txyuq.foreman.pxe kernel: GICv3: CPU280: using allocated LPI pending table @0x0000090011e50000
Sep 07 01:34:49 hostname-txyuq.foreman.pxe kernel: CPU280: Booted secondary processor 0x0900050000 [0x480fd020]
Sep 07 01:34:49 hostname-txyuq.foreman.pxe kernel: Detected VIPT I-cache on CPU281
Sep 07 01:34:49 hostname-txyuq.foreman.pxe kernel: GICv3: CPU281: found redistributor 900050001 region 281:0x0000204640b40000
Sep 07 01:34:49 hostname-txyuq.foreman.pxe kernel: GICv3: CPU281: using allocated LPI pending table @0x0000090011e60000
Sep 07 01:34:49 hostname-txyuq.foreman.pxe kernel: CPU281: Booted secondary processor 0x0900050001 [0x480fd020]
Sep 07 01:34:49 hostname-txyuq.foreman.pxe kernel: Detected VIPT I-cache on CPU282
Sep 07 01:34:49 hostname-txyuq.foreman.pxe kernel: GICv3: CPU282: found redistributor 900050100 region 282:0x0000204640b80000
Sep 07 01:34:49 hostname-txyuq.foreman.pxe kernel: GICv3: CPU282: using allocated LPI pending table @0x0000090011e70000
Sep 07 01:34:49 hostname-txyuq.foreman.pxe kernel: CPU282: Booted secondary processor 0x0900050100 [0x480fd020]
Sep 07 01:34:49 hostname-txyuq.foreman.pxe kernel: Detected VIPT I-cache on CPU283
Sep 07 01:34:49 hostname-txyuq.foreman.pxe kernel: GICv3: CPU283: found redistributor 900050101 region 283:0x0000204640bc0000
Sep 07 01:34:49 hostname-txyuq.foreman.pxe kernel: GICv3: CPU283: using allocated LPI pending table @0x0000090011e80000
Sep 07 01:34:49 hostname-txyuq.foreman.pxe kernel: CPU283: Booted secondary processor 0x0900050101 [0x480fd020]
Sep 07 01:34:49 hostname-txyuq.foreman.pxe kernel: Detected VIPT I-cache on CPU284
Sep 07 01:34:49 hostname-txyuq.foreman.pxe kernel: GICv3: CPU284: found redistributor 900050200 region 284:0x0000204640c00000
Sep 07 01:34:49 hostname-txyuq.foreman.pxe kernel: GICv3: CPU284: using allocated LPI pending table @0x0000090011e90000
Sep 07 01:34:49 hostname-txyuq.foreman.pxe kernel: CPU284: Booted secondary processor 0x0900050200 [0x480fd020]
Sep 07 01:34:49 hostname-txyuq.foreman.pxe kernel: Detected VIPT I-cache on CPU285
Sep 07 01:34:49 hostname-txyuq.foreman.pxe kernel: GICv3: CPU285: found redistributor 900050201 region 285:0x0000204640c40000
Sep 07 01:34:49 hostname-txyuq.foreman.pxe kernel: GICv3: CPU285: using allocated LPI pending table @0x0000090011ea0000
Sep 07 01:34:49 hostname-txyuq.foreman.pxe kernel: CPU285: Booted secondary processor 0x0900050201 [0x480fd020]
Sep 07 01:34:49 hostname-txyuq.foreman.pxe kernel: Detected VIPT I-cache on CPU286
Sep 07 01:34:49 hostname-txyuq.foreman.pxe kernel: GICv3: CPU286: found redistributor 900050300 region 286:0x0000204640c80000
Sep 07 01:34:49 hostname-txyuq.foreman.pxe kernel: GICv3: CPU286: using allocated LPI pending table @0x0000090011eb0000
Sep 07 01:34:49 hostname-txyuq.foreman.pxe kernel: CPU286: Booted secondary processor 0x0900050300 [0x480fd020]
Sep 07 01:34:49 hostname-txyuq.foreman.pxe kernel: Detected VIPT I-cache on CPU287
Sep 07 01:34:49 hostname-txyuq.foreman.pxe kernel: GICv3: CPU287: found redistributor 900050301 region 287:0x0000204640cc0000
Sep 07 01:34:49 hostname-txyuq.foreman.pxe kernel: GICv3: CPU287: using allocated LPI pending table @0x0000090011ec0000
Sep 07 01:34:49 hostname-txyuq.foreman.pxe kernel: CPU287: Booted secondary processor 0x0900050301 [0x480fd020]
Sep 07 01:34:49 hostname-txyuq.foreman.pxe kernel: Detected VIPT I-cache on CPU288
Sep 07 01:34:49 hostname-txyuq.foreman.pxe kernel: GICv3: CPU288: found redistributor 900060000 region 288:0x0000204640d00000
Sep 07 01:34:49 hostname-txyuq.foreman.pxe kernel: GICv3: CPU288: using allocated LPI pending table @0x0000090011ed0000
Sep 07 01:34:49 hostname-txyuq.foreman.pxe kernel: CPU288: Booted secondary processor 0x0900060000 [0x480fd020]
Sep 07 01:34:49 hostname-txyuq.foreman.pxe kernel: Detected VIPT I-cache on CPU289
Sep 07 01:34:49 hostname-txyuq.foreman.pxe kernel: GICv3: CPU289: found redistributor 900060001 region 289:0x0000204640d40000
Sep 07 01:34:49 hostname-txyuq.foreman.pxe kernel: GICv3: CPU289: using allocated LPI pending table @0x0000090011ee0000
Sep 07 01:34:49 hostname-txyuq.foreman.pxe kernel: CPU289: Booted secondary processor 0x0900060001 [0x480fd020]
Sep 07 01:34:49 hostname-txyuq.foreman.pxe kernel: Detected VIPT I-cache on CPU290
Sep 07 01:34:49 hostname-txyuq.foreman.pxe kernel: GICv3: CPU290: found redistributor 900060100 region 290:0x0000204640d80000
Sep 07 01:34:49 hostname-txyuq.foreman.pxe kernel: GICv3: CPU290: using allocated LPI pending table @0x0000090011ef0000
Sep 07 01:34:49 hostname-txyuq.foreman.pxe kernel: CPU290: Booted secondary processor 0x0900060100 [0x480fd020]
Sep 07 01:34:49 hostname-txyuq.foreman.pxe kernel: Detected VIPT I-cache on CPU291
Sep 07 01:34:49 hostname-txyuq.foreman.pxe kernel: GICv3: CPU291: found redistributor 900060101 region 291:0x0000204640dc0000
Sep 07 01:34:49 hostname-txyuq.foreman.pxe kernel: GICv3: CPU291: using allocated LPI pending table @0x0000090011f00000
Sep 07 01:34:49 hostname-txyuq.foreman.pxe kernel: CPU291: Booted secondary processor 0x0900060101 [0x480fd020]
Sep 07 01:34:49 hostname-txyuq.foreman.pxe kernel: Detected VIPT I-cache on CPU292
Sep 07 01:34:49 hostname-txyuq.foreman.pxe kernel: GICv3: CPU292: found redistributor 900060200 region 292:0x0000204640e00000
Sep 07 01:34:49 hostname-txyuq.foreman.pxe kernel: GICv3: CPU292: using allocated LPI pending table @0x0000090011f10000
Sep 07 01:34:49 hostname-txyuq.foreman.pxe kernel: CPU292: Booted secondary processor 0x0900060200 [0x480fd020]
Sep 07 01:34:49 hostname-txyuq.foreman.pxe kernel: Detected VIPT I-cache on CPU293
Sep 07 01:34:49 hostname-txyuq.foreman.pxe kernel: GICv3: CPU293: found redistributor 900060201 region 293:0x0000204640e40000
Sep 07 01:34:49 hostname-txyuq.foreman.pxe kernel: GICv3: CPU293: using allocated LPI pending table @0x0000090011f20000
Sep 07 01:34:49 hostname-txyuq.foreman.pxe kernel: CPU293: Booted secondary processor 0x0900060201 [0x480fd020]
Sep 07 01:34:49 hostname-txyuq.foreman.pxe kernel: Detected VIPT I-cache on CPU294
Sep 07 01:34:49 hostname-txyuq.foreman.pxe kernel: GICv3: CPU294: found redistributor 900060300 region 294:0x0000204640e80000
Sep 07 01:34:49 hostname-txyuq.foreman.pxe kernel: GICv3: CPU294: using allocated LPI pending table @0x0000090011f30000
Sep 07 01:34:49 hostname-txyuq.foreman.pxe kernel: CPU294: Booted secondary processor 0x0900060300 [0x480fd020]
Sep 07 01:34:49 hostname-txyuq.foreman.pxe kernel: Detected VIPT I-cache on CPU295
Sep 07 01:34:49 hostname-txyuq.foreman.pxe kernel: GICv3: CPU295: found redistributor 900060301 region 295:0x0000204640ec0000
Sep 07 01:34:49 hostname-txyuq.foreman.pxe kernel: GICv3: CPU295: using allocated LPI pending table @0x0000090011f40000
Sep 07 01:34:49 hostname-txyuq.foreman.pxe kernel: CPU295: Booted secondary processor 0x0900060301 [0x480fd020]
Sep 07 01:34:49 hostname-txyuq.foreman.pxe kernel: Detected VIPT I-cache on CPU296
Sep 07 01:34:49 hostname-txyuq.foreman.pxe kernel: GICv3: CPU296: found redistributor 900070000 region 296:0x0000204640f00000
Sep 07 01:34:49 hostname-txyuq.foreman.pxe kernel: GICv3: CPU296: using allocated LPI pending table @0x0000090011f50000
Sep 07 01:34:49 hostname-txyuq.foreman.pxe kernel: CPU296: Booted secondary processor 0x0900070000 [0x480fd020]
Sep 07 01:34:49 hostname-txyuq.foreman.pxe kernel: Detected VIPT I-cache on CPU297
Sep 07 01:34:49 hostname-txyuq.foreman.pxe kernel: GICv3: CPU297: found redistributor 900070001 region 297:0x0000204640f40000
Sep 07 01:34:49 hostname-txyuq.foreman.pxe kernel: GICv3: CPU297: using allocated LPI pending table @0x0000090011f60000
Sep 07 01:34:49 hostname-txyuq.foreman.pxe kernel: CPU297: Booted secondary processor 0x0900070001 [0x480fd020]
Sep 07 01:34:49 hostname-txyuq.foreman.pxe kernel: Detected VIPT I-cache on CPU298
Sep 07 01:34:49 hostname-txyuq.foreman.pxe kernel: GICv3: CPU298: found redistributor 900070100 region 298:0x0000204640f80000
Sep 07 01:34:49 hostname-txyuq.foreman.pxe kernel: GICv3: CPU298: using allocated LPI pending table @0x0000090011f70000
Sep 07 01:34:49 hostname-txyuq.foreman.pxe kernel: CPU298: Booted secondary processor 0x0900070100 [0x480fd020]
Sep 07 01:34:49 hostname-txyuq.foreman.pxe kernel: Detected VIPT I-cache on CPU299
Sep 07 01:34:49 hostname-txyuq.foreman.pxe kernel: GICv3: CPU299: found redistributor 900070101 region 299:0x0000204640fc0000
Sep 07 01:34:49 hostname-txyuq.foreman.pxe kernel: GICv3: CPU299: using allocated LPI pending table @0x0000090011f80000
Sep 07 01:34:49 hostname-txyuq.foreman.pxe kernel: CPU299: Booted secondary processor 0x0900070101 [0x480fd020]
Sep 07 01:34:49 hostname-txyuq.foreman.pxe kernel: Detected VIPT I-cache on CPU300
Sep 07 01:34:49 hostname-txyuq.foreman.pxe kernel: GICv3: CPU300: found redistributor 900070200 region 300:0x0000204641000000
Sep 07 01:34:49 hostname-txyuq.foreman.pxe kernel: GICv3: CPU300: using allocated LPI pending table @0x0000090011f90000
Sep 07 01:34:49 hostname-txyuq.foreman.pxe kernel: CPU300: Booted secondary processor 0x0900070200 [0x480fd020]
Sep 07 01:34:49 hostname-txyuq.foreman.pxe kernel: Detected VIPT I-cache on CPU301
Sep 07 01:34:49 hostname-txyuq.foreman.pxe kernel: GICv3: CPU301: found redistributor 900070201 region 301:0x0000204641040000
Sep 07 01:34:49 hostname-txyuq.foreman.pxe kernel: GICv3: CPU301: using allocated LPI pending table @0x0000090011fa0000
Sep 07 01:34:49 hostname-txyuq.foreman.pxe kernel: CPU301: Booted secondary processor 0x0900070201 [0x480fd020]
Sep 07 01:34:49 hostname-txyuq.foreman.pxe kernel: Detected VIPT I-cache on CPU302
Sep 07 01:34:49 hostname-txyuq.foreman.pxe kernel: GICv3: CPU302: found redistributor 900070300 region 302:0x0000204641080000
Sep 07 01:34:49 hostname-txyuq.foreman.pxe kernel: GICv3: CPU302: using allocated LPI pending table @0x0000090011fb0000
Sep 07 01:34:49 hostname-txyuq.foreman.pxe kernel: CPU302: Booted secondary processor 0x0900070300 [0x480fd020]
Sep 07 01:34:49 hostname-txyuq.foreman.pxe kernel: Detected VIPT I-cache on CPU303
Sep 07 01:34:49 hostname-txyuq.foreman.pxe kernel: GICv3: CPU303: found redistributor 900070301 region 303:0x00002046410c0000
Sep 07 01:34:49 hostname-txyuq.foreman.pxe kernel: GICv3: CPU303: using allocated LPI pending table @0x0000090011fc0000
Sep 07 01:34:49 hostname-txyuq.foreman.pxe kernel: CPU303: Booted secondary processor 0x0900070301 [0x480fd020]
Sep 07 01:34:49 hostname-txyuq.foreman.pxe kernel: Detected VIPT I-cache on CPU304
Sep 07 01:34:49 hostname-txyuq.foreman.pxe kernel: GICv3: CPU304: found redistributor 900080000 region 304:0x0000204641100000
Sep 07 01:34:49 hostname-txyuq.foreman.pxe kernel: GICv3: CPU304: using allocated LPI pending table @0x0000090011fd0000
Sep 07 01:34:49 hostname-txyuq.foreman.pxe kernel: CPU304: Booted secondary processor 0x0900080000 [0x480fd020]
Sep 07 01:34:49 hostname-txyuq.foreman.pxe kernel: Detected VIPT I-cache on CPU305
Sep 07 01:34:49 hostname-txyuq.foreman.pxe kernel: GICv3: CPU305: found redistributor 900080001 region 305:0x0000204641140000
Sep 07 01:34:49 hostname-txyuq.foreman.pxe kernel: GICv3: CPU305: using allocated LPI pending table @0x0000090011fe0000
Sep 07 01:34:49 hostname-txyuq.foreman.pxe kernel: CPU305: Booted secondary processor 0x0900080001 [0x480fd020]
Sep 07 01:34:49 hostname-txyuq.foreman.pxe kernel: Detected VIPT I-cache on CPU306
Sep 07 01:34:49 hostname-txyuq.foreman.pxe kernel: GICv3: CPU306: found redistributor 900080100 region 306:0x0000204641180000
Sep 07 01:34:49 hostname-txyuq.foreman.pxe kernel: GICv3: CPU306: using allocated LPI pending table @0x0000090011ff0000
Sep 07 01:34:49 hostname-txyuq.foreman.pxe kernel: CPU306: Booted secondary processor 0x0900080100 [0x480fd020]
Sep 07 01:34:49 hostname-txyuq.foreman.pxe kernel: Detected VIPT I-cache on CPU307
Sep 07 01:34:49 hostname-txyuq.foreman.pxe kernel: GICv3: CPU307: found redistributor 900080101 region 307:0x00002046411c0000
Sep 07 01:34:49 hostname-txyuq.foreman.pxe kernel: GICv3: CPU307: using allocated LPI pending table @0x0000090012000000
Sep 07 01:34:49 hostname-txyuq.foreman.pxe kernel: CPU307: Booted secondary processor 0x0900080101 [0x480fd020]
Sep 07 01:34:49 hostname-txyuq.foreman.pxe kernel: Detected VIPT I-cache on CPU308
Sep 07 01:34:49 hostname-txyuq.foreman.pxe kernel: GICv3: CPU308: found redistributor 900080200 region 308:0x0000204641200000
Sep 07 01:34:49 hostname-txyuq.foreman.pxe kernel: GICv3: CPU308: using allocated LPI pending table @0x0000090012010000
Sep 07 01:34:49 hostname-txyuq.foreman.pxe kernel: CPU308: Booted secondary processor 0x0900080200 [0x480fd020]
Sep 07 01:34:49 hostname-txyuq.foreman.pxe kernel: Detected VIPT I-cache on CPU309
Sep 07 01:34:49 hostname-txyuq.foreman.pxe kernel: GICv3: CPU309: found redistributor 900080201 region 309:0x0000204641240000
Sep 07 01:34:49 hostname-txyuq.foreman.pxe kernel: GICv3: CPU309: using allocated LPI pending table @0x0000090012020000
Sep 07 01:34:49 hostname-txyuq.foreman.pxe kernel: CPU309: Booted secondary processor 0x0900080201 [0x480fd020]
Sep 07 01:34:49 hostname-txyuq.foreman.pxe kernel: Detected VIPT I-cache on CPU310
Sep 07 01:34:49 hostname-txyuq.foreman.pxe kernel: GICv3: CPU310: found redistributor 900080300 region 310:0x0000204641280000
Sep 07 01:34:49 hostname-txyuq.foreman.pxe kernel: GICv3: CPU310: using allocated LPI pending table @0x0000090012030000
Sep 07 01:34:49 hostname-txyuq.foreman.pxe kernel: CPU310: Booted secondary processor 0x0900080300 [0x480fd020]
Sep 07 01:34:49 hostname-txyuq.foreman.pxe kernel: Detected VIPT I-cache on CPU311
Sep 07 01:34:49 hostname-txyuq.foreman.pxe kernel: GICv3: CPU311: found redistributor 900080301 region 311:0x00002046412c0000
Sep 07 01:34:49 hostname-txyuq.foreman.pxe kernel: GICv3: CPU311: using allocated LPI pending table @0x0000090012040000
Sep 07 01:34:49 hostname-txyuq.foreman.pxe kernel: CPU311: Booted secondary processor 0x0900080301 [0x480fd020]
Sep 07 01:34:49 hostname-txyuq.foreman.pxe kernel: Detected VIPT I-cache on CPU312
Sep 07 01:34:49 hostname-txyuq.foreman.pxe kernel: GICv3: CPU312: found redistributor 900090000 region 312:0x0000204641300000
Sep 07 01:34:49 hostname-txyuq.foreman.pxe kernel: GICv3: CPU312: using allocated LPI pending table @0x0000090012050000
Sep 07 01:34:49 hostname-txyuq.foreman.pxe kernel: CPU312: Booted secondary processor 0x0900090000 [0x480fd020]
Sep 07 01:34:49 hostname-txyuq.foreman.pxe kernel: Detected VIPT I-cache on CPU313
Sep 07 01:34:49 hostname-txyuq.foreman.pxe kernel: GICv3: CPU313: found redistributor 900090001 region 313:0x0000204641340000
Sep 07 01:34:49 hostname-txyuq.foreman.pxe kernel: GICv3: CPU313: using allocated LPI pending table @0x0000090012060000
Sep 07 01:34:49 hostname-txyuq.foreman.pxe kernel: CPU313: Booted secondary processor 0x0900090001 [0x480fd020]
Sep 07 01:34:49 hostname-txyuq.foreman.pxe kernel: Detected VIPT I-cache on CPU314
Sep 07 01:34:49 hostname-txyuq.foreman.pxe kernel: GICv3: CPU314: found redistributor 900090100 region 314:0x0000204641380000
Sep 07 01:34:49 hostname-txyuq.foreman.pxe kernel: GICv3: CPU314: using allocated LPI pending table @0x0000090012070000
Sep 07 01:34:49 hostname-txyuq.foreman.pxe kernel: CPU314: Booted secondary processor 0x0900090100 [0x480fd020]
Sep 07 01:34:49 hostname-txyuq.foreman.pxe kernel: Detected VIPT I-cache on CPU315
Sep 07 01:34:49 hostname-txyuq.foreman.pxe kernel: GICv3: CPU315: found redistributor 900090101 region 315:0x00002046413c0000
Sep 07 01:34:49 hostname-txyuq.foreman.pxe kernel: GICv3: CPU315: using allocated LPI pending table @0x0000090012080000
Sep 07 01:34:49 hostname-txyuq.foreman.pxe kernel: CPU315: Booted secondary processor 0x0900090101 [0x480fd020]
Sep 07 01:34:49 hostname-txyuq.foreman.pxe kernel: Detected VIPT I-cache on CPU316
Sep 07 01:34:49 hostname-txyuq.foreman.pxe kernel: GICv3: CPU316: found redistributor 900090200 region 316:0x0000204641400000
Sep 07 01:34:49 hostname-txyuq.foreman.pxe kernel: GICv3: CPU316: using allocated LPI pending table @0x0000090012090000
Sep 07 01:34:49 hostname-txyuq.foreman.pxe kernel: CPU316: Booted secondary processor 0x0900090200 [0x480fd020]
Sep 07 01:34:49 hostname-txyuq.foreman.pxe kernel: Detected VIPT I-cache on CPU317
Sep 07 01:34:49 hostname-txyuq.foreman.pxe kernel: GICv3: CPU317: found redistributor 900090201 region 317:0x0000204641440000
Sep 07 01:34:49 hostname-txyuq.foreman.pxe kernel: GICv3: CPU317: using allocated LPI pending table @0x00000900120a0000
Sep 07 01:34:49 hostname-txyuq.foreman.pxe kernel: CPU317: Booted secondary processor 0x0900090201 [0x480fd020]
Sep 07 01:34:49 hostname-txyuq.foreman.pxe kernel: Detected VIPT I-cache on CPU318
Sep 07 01:34:49 hostname-txyuq.foreman.pxe kernel: GICv3: CPU318: found redistributor 900090300 region 318:0x0000204641480000
Sep 07 01:34:49 hostname-txyuq.foreman.pxe kernel: GICv3: CPU318: using allocated LPI pending table @0x00000900120b0000
Sep 07 01:34:49 hostname-txyuq.foreman.pxe kernel: CPU318: Booted secondary processor 0x0900090300 [0x480fd020]
Sep 07 01:34:49 hostname-txyuq.foreman.pxe kernel: Detected VIPT I-cache on CPU319
Sep 07 01:34:49 hostname-txyuq.foreman.pxe kernel: GICv3: CPU319: found redistributor 900090301 region 319:0x00002046414c0000
Sep 07 01:34:49 hostname-txyuq.foreman.pxe kernel: GICv3: CPU319: using allocated LPI pending table @0x00000900120c0000
Sep 07 01:34:49 hostname-txyuq.foreman.pxe kernel: CPU319: Booted secondary processor 0x0900090301 [0x480fd020]
Sep 07 01:34:49 hostname-txyuq.foreman.pxe kernel: smp: Brought up 4 nodes, 320 CPUs
Sep 07 01:34:49 hostname-txyuq.foreman.pxe kernel: SMP: Total of 320 processors activated.
Sep 07 01:34:49 hostname-txyuq.foreman.pxe kernel: CPU features: detected: ARMv8.4 Translation Table Level
Sep 07 01:34:49 hostname-txyuq.foreman.pxe kernel: CPU features: detected: Instruction cache invalidation not required for I/D coherence
Sep 07 01:34:49 hostname-txyuq.foreman.pxe kernel: CPU features: detected: Data cache clean to the PoU not required for I/D coherence
Sep 07 01:34:49 hostname-txyuq.foreman.pxe kernel: CPU features: detected: CRC32 instructions
Sep 07 01:34:49 hostname-txyuq.foreman.pxe kernel: CPU features: detected: Data cache clean to Point of Deep Persistence
Sep 07 01:34:49 hostname-txyuq.foreman.pxe kernel: CPU features: detected: Data cache clean to Point of Persistence
Sep 07 01:34:49 hostname-txyuq.foreman.pxe kernel: CPU features: detected: Data independent timing control (DIT)
Sep 07 01:34:49 hostname-txyuq.foreman.pxe kernel: CPU features: detected: E0PD
Sep 07 01:34:49 hostname-txyuq.foreman.pxe kernel: CPU features: detected: Enhanced Counter Virtualization
Sep 07 01:34:49 hostname-txyuq.foreman.pxe kernel: CPU features: detected: Enhanced Counter Virtualization (CNTPOFF)
Sep 07 01:34:49 hostname-txyuq.foreman.pxe kernel: CPU features: detected: Enhanced Virtualization Traps
Sep 07 01:34:49 hostname-txyuq.foreman.pxe kernel: CPU features: detected: RCpc load-acquire (LDAPR)
Sep 07 01:34:49 hostname-txyuq.foreman.pxe kernel: CPU features: detected: LSE atomic instructions
Sep 07 01:34:49 hostname-txyuq.foreman.pxe kernel: CPU features: detected: Privileged Access Never
Sep 07 01:34:49 hostname-txyuq.foreman.pxe kernel: CPU features: detected: RAS Extension Support
Sep 07 01:34:49 hostname-txyuq.foreman.pxe kernel: CPU features: detected: Random Number Generator
Sep 07 01:34:49 hostname-txyuq.foreman.pxe kernel: CPU features: detected: Speculation barrier (SB)
Sep 07 01:34:49 hostname-txyuq.foreman.pxe kernel: CPU features: detected: Stage-2 Force Write-Back
Sep 07 01:34:49 hostname-txyuq.foreman.pxe kernel: CPU features: detected: TLB range maintenance instructions
Sep 07 01:34:49 hostname-txyuq.foreman.pxe kernel: CPU features: detected: Delayed Trapping of WFE
Sep 07 01:34:49 hostname-txyuq.foreman.pxe kernel: CPU features: detected: Speculative Store Bypassing Safe (SSBS)
Sep 07 01:34:49 hostname-txyuq.foreman.pxe kernel: CPU features: detected: Scalable Vector Extension
Sep 07 01:34:49 hostname-txyuq.foreman.pxe kernel: CPU features: detected CPU94: Activity Monitors Unit (AMU)
Sep 07 01:34:49 hostname-txyuq.foreman.pxe kernel: CPU features: detected CPU95: Activity Monitors Unit (AMU)
Sep 07 01:34:49 hostname-txyuq.foreman.pxe kernel: CPU features: detected CPU133: Activity Monitors Unit (AMU)
Sep 07 01:34:49 hostname-txyuq.foreman.pxe kernel: CPU features: detected CPU132: Activity Monitors Unit (AMU)
Sep 07 01:34:49 hostname-txyuq.foreman.pxe kernel: CPU features: detected CPU134: Activity Monitors Unit (AMU)
Sep 07 01:34:49 hostname-txyuq.foreman.pxe kernel: CPU features: detected CPU135: Activity Monitors Unit (AMU)
Sep 07 01:34:49 hostname-txyuq.foreman.pxe kernel: CPU features: detected CPU124: Activity Monitors Unit (AMU)
Sep 07 01:34:49 hostname-txyuq.foreman.pxe kernel: CPU features: detected CPU125: Activity Monitors Unit (AMU)
Sep 07 01:34:49 hostname-txyuq.foreman.pxe kernel: CPU features: detected CPU161: Activity Monitors Unit (AMU)
Sep 07 01:34:49 hostname-txyuq.foreman.pxe kernel: CPU features: detected CPU160: Activity Monitors Unit (AMU)
Sep 07 01:34:49 hostname-txyuq.foreman.pxe kernel: CPU features: detected CPU176: Activity Monitors Unit (AMU)
Sep 07 01:34:49 hostname-txyuq.foreman.pxe kernel: CPU features: detected CPU223: Activity Monitors Unit (AMU)
Sep 07 01:34:49 hostname-txyuq.foreman.pxe kernel: CPU features: detected CPU89: Activity Monitors Unit (AMU)
Sep 07 01:34:49 hostname-txyuq.foreman.pxe kernel: CPU features: detected CPU88: Activity Monitors Unit (AMU)
Sep 07 01:34:49 hostname-txyuq.foreman.pxe kernel: CPU features: detected CPU127: Activity Monitors Unit (AMU)
Sep 07 01:34:49 hostname-txyuq.foreman.pxe kernel: CPU features: detected CPU93: Activity Monitors Unit (AMU)
Sep 07 01:34:49 hostname-txyuq.foreman.pxe kernel: CPU features: detected CPU111: Activity Monitors Unit (AMU)
Sep 07 01:34:49 hostname-txyuq.foreman.pxe kernel: CPU features: detected CPU110: Activity Monitors Unit (AMU)
Sep 07 01:34:49 hostname-txyuq.foreman.pxe kernel: CPU features: detected CPU139: Activity Monitors Unit (AMU)
Sep 07 01:34:49 hostname-txyuq.foreman.pxe kernel: CPU features: detected CPU107: Activity Monitors Unit (AMU)
Sep 07 01:34:49 hostname-txyuq.foreman.pxe kernel: CPU features: detected CPU19: Activity Monitors Unit (AMU)
Sep 07 01:34:49 hostname-txyuq.foreman.pxe kernel: CPU features: detected CPU21: Activity Monitors Unit (AMU)
Sep 07 01:34:49 hostname-txyuq.foreman.pxe kernel: CPU features: detected CPU20: Activity Monitors Unit (AMU)
Sep 07 01:34:49 hostname-txyuq.foreman.pxe kernel: CPU features: detected CPU18: Activity Monitors Unit (AMU)
Sep 07 01:34:49 hostname-txyuq.foreman.pxe kernel: CPU features: detected CPU308: Activity Monitors Unit (AMU)
Sep 07 01:34:49 hostname-txyuq.foreman.pxe kernel: CPU features: detected CPU258: Activity Monitors Unit (AMU)
Sep 07 01:34:49 hostname-txyuq.foreman.pxe kernel: CPU features: detected CPU299: Activity Monitors Unit (AMU)
Sep 07 01:34:49 hostname-txyuq.foreman.pxe kernel: CPU features: detected CPU298: Activity Monitors Unit (AMU)
Sep 07 01:34:49 hostname-txyuq.foreman.pxe kernel: CPU features: detected CPU118: Activity Monitors Unit (AMU)
Sep 07 01:34:49 hostname-txyuq.foreman.pxe kernel: CPU features: detected CPU119: Activity Monitors Unit (AMU)
Sep 07 01:34:49 hostname-txyuq.foreman.pxe kernel: CPU features: detected CPU92: Activity Monitors Unit (AMU)
Sep 07 01:34:49 hostname-txyuq.foreman.pxe kernel: CPU features: detected CPU260: Activity Monitors Unit (AMU)
Sep 07 01:34:49 hostname-txyuq.foreman.pxe kernel: CPU features: detected CPU300: Activity Monitors Unit (AMU)
Sep 07 01:34:49 hostname-txyuq.foreman.pxe kernel: CPU features: detected CPU251: Activity Monitors Unit (AMU)
Sep 07 01:34:49 hostname-txyuq.foreman.pxe kernel: CPU features: detected CPU257: Activity Monitors Unit (AMU)
Sep 07 01:34:49 hostname-txyuq.foreman.pxe kernel: CPU features: detected CPU91: Activity Monitors Unit (AMU)
Sep 07 01:34:49 hostname-txyuq.foreman.pxe kernel: CPU features: detected CPU276: Activity Monitors Unit (AMU)
Sep 07 01:34:49 hostname-txyuq.foreman.pxe kernel: CPU features: detected CPU301: Activity Monitors Unit (AMU)
Sep 07 01:34:49 hostname-txyuq.foreman.pxe kernel: CPU features: detected CPU128: Activity Monitors Unit (AMU)
Sep 07 01:34:49 hostname-txyuq.foreman.pxe kernel: CPU features: detected CPU129: Activity Monitors Unit (AMU)
Sep 07 01:34:49 hostname-txyuq.foreman.pxe kernel: CPU features: detected CPU295: Activity Monitors Unit (AMU)
Sep 07 01:34:49 hostname-txyuq.foreman.pxe kernel: CPU features: detected CPU116: Activity Monitors Unit (AMU)
Sep 07 01:34:49 hostname-txyuq.foreman.pxe kernel: CPU features: detected CPU117: Activity Monitors Unit (AMU)
Sep 07 01:34:49 hostname-txyuq.foreman.pxe kernel: CPU features: detected CPU1: Activity Monitors Unit (AMU)
Sep 07 01:34:49 hostname-txyuq.foreman.pxe kernel: CPU features: detected CPU74: Activity Monitors Unit (AMU)
Sep 07 01:34:49 hostname-txyuq.foreman.pxe kernel: CPU features: detected CPU319: Activity Monitors Unit (AMU)
Sep 07 01:34:49 hostname-txyuq.foreman.pxe kernel: CPU features: detected CPU126: Activity Monitors Unit (AMU)
Sep 07 01:34:49 hostname-txyuq.foreman.pxe kernel: CPU features: detected CPU78: Activity Monitors Unit (AMU)
Sep 07 01:34:49 hostname-txyuq.foreman.pxe kernel: CPU features: detected CPU79: Activity Monitors Unit (AMU)
Sep 07 01:34:49 hostname-txyuq.foreman.pxe kernel: CPU features: detected CPU220: Activity Monitors Unit (AMU)
Sep 07 01:34:49 hostname-txyuq.foreman.pxe kernel: CPU features: detected CPU190: Activity Monitors Unit (AMU)
Sep 07 01:34:49 hostname-txyuq.foreman.pxe kernel: CPU features: detected CPU22: Activity Monitors Unit (AMU)
Sep 07 01:34:49 hostname-txyuq.foreman.pxe kernel: CPU features: detected CPU41: Activity Monitors Unit (AMU)
Sep 07 01:34:49 hostname-txyuq.foreman.pxe kernel: CPU features: detected CPU40: Activity Monitors Unit (AMU)
Sep 07 01:34:49 hostname-txyuq.foreman.pxe kernel: CPU features: detected CPU149: Activity Monitors Unit (AMU)
Sep 07 01:34:49 hostname-txyuq.foreman.pxe kernel: CPU features: detected CPU141: Activity Monitors Unit (AMU)
Sep 07 01:34:49 hostname-txyuq.foreman.pxe kernel: CPU features: detected CPU154: Activity Monitors Unit (AMU)
Sep 07 01:34:49 hostname-txyuq.foreman.pxe kernel: CPU features: detected CPU13: Activity Monitors Unit (AMU)
Sep 07 01:34:49 hostname-txyuq.foreman.pxe kernel: CPU features: detected CPU12: Activity Monitors Unit (AMU)
Sep 07 01:34:49 hostname-txyuq.foreman.pxe kernel: CPU features: detected CPU17: Activity Monitors Unit (AMU)
Sep 07 01:34:49 hostname-txyuq.foreman.pxe kernel: CPU features: detected CPU23: Activity Monitors Unit (AMU)
Sep 07 01:34:49 hostname-txyuq.foreman.pxe kernel: CPU features: detected CPU9: Activity Monitors Unit (AMU)
Sep 07 01:34:49 hostname-txyuq.foreman.pxe kernel: CPU features: detected CPU86: Activity Monitors Unit (AMU)
Sep 07 01:34:49 hostname-txyuq.foreman.pxe kernel: CPU features: detected CPU267: Activity Monitors Unit (AMU)
Sep 07 01:34:49 hostname-txyuq.foreman.pxe kernel: CPU features: detected CPU90: Activity Monitors Unit (AMU)
Sep 07 01:34:49 hostname-txyuq.foreman.pxe kernel: CPU features: detected CPU164: Activity Monitors Unit (AMU)
Sep 07 01:34:49 hostname-txyuq.foreman.pxe kernel: CPU features: detected CPU222: Activity Monitors Unit (AMU)
Sep 07 01:34:49 hostname-txyuq.foreman.pxe kernel: CPU features: detected CPU98: Activity Monitors Unit (AMU)
Sep 07 01:34:49 hostname-txyuq.foreman.pxe kernel: CPU features: detected CPU130: Activity Monitors Unit (AMU)
Sep 07 01:34:49 hostname-txyuq.foreman.pxe kernel: CPU features: detected CPU87: Activity Monitors Unit (AMU)
Sep 07 01:34:49 hostname-txyuq.foreman.pxe kernel: CPU features: detected CPU75: Activity Monitors Unit (AMU)
Sep 07 01:34:49 hostname-txyuq.foreman.pxe kernel: CPU features: detected CPU36: Activity Monitors Unit (AMU)
Sep 07 01:34:49 hostname-txyuq.foreman.pxe kernel: CPU features: detected CPU0: Activity Monitors Unit (AMU)
Sep 07 01:34:49 hostname-txyuq.foreman.pxe kernel: CPU features: detected CPU256: Activity Monitors Unit (AMU)
Sep 07 01:34:49 hostname-txyuq.foreman.pxe kernel: CPU features: detected CPU265: Activity Monitors Unit (AMU)
Sep 07 01:34:49 hostname-txyuq.foreman.pxe kernel: CPU features: detected CPU296: Activity Monitors Unit (AMU)
Sep 07 01:34:49 hostname-txyuq.foreman.pxe kernel: CPU features: detected CPU297: Activity Monitors Unit (AMU)
Sep 07 01:34:49 hostname-txyuq.foreman.pxe kernel: CPU features: detected CPU10: Activity Monitors Unit (AMU)
Sep 07 01:34:49 hostname-txyuq.foreman.pxe kernel: CPU features: detected CPU7: Activity Monitors Unit (AMU)
Sep 07 01:34:49 hostname-txyuq.foreman.pxe kernel: CPU features: detected CPU6: Activity Monitors Unit (AMU)
Sep 07 01:34:49 hostname-txyuq.foreman.pxe kernel: CPU features: detected CPU131: Activity Monitors Unit (AMU)
Sep 07 01:34:49 hostname-txyuq.foreman.pxe kernel: CPU features: detected CPU53: Activity Monitors Unit (AMU)
Sep 07 01:34:49 hostname-txyuq.foreman.pxe kernel: CPU features: detected CPU106: Activity Monitors Unit (AMU)
Sep 07 01:34:49 hostname-txyuq.foreman.pxe kernel: CPU features: detected CPU43: Activity Monitors Unit (AMU)
Sep 07 01:34:49 hostname-txyuq.foreman.pxe kernel: CPU features: detected CPU248: Activity Monitors Unit (AMU)
Sep 07 01:34:49 hostname-txyuq.foreman.pxe kernel: CPU features: detected CPU309: Activity Monitors Unit (AMU)
Sep 07 01:34:49 hostname-txyuq.foreman.pxe kernel: CPU features: detected CPU250: Activity Monitors Unit (AMU)
Sep 07 01:34:49 hostname-txyuq.foreman.pxe kernel: CPU features: detected CPU67: Activity Monitors Unit (AMU)
Sep 07 01:34:49 hostname-txyuq.foreman.pxe kernel: CPU features: detected CPU44: Activity Monitors Unit (AMU)
Sep 07 01:34:49 hostname-txyuq.foreman.pxe kernel: CPU features: detected CPU46: Activity Monitors Unit (AMU)
Sep 07 01:34:49 hostname-txyuq.foreman.pxe kernel: CPU features: detected CPU42: Activity Monitors Unit (AMU)
Sep 07 01:34:49 hostname-txyuq.foreman.pxe kernel: CPU features: detected CPU80: Activity Monitors Unit (AMU)
Sep 07 01:34:49 hostname-txyuq.foreman.pxe kernel: CPU features: detected CPU81: Activity Monitors Unit (AMU)
Sep 07 01:34:49 hostname-txyuq.foreman.pxe kernel: CPU features: detected CPU99: Activity Monitors Unit (AMU)
Sep 07 01:34:49 hostname-txyuq.foreman.pxe kernel: CPU features: detected CPU303: Activity Monitors Unit (AMU)
Sep 07 01:34:49 hostname-txyuq.foreman.pxe kernel: CPU features: detected CPU302: Activity Monitors Unit (AMU)
Sep 07 01:34:49 hostname-txyuq.foreman.pxe kernel: CPU features: detected CPU152: Activity Monitors Unit (AMU)
Sep 07 01:34:49 hostname-txyuq.foreman.pxe kernel: CPU features: detected CPU153: Activity Monitors Unit (AMU)
Sep 07 01:34:49 hostname-txyuq.foreman.pxe kernel: CPU features: detected CPU155: Activity Monitors Unit (AMU)
Sep 07 01:34:49 hostname-txyuq.foreman.pxe kernel: CPU features: detected CPU158: Activity Monitors Unit (AMU)
Sep 07 01:34:49 hostname-txyuq.foreman.pxe kernel: CPU features: detected CPU37: Activity Monitors Unit (AMU)
Sep 07 01:34:49 hostname-txyuq.foreman.pxe kernel: CPU features: detected CPU96: Activity Monitors Unit (AMU)
Sep 07 01:34:49 hostname-txyuq.foreman.pxe kernel: CPU features: detected CPU97: Activity Monitors Unit (AMU)
Sep 07 01:34:49 hostname-txyuq.foreman.pxe kernel: CPU features: detected CPU4: Activity Monitors Unit (AMU)
Sep 07 01:34:49 hostname-txyuq.foreman.pxe kernel: CPU features: detected CPU5: Activity Monitors Unit (AMU)
Sep 07 01:34:49 hostname-txyuq.foreman.pxe kernel: CPU features: detected CPU3: Activity Monitors Unit (AMU)
Sep 07 01:34:49 hostname-txyuq.foreman.pxe kernel: CPU features: detected CPU197: Activity Monitors Unit (AMU)
Sep 07 01:34:49 hostname-txyuq.foreman.pxe kernel: CPU features: detected CPU178: Activity Monitors Unit (AMU)
Sep 07 01:34:49 hostname-txyuq.foreman.pxe kernel: CPU features: detected CPU179: Activity Monitors Unit (AMU)
Sep 07 01:34:49 hostname-txyuq.foreman.pxe kernel: CPU features: detected CPU219: Activity Monitors Unit (AMU)
Sep 07 01:34:49 hostname-txyuq.foreman.pxe kernel: CPU features: detected CPU311: Activity Monitors Unit (AMU)
Sep 07 01:34:49 hostname-txyuq.foreman.pxe kernel: CPU features: detected CPU249: Activity Monitors Unit (AMU)
Sep 07 01:34:49 hostname-txyuq.foreman.pxe kernel: CPU features: detected CPU120: Activity Monitors Unit (AMU)
Sep 07 01:34:49 hostname-txyuq.foreman.pxe kernel: CPU features: detected CPU121: Activity Monitors Unit (AMU)
Sep 07 01:34:49 hostname-txyuq.foreman.pxe kernel: CPU features: detected CPU122: Activity Monitors Unit (AMU)
Sep 07 01:34:49 hostname-txyuq.foreman.pxe kernel: CPU features: detected CPU123: Activity Monitors Unit (AMU)
Sep 07 01:34:49 hostname-txyuq.foreman.pxe kernel: CPU features: detected CPU45: Activity Monitors Unit (AMU)
Sep 07 01:34:49 hostname-txyuq.foreman.pxe kernel: CPU features: detected CPU312: Activity Monitors Unit (AMU)
Sep 07 01:34:49 hostname-txyuq.foreman.pxe kernel: CPU features: detected CPU61: Activity Monitors Unit (AMU)
Sep 07 01:34:49 hostname-txyuq.foreman.pxe kernel: CPU features: detected CPU218: Activity Monitors Unit (AMU)
Sep 07 01:34:49 hostname-txyuq.foreman.pxe kernel: CPU features: detected CPU142: Activity Monitors Unit (AMU)
Sep 07 01:34:49 hostname-txyuq.foreman.pxe kernel: CPU features: detected CPU143: Activity Monitors Unit (AMU)
Sep 07 01:34:49 hostname-txyuq.foreman.pxe kernel: CPU features: detected CPU2: Activity Monitors Unit (AMU)
Sep 07 01:34:49 hostname-txyuq.foreman.pxe kernel: CPU features: detected CPU159: Activity Monitors Unit (AMU)
Sep 07 01:34:49 hostname-txyuq.foreman.pxe kernel: CPU features: detected CPU65: Activity Monitors Unit (AMU)
Sep 07 01:34:49 hostname-txyuq.foreman.pxe kernel: CPU features: detected CPU105: Activity Monitors Unit (AMU)
Sep 07 01:34:49 hostname-txyuq.foreman.pxe kernel: CPU features: detected CPU104: Activity Monitors Unit (AMU)
Sep 07 01:34:49 hostname-txyuq.foreman.pxe kernel: CPU features: detected CPU49: Activity Monitors Unit (AMU)
Sep 07 01:34:49 hostname-txyuq.foreman.pxe kernel: CPU features: detected CPU144: Activity Monitors Unit (AMU)
Sep 07 01:34:49 hostname-txyuq.foreman.pxe kernel: CPU features: detected CPU145: Activity Monitors Unit (AMU)
Sep 07 01:34:49 hostname-txyuq.foreman.pxe kernel: CPU features: detected CPU137: Activity Monitors Unit (AMU)
Sep 07 01:34:49 hostname-txyuq.foreman.pxe kernel: CPU features: detected CPU136: Activity Monitors Unit (AMU)
Sep 07 01:34:49 hostname-txyuq.foreman.pxe kernel: CPU features: detected CPU138: Activity Monitors Unit (AMU)
Sep 07 01:34:49 hostname-txyuq.foreman.pxe kernel: CPU features: detected CPU64: Activity Monitors Unit (AMU)
Sep 07 01:34:49 hostname-txyuq.foreman.pxe kernel: CPU features: detected CPU162: Activity Monitors Unit (AMU)
Sep 07 01:34:49 hostname-txyuq.foreman.pxe kernel: CPU features: detected CPU237: Activity Monitors Unit (AMU)
Sep 07 01:34:49 hostname-txyuq.foreman.pxe kernel: CPU features: detected CPU216: Activity Monitors Unit (AMU)
Sep 07 01:34:49 hostname-txyuq.foreman.pxe kernel: CPU features: detected CPU217: Activity Monitors Unit (AMU)
Sep 07 01:34:49 hostname-txyuq.foreman.pxe kernel: CPU features: detected CPU194: Activity Monitors Unit (AMU)
Sep 07 01:34:49 hostname-txyuq.foreman.pxe kernel: CPU features: detected CPU259: Activity Monitors Unit (AMU)
Sep 07 01:34:49 hostname-txyuq.foreman.pxe kernel: CPU features: detected CPU261: Activity Monitors Unit (AMU)
Sep 07 01:34:49 hostname-txyuq.foreman.pxe kernel: CPU features: detected CPU52: Activity Monitors Unit (AMU)
Sep 07 01:34:49 hostname-txyuq.foreman.pxe kernel: CPU features: detected CPU103: Activity Monitors Unit (AMU)
Sep 07 01:34:49 hostname-txyuq.foreman.pxe kernel: CPU features: detected CPU202: Activity Monitors Unit (AMU)
Sep 07 01:34:49 hostname-txyuq.foreman.pxe kernel: CPU features: detected CPU157: Activity Monitors Unit (AMU)
Sep 07 01:34:49 hostname-txyuq.foreman.pxe kernel: CPU features: detected CPU254: Activity Monitors Unit (AMU)
Sep 07 01:34:49 hostname-txyuq.foreman.pxe kernel: CPU features: detected CPU255: Activity Monitors Unit (AMU)
Sep 07 01:34:49 hostname-txyuq.foreman.pxe kernel: CPU features: detected CPU318: Activity Monitors Unit (AMU)
Sep 07 01:34:49 hostname-txyuq.foreman.pxe kernel: CPU features: detected CPU289: Activity Monitors Unit (AMU)
Sep 07 01:34:49 hostname-txyuq.foreman.pxe kernel: CPU features: detected CPU288: Activity Monitors Unit (AMU)
Sep 07 01:34:49 hostname-txyuq.foreman.pxe kernel: CPU features: detected CPU101: Activity Monitors Unit (AMU)
Sep 07 01:34:49 hostname-txyuq.foreman.pxe kernel: CPU features: detected CPU100: Activity Monitors Unit (AMU)
Sep 07 01:34:49 hostname-txyuq.foreman.pxe kernel: CPU features: detected CPU187: Activity Monitors Unit (AMU)
Sep 07 01:34:49 hostname-txyuq.foreman.pxe kernel: CPU features: detected CPU213: Activity Monitors Unit (AMU)
Sep 07 01:34:49 hostname-txyuq.foreman.pxe kernel: CPU features: detected CPU214: Activity Monitors Unit (AMU)
Sep 07 01:34:49 hostname-txyuq.foreman.pxe kernel: CPU features: detected CPU221: Activity Monitors Unit (AMU)
Sep 07 01:34:49 hostname-txyuq.foreman.pxe kernel: CPU features: detected CPU151: Activity Monitors Unit (AMU)
Sep 07 01:34:49 hostname-txyuq.foreman.pxe kernel: CPU features: detected CPU150: Activity Monitors Unit (AMU)
Sep 07 01:34:49 hostname-txyuq.foreman.pxe kernel: CPU features: detected CPU156: Activity Monitors Unit (AMU)
Sep 07 01:34:49 hostname-txyuq.foreman.pxe kernel: CPU features: detected CPU84: Activity Monitors Unit (AMU)
Sep 07 01:34:49 hostname-txyuq.foreman.pxe kernel: CPU features: detected CPU68: Activity Monitors Unit (AMU)
Sep 07 01:34:49 hostname-txyuq.foreman.pxe kernel: CPU features: detected CPU69: Activity Monitors Unit (AMU)
Sep 07 01:34:49 hostname-txyuq.foreman.pxe kernel: CPU features: detected CPU47: Activity Monitors Unit (AMU)
Sep 07 01:34:49 hostname-txyuq.foreman.pxe kernel: CPU features: detected CPU263: Activity Monitors Unit (AMU)
Sep 07 01:34:49 hostname-txyuq.foreman.pxe kernel: CPU features: detected CPU172: Activity Monitors Unit (AMU)
Sep 07 01:34:49 hostname-txyuq.foreman.pxe kernel: CPU features: detected CPU191: Activity Monitors Unit (AMU)
Sep 07 01:34:49 hostname-txyuq.foreman.pxe kernel: CPU features: detected CPU115: Activity Monitors Unit (AMU)
Sep 07 01:34:49 hostname-txyuq.foreman.pxe kernel: CPU features: detected CPU31: Activity Monitors Unit (AMU)
Sep 07 01:34:49 hostname-txyuq.foreman.pxe kernel: CPU features: detected CPU51: Activity Monitors Unit (AMU)
Sep 07 01:34:49 hostname-txyuq.foreman.pxe kernel: CPU features: detected CPU50: Activity Monitors Unit (AMU)
Sep 07 01:34:49 hostname-txyuq.foreman.pxe kernel: CPU features: detected CPU77: Activity Monitors Unit (AMU)
Sep 07 01:34:49 hostname-txyuq.foreman.pxe kernel: CPU features: detected CPU76: Activity Monitors Unit (AMU)
Sep 07 01:34:49 hostname-txyuq.foreman.pxe kernel: CPU features: detected CPU11: Activity Monitors Unit (AMU)
Sep 07 01:34:49 hostname-txyuq.foreman.pxe kernel: CPU features: detected CPU270: Activity Monitors Unit (AMU)
Sep 07 01:34:49 hostname-txyuq.foreman.pxe kernel: CPU features: detected CPU200: Activity Monitors Unit (AMU)
Sep 07 01:34:49 hostname-txyuq.foreman.pxe kernel: CPU features: detected CPU85: Activity Monitors Unit (AMU)
Sep 07 01:34:49 hostname-txyuq.foreman.pxe kernel: CPU features: detected CPU177: Activity Monitors Unit (AMU)
Sep 07 01:34:49 hostname-txyuq.foreman.pxe kernel: CPU features: detected CPU25: Activity Monitors Unit (AMU)
Sep 07 01:34:49 hostname-txyuq.foreman.pxe kernel: CPU features: detected CPU62: Activity Monitors Unit (AMU)
Sep 07 01:34:49 hostname-txyuq.foreman.pxe kernel: CPU features: detected CPU57: Activity Monitors Unit (AMU)
Sep 07 01:34:49 hostname-txyuq.foreman.pxe kernel: CPU features: detected CPU56: Activity Monitors Unit (AMU)
Sep 07 01:34:49 hostname-txyuq.foreman.pxe kernel: CPU features: detected CPU33: Activity Monitors Unit (AMU)
Sep 07 01:34:49 hostname-txyuq.foreman.pxe kernel: CPU features: detected CPU32: Activity Monitors Unit (AMU)
Sep 07 01:34:49 hostname-txyuq.foreman.pxe kernel: CPU features: detected CPU55: Activity Monitors Unit (AMU)
Sep 07 01:34:49 hostname-txyuq.foreman.pxe kernel: CPU features: detected CPU195: Activity Monitors Unit (AMU)
Sep 07 01:34:49 hostname-txyuq.foreman.pxe kernel: CPU features: detected CPU59: Activity Monitors Unit (AMU)
Sep 07 01:34:49 hostname-txyuq.foreman.pxe kernel: CPU features: detected CPU58: Activity Monitors Unit (AMU)
Sep 07 01:34:49 hostname-txyuq.foreman.pxe kernel: CPU features: detected CPU203: Activity Monitors Unit (AMU)
Sep 07 01:34:49 hostname-txyuq.foreman.pxe kernel: CPU features: detected CPU24: Activity Monitors Unit (AMU)
Sep 07 01:34:49 hostname-txyuq.foreman.pxe kernel: CPU features: detected CPU287: Activity Monitors Unit (AMU)
Sep 07 01:34:49 hostname-txyuq.foreman.pxe kernel: CPU features: detected CPU271: Activity Monitors Unit (AMU)
Sep 07 01:34:49 hostname-txyuq.foreman.pxe kernel: CPU features: detected CPU294: Activity Monitors Unit (AMU)
Sep 07 01:34:49 hostname-txyuq.foreman.pxe kernel: CPU features: detected CPU233: Activity Monitors Unit (AMU)
Sep 07 01:34:49 hostname-txyuq.foreman.pxe kernel: CPU features: detected CPU108: Activity Monitors Unit (AMU)
Sep 07 01:34:49 hostname-txyuq.foreman.pxe kernel: CPU features: detected CPU109: Activity Monitors Unit (AMU)
Sep 07 01:34:49 hostname-txyuq.foreman.pxe kernel: CPU features: detected CPU54: Activity Monitors Unit (AMU)
Sep 07 01:34:49 hostname-txyuq.foreman.pxe kernel: CPU features: detected CPU83: Activity Monitors Unit (AMU)
Sep 07 01:34:49 hostname-txyuq.foreman.pxe kernel: CPU features: detected CPU242: Activity Monitors Unit (AMU)
Sep 07 01:34:49 hostname-txyuq.foreman.pxe kernel: CPU features: detected CPU274: Activity Monitors Unit (AMU)
Sep 07 01:34:49 hostname-txyuq.foreman.pxe kernel: CPU features: detected CPU170: Activity Monitors Unit (AMU)
Sep 07 01:34:49 hostname-txyuq.foreman.pxe kernel: CPU features: detected CPU253: Activity Monitors Unit (AMU)
Sep 07 01:34:49 hostname-txyuq.foreman.pxe kernel: CPU features: detected CPU228: Activity Monitors Unit (AMU)
Sep 07 01:34:49 hostname-txyuq.foreman.pxe kernel: CPU features: detected CPU306: Activity Monitors Unit (AMU)
Sep 07 01:34:49 hostname-txyuq.foreman.pxe kernel: CPU features: detected CPU14: Activity Monitors Unit (AMU)
Sep 07 01:34:49 hostname-txyuq.foreman.pxe kernel: CPU features: detected CPU15: Activity Monitors Unit (AMU)
Sep 07 01:34:49 hostname-txyuq.foreman.pxe kernel: CPU features: detected CPU63: Activity Monitors Unit (AMU)
Sep 07 01:34:49 hostname-txyuq.foreman.pxe kernel: CPU features: detected CPU186: Activity Monitors Unit (AMU)
Sep 07 01:34:49 hostname-txyuq.foreman.pxe kernel: CPU features: detected CPU102: Activity Monitors Unit (AMU)
Sep 07 01:34:49 hostname-txyuq.foreman.pxe kernel: CPU features: detected CPU201: Activity Monitors Unit (AMU)
Sep 07 01:34:49 hostname-txyuq.foreman.pxe kernel: CPU features: detected CPU173: Activity Monitors Unit (AMU)
Sep 07 01:34:49 hostname-txyuq.foreman.pxe kernel: CPU features: detected CPU225: Activity Monitors Unit (AMU)
Sep 07 01:34:49 hostname-txyuq.foreman.pxe kernel: CPU features: detected CPU48: Activity Monitors Unit (AMU)
Sep 07 01:34:49 hostname-txyuq.foreman.pxe kernel: CPU features: detected CPU208: Activity Monitors Unit (AMU)
Sep 07 01:34:49 hostname-txyuq.foreman.pxe kernel: CPU features: detected CPU71: Activity Monitors Unit (AMU)
Sep 07 01:34:49 hostname-txyuq.foreman.pxe kernel: CPU features: detected CPU70: Activity Monitors Unit (AMU)
Sep 07 01:34:49 hostname-txyuq.foreman.pxe kernel: CPU features: detected CPU196: Activity Monitors Unit (AMU)
Sep 07 01:34:49 hostname-txyuq.foreman.pxe kernel: CPU features: detected CPU171: Activity Monitors Unit (AMU)
Sep 07 01:34:49 hostname-txyuq.foreman.pxe kernel: CPU features: detected CPU35: Activity Monitors Unit (AMU)
Sep 07 01:34:49 hostname-txyuq.foreman.pxe kernel: CPU features: detected CPU215: Activity Monitors Unit (AMU)
Sep 07 01:34:49 hostname-txyuq.foreman.pxe kernel: CPU features: detected CPU269: Activity Monitors Unit (AMU)
Sep 07 01:34:49 hostname-txyuq.foreman.pxe kernel: CPU features: detected CPU229: Activity Monitors Unit (AMU)
Sep 07 01:34:49 hostname-txyuq.foreman.pxe kernel: CPU features: detected CPU314: Activity Monitors Unit (AMU)
Sep 07 01:34:49 hostname-txyuq.foreman.pxe kernel: CPU features: detected CPU293: Activity Monitors Unit (AMU)
Sep 07 01:34:49 hostname-txyuq.foreman.pxe kernel: CPU features: detected CPU29: Activity Monitors Unit (AMU)
Sep 07 01:34:49 hostname-txyuq.foreman.pxe kernel: CPU features: detected CPU232: Activity Monitors Unit (AMU)
Sep 07 01:34:49 hostname-txyuq.foreman.pxe kernel: CPU features: detected CPU82: Activity Monitors Unit (AMU)
Sep 07 01:34:49 hostname-txyuq.foreman.pxe kernel: CPU features: detected CPU180: Activity Monitors Unit (AMU)
Sep 07 01:34:49 hostname-txyuq.foreman.pxe kernel: CPU features: detected CPU262: Activity Monitors Unit (AMU)
Sep 07 01:34:49 hostname-txyuq.foreman.pxe kernel: CPU features: detected CPU304: Activity Monitors Unit (AMU)
Sep 07 01:34:49 hostname-txyuq.foreman.pxe kernel: CPU features: detected CPU272: Activity Monitors Unit (AMU)
Sep 07 01:34:49 hostname-txyuq.foreman.pxe kernel: CPU features: detected CPU317: Activity Monitors Unit (AMU)
Sep 07 01:34:49 hostname-txyuq.foreman.pxe kernel: CPU features: detected CPU316: Activity Monitors Unit (AMU)
Sep 07 01:34:49 hostname-txyuq.foreman.pxe kernel: CPU features: detected CPU8: Activity Monitors Unit (AMU)
Sep 07 01:34:49 hostname-txyuq.foreman.pxe kernel: CPU features: detected CPU66: Activity Monitors Unit (AMU)
Sep 07 01:34:49 hostname-txyuq.foreman.pxe kernel: CPU features: detected CPU307: Activity Monitors Unit (AMU)
Sep 07 01:34:49 hostname-txyuq.foreman.pxe kernel: CPU features: detected CPU310: Activity Monitors Unit (AMU)
Sep 07 01:34:49 hostname-txyuq.foreman.pxe kernel: CPU features: detected CPU72: Activity Monitors Unit (AMU)
Sep 07 01:34:49 hostname-txyuq.foreman.pxe kernel: CPU features: detected CPU279: Activity Monitors Unit (AMU)
Sep 07 01:34:49 hostname-txyuq.foreman.pxe kernel: CPU features: detected CPU278: Activity Monitors Unit (AMU)
Sep 07 01:34:49 hostname-txyuq.foreman.pxe kernel: CPU features: detected CPU60: Activity Monitors Unit (AMU)
Sep 07 01:34:49 hostname-txyuq.foreman.pxe kernel: CPU features: detected CPU198: Activity Monitors Unit (AMU)
Sep 07 01:34:49 hostname-txyuq.foreman.pxe kernel: CPU features: detected CPU268: Activity Monitors Unit (AMU)
Sep 07 01:34:49 hostname-txyuq.foreman.pxe kernel: CPU features: detected CPU246: Activity Monitors Unit (AMU)
Sep 07 01:34:49 hostname-txyuq.foreman.pxe kernel: CPU features: detected CPU243: Activity Monitors Unit (AMU)
Sep 07 01:34:49 hostname-txyuq.foreman.pxe kernel: CPU features: detected CPU239: Activity Monitors Unit (AMU)
Sep 07 01:34:49 hostname-txyuq.foreman.pxe kernel: CPU features: detected CPU16: Activity Monitors Unit (AMU)
Sep 07 01:34:49 hostname-txyuq.foreman.pxe kernel: CPU features: detected CPU39: Activity Monitors Unit (AMU)
Sep 07 01:34:49 hostname-txyuq.foreman.pxe kernel: CPU features: detected CPU146: Activity Monitors Unit (AMU)
Sep 07 01:34:49 hostname-txyuq.foreman.pxe kernel: CPU features: detected CPU30: Activity Monitors Unit (AMU)
Sep 07 01:34:49 hostname-txyuq.foreman.pxe kernel: CPU features: detected CPU113: Activity Monitors Unit (AMU)
Sep 07 01:34:49 hostname-txyuq.foreman.pxe kernel: CPU features: detected CPU114: Activity Monitors Unit (AMU)
Sep 07 01:34:49 hostname-txyuq.foreman.pxe kernel: CPU features: detected CPU266: Activity Monitors Unit (AMU)
Sep 07 01:34:49 hostname-txyuq.foreman.pxe kernel: CPU features: detected CPU252: Activity Monitors Unit (AMU)
Sep 07 01:34:49 hostname-txyuq.foreman.pxe kernel: CPU features: detected CPU112: Activity Monitors Unit (AMU)
Sep 07 01:34:49 hostname-txyuq.foreman.pxe kernel: CPU features: detected CPU285: Activity Monitors Unit (AMU)
Sep 07 01:34:49 hostname-txyuq.foreman.pxe kernel: CPU features: detected CPU277: Activity Monitors Unit (AMU)
Sep 07 01:34:49 hostname-txyuq.foreman.pxe kernel: CPU features: detected CPU241: Activity Monitors Unit (AMU)
Sep 07 01:34:49 hostname-txyuq.foreman.pxe kernel: CPU features: detected CPU292: Activity Monitors Unit (AMU)
Sep 07 01:34:49 hostname-txyuq.foreman.pxe kernel: CPU features: detected CPU147: Activity Monitors Unit (AMU)
Sep 07 01:34:49 hostname-txyuq.foreman.pxe kernel: CPU features: detected CPU305: Activity Monitors Unit (AMU)
Sep 07 01:34:49 hostname-txyuq.foreman.pxe kernel: CPU features: detected CPU209: Activity Monitors Unit (AMU)
Sep 07 01:34:49 hostname-txyuq.foreman.pxe kernel: CPU features: detected CPU184: Activity Monitors Unit (AMU)
Sep 07 01:34:49 hostname-txyuq.foreman.pxe kernel: CPU features: detected CPU165: Activity Monitors Unit (AMU)
Sep 07 01:34:49 hostname-txyuq.foreman.pxe kernel: CPU features: detected CPU167: Activity Monitors Unit (AMU)
Sep 07 01:34:49 hostname-txyuq.foreman.pxe kernel: CPU features: detected CPU73: Activity Monitors Unit (AMU)
Sep 07 01:34:49 hostname-txyuq.foreman.pxe kernel: CPU features: detected CPU28: Activity Monitors Unit (AMU)
Sep 07 01:34:49 hostname-txyuq.foreman.pxe kernel: CPU features: detected CPU38: Activity Monitors Unit (AMU)
Sep 07 01:34:49 hostname-txyuq.foreman.pxe kernel: CPU features: detected CPU199: Activity Monitors Unit (AMU)
Sep 07 01:34:49 hostname-txyuq.foreman.pxe kernel: CPU features: detected CPU226: Activity Monitors Unit (AMU)
Sep 07 01:34:49 hostname-txyuq.foreman.pxe kernel: CPU features: detected CPU227: Activity Monitors Unit (AMU)
Sep 07 01:34:49 hostname-txyuq.foreman.pxe kernel: CPU features: detected CPU286: Activity Monitors Unit (AMU)
Sep 07 01:34:49 hostname-txyuq.foreman.pxe kernel: CPU features: detected CPU168: Activity Monitors Unit (AMU)
Sep 07 01:34:49 hostname-txyuq.foreman.pxe kernel: CPU features: detected CPU182: Activity Monitors Unit (AMU)
Sep 07 01:34:49 hostname-txyuq.foreman.pxe kernel: CPU features: detected CPU224: Activity Monitors Unit (AMU)
Sep 07 01:34:49 hostname-txyuq.foreman.pxe kernel: CPU features: detected CPU238: Activity Monitors Unit (AMU)
Sep 07 01:34:49 hostname-txyuq.foreman.pxe kernel: CPU features: detected CPU181: Activity Monitors Unit (AMU)
Sep 07 01:34:49 hostname-txyuq.foreman.pxe kernel: CPU features: detected CPU169: Activity Monitors Unit (AMU)
Sep 07 01:34:49 hostname-txyuq.foreman.pxe kernel: CPU features: detected CPU163: Activity Monitors Unit (AMU)
Sep 07 01:34:49 hostname-txyuq.foreman.pxe kernel: CPU features: detected CPU240: Activity Monitors Unit (AMU)
Sep 07 01:34:49 hostname-txyuq.foreman.pxe kernel: CPU features: detected CPU166: Activity Monitors Unit (AMU)
Sep 07 01:34:49 hostname-txyuq.foreman.pxe kernel: CPU features: detected CPU273: Activity Monitors Unit (AMU)
Sep 07 01:34:49 hostname-txyuq.foreman.pxe kernel: CPU features: detected CPU275: Activity Monitors Unit (AMU)
Sep 07 01:34:49 hostname-txyuq.foreman.pxe kernel: CPU features: detected CPU148: Activity Monitors Unit (AMU)
Sep 07 01:34:49 hostname-txyuq.foreman.pxe kernel: CPU features: detected CPU140: Activity Monitors Unit (AMU)
Sep 07 01:34:49 hostname-txyuq.foreman.pxe kernel: CPU features: detected CPU245: Activity Monitors Unit (AMU)
Sep 07 01:34:49 hostname-txyuq.foreman.pxe kernel: CPU features: detected CPU244: Activity Monitors Unit (AMU)
Sep 07 01:34:49 hostname-txyuq.foreman.pxe kernel: CPU features: detected CPU281: Activity Monitors Unit (AMU)
Sep 07 01:34:49 hostname-txyuq.foreman.pxe kernel: CPU features: detected CPU34: Activity Monitors Unit (AMU)
Sep 07 01:34:49 hostname-txyuq.foreman.pxe kernel: CPU features: detected CPU291: Activity Monitors Unit (AMU)
Sep 07 01:34:49 hostname-txyuq.foreman.pxe kernel: CPU features: detected CPU290: Activity Monitors Unit (AMU)
Sep 07 01:34:49 hostname-txyuq.foreman.pxe kernel: CPU features: detected CPU175: Activity Monitors Unit (AMU)
Sep 07 01:34:49 hostname-txyuq.foreman.pxe kernel: CPU features: detected CPU174: Activity Monitors Unit (AMU)
Sep 07 01:34:49 hostname-txyuq.foreman.pxe kernel: CPU features: detected CPU192: Activity Monitors Unit (AMU)
Sep 07 01:34:49 hostname-txyuq.foreman.pxe kernel: CPU features: detected CPU193: Activity Monitors Unit (AMU)
Sep 07 01:34:49 hostname-txyuq.foreman.pxe kernel: CPU features: detected CPU234: Activity Monitors Unit (AMU)
Sep 07 01:34:49 hostname-txyuq.foreman.pxe kernel: CPU features: detected CPU236: Activity Monitors Unit (AMU)
Sep 07 01:34:49 hostname-txyuq.foreman.pxe kernel: CPU features: detected CPU183: Activity Monitors Unit (AMU)
Sep 07 01:34:49 hostname-txyuq.foreman.pxe kernel: CPU features: detected CPU26: Activity Monitors Unit (AMU)
Sep 07 01:34:49 hostname-txyuq.foreman.pxe kernel: CPU features: detected CPU247: Activity Monitors Unit (AMU)
Sep 07 01:34:49 hostname-txyuq.foreman.pxe kernel: CPU features: detected CPU264: Activity Monitors Unit (AMU)
Sep 07 01:34:49 hostname-txyuq.foreman.pxe kernel: CPU features: detected CPU284: Activity Monitors Unit (AMU)
Sep 07 01:34:49 hostname-txyuq.foreman.pxe kernel: CPU features: detected CPU231: Activity Monitors Unit (AMU)
Sep 07 01:34:49 hostname-txyuq.foreman.pxe kernel: CPU features: detected CPU315: Activity Monitors Unit (AMU)
Sep 07 01:34:49 hostname-txyuq.foreman.pxe kernel: CPU features: detected CPU27: Activity Monitors Unit (AMU)
Sep 07 01:34:49 hostname-txyuq.foreman.pxe kernel: CPU features: detected CPU283: Activity Monitors Unit (AMU)
Sep 07 01:34:49 hostname-txyuq.foreman.pxe kernel: CPU features: detected CPU212: Activity Monitors Unit (AMU)
Sep 07 01:34:49 hostname-txyuq.foreman.pxe kernel: CPU features: detected CPU230: Activity Monitors Unit (AMU)
Sep 07 01:34:49 hostname-txyuq.foreman.pxe kernel: CPU features: detected CPU280: Activity Monitors Unit (AMU)
Sep 07 01:34:49 hostname-txyuq.foreman.pxe kernel: CPU features: detected CPU313: Activity Monitors Unit (AMU)
Sep 07 01:34:49 hostname-txyuq.foreman.pxe kernel: CPU features: detected CPU235: Activity Monitors Unit (AMU)
Sep 07 01:34:49 hostname-txyuq.foreman.pxe kernel: CPU features: detected CPU282: Activity Monitors Unit (AMU)
Sep 07 01:34:49 hostname-txyuq.foreman.pxe kernel: CPU features: detected CPU185: Activity Monitors Unit (AMU)
Sep 07 01:34:49 hostname-txyuq.foreman.pxe kernel: CPU features: detected CPU188: Activity Monitors Unit (AMU)
Sep 07 01:34:49 hostname-txyuq.foreman.pxe kernel: CPU features: detected CPU189: Activity Monitors Unit (AMU)
Sep 07 01:34:49 hostname-txyuq.foreman.pxe kernel: CPU features: detected CPU210: Activity Monitors Unit (AMU)
Sep 07 01:34:49 hostname-txyuq.foreman.pxe kernel: CPU features: detected CPU211: Activity Monitors Unit (AMU)
Sep 07 01:34:49 hostname-txyuq.foreman.pxe kernel: CPU features: detected CPU206: Activity Monitors Unit (AMU)
Sep 07 01:34:49 hostname-txyuq.foreman.pxe kernel: CPU features: detected CPU204: Activity Monitors Unit (AMU)
Sep 07 01:34:49 hostname-txyuq.foreman.pxe kernel: CPU features: detected CPU205: Activity Monitors Unit (AMU)
Sep 07 01:34:49 hostname-txyuq.foreman.pxe kernel: CPU features: detected CPU207: Activity Monitors Unit (AMU)
Sep 07 01:34:49 hostname-txyuq.foreman.pxe kernel: SVE: maximum available vector length 32 bytes per vector
Sep 07 01:34:49 hostname-txyuq.foreman.pxe kernel: SVE: default vector length 32 bytes per vector
Sep 07 01:34:49 hostname-txyuq.foreman.pxe kernel: CPU: All CPU(s) started at EL2
Sep 07 01:34:49 hostname-txyuq.foreman.pxe kernel: alternatives: applying system-wide alternatives
Sep 07 01:34:49 hostname-txyuq.foreman.pxe kernel: devtmpfs: initialized
Sep 07 01:34:49 hostname-txyuq.foreman.pxe kernel: clocksource: jiffies: mask: 0xffffffff max_cycles: 0xffffffff, max_idle_ns: 7645041785100000 ns
Sep 07 01:34:49 hostname-txyuq.foreman.pxe kernel: futex hash table entries: 131072 (order: 11, 8388608 bytes, vmalloc hugepage)
Sep 07 01:34:49 hostname-txyuq.foreman.pxe kernel: pinctrl core: initialized pinctrl subsystem
Sep 07 01:34:49 hostname-txyuq.foreman.pxe kernel: SMBIOS 3.3.0 present.
Sep 07 01:34:49 hostname-txyuq.foreman.pxe kernel: DMI: To be filled by O.E.M. S920X20/BC83AMDAE, BIOS 21.13E 03/18/2025
Sep 07 01:34:49 hostname-txyuq.foreman.pxe kernel: NET: Registered PF_NETLINK/PF_ROUTE protocol family
Sep 07 01:34:49 hostname-txyuq.foreman.pxe kernel: DMA: preallocated 4096 KiB GFP_KERNEL pool for atomic allocations
Sep 07 01:34:49 hostname-txyuq.foreman.pxe kernel: DMA: preallocated 4096 KiB GFP_KERNEL|GFP_DMA pool for atomic allocations
Sep 07 01:34:49 hostname-txyuq.foreman.pxe kernel: DMA: preallocated 4096 KiB GFP_KERNEL|GFP_DMA32 pool for atomic allocations
Sep 07 01:34:49 hostname-txyuq.foreman.pxe kernel: audit: initializing netlink subsys (disabled)
Sep 07 01:34:49 hostname-txyuq.foreman.pxe kernel: audit: type=2000 audit(0.696:1): state=initialized audit_enabled=0 res=1
Sep 07 01:34:49 hostname-txyuq.foreman.pxe kernel: thermal_sys: Registered thermal governor 'fair_share'
Sep 07 01:34:49 hostname-txyuq.foreman.pxe kernel: thermal_sys: Registered thermal governor 'step_wise'
Sep 07 01:34:49 hostname-txyuq.foreman.pxe kernel: thermal_sys: Registered thermal governor 'user_space'
Sep 07 01:34:49 hostname-txyuq.foreman.pxe kernel: cpuidle: using governor menu
Sep 07 01:34:49 hostname-txyuq.foreman.pxe kernel: Detected 7 PCC Subspaces
Sep 07 01:34:49 hostname-txyuq.foreman.pxe kernel: Registering PCC driver as Mailbox controller
Sep 07 01:34:49 hostname-txyuq.foreman.pxe kernel: hw-breakpoint: found 6 breakpoint and 4 watchpoint registers.
Sep 07 01:34:49 hostname-txyuq.foreman.pxe kernel: ASID allocator initialised with 65536 entries
Sep 07 01:34:49 hostname-txyuq.foreman.pxe kernel: acpiphp: ACPI Hot Plug PCI Controller Driver version: 0.5
Sep 07 01:34:49 hostname-txyuq.foreman.pxe kernel: Serial: AMBA PL011 UART driver
Sep 07 01:34:49 hostname-txyuq.foreman.pxe kernel: Modules: 2G module region forced by RANDOMIZE_MODULE_REGION_FULL
Sep 07 01:34:49 hostname-txyuq.foreman.pxe kernel: Modules: 0 pages in range for non-PLT usage
Sep 07 01:34:49 hostname-txyuq.foreman.pxe kernel: Modules: 512496 pages in range for PLT usage
Sep 07 01:34:49 hostname-txyuq.foreman.pxe kernel: HugeTLB: registered 1.00 GiB page size, pre-allocated 0 pages
Sep 07 01:34:49 hostname-txyuq.foreman.pxe kernel: HugeTLB: 16380 KiB vmemmap can be freed for a 1.00 GiB page
Sep 07 01:34:49 hostname-txyuq.foreman.pxe kernel: HugeTLB: registered 32.0 MiB page size, pre-allocated 0 pages
Sep 07 01:34:49 hostname-txyuq.foreman.pxe kernel: HugeTLB: 508 KiB vmemmap can be freed for a 32.0 MiB page
Sep 07 01:34:49 hostname-txyuq.foreman.pxe kernel: HugeTLB: registered 2.00 MiB page size, pre-allocated 0 pages
Sep 07 01:34:49 hostname-txyuq.foreman.pxe kernel: HugeTLB: 28 KiB vmemmap can be freed for a 2.00 MiB page
Sep 07 01:34:49 hostname-txyuq.foreman.pxe kernel: HugeTLB: registered 64.0 KiB page size, pre-allocated 0 pages
Sep 07 01:34:49 hostname-txyuq.foreman.pxe kernel: HugeTLB: 0 KiB vmemmap can be freed for a 64.0 KiB page
Sep 07 01:34:49 hostname-txyuq.foreman.pxe kernel: ipmi:dmi: Invalid IPMI type: 0
Sep 07 01:34:49 hostname-txyuq.foreman.pxe kernel: ACPI: Added _OSI(Module Device)
Sep 07 01:34:49 hostname-txyuq.foreman.pxe kernel: ACPI: Added _OSI(Processor Device)
Sep 07 01:34:49 hostname-txyuq.foreman.pxe kernel: ACPI: Added _OSI(3.0 _SCP Extensions)
Sep 07 01:34:49 hostname-txyuq.foreman.pxe kernel: ACPI: Added _OSI(Processor Aggregator Device)
Sep 07 01:34:49 hostname-txyuq.foreman.pxe kernel: ACPI: 2 ACPI AML tables successfully acquired and loaded
Sep 07 01:34:49 hostname-txyuq.foreman.pxe kernel: ACPI: Interpreter enabled
Sep 07 01:34:49 hostname-txyuq.foreman.pxe kernel: ACPI: Using GIC for interrupt routing
Sep 07 01:34:49 hostname-txyuq.foreman.pxe kernel: ACPI: MCFG table detected, 1 entries
Sep 07 01:34:49 hostname-txyuq.foreman.pxe kernel: HEST: Table parsing has been initialized.
Sep 07 01:34:49 hostname-txyuq.foreman.pxe kernel: sdei: SDEIv1.0 (0x0) detected in firmware.
Sep 07 01:34:49 hostname-txyuq.foreman.pxe kernel: GHES: APEI firmware first mode is enabled by APEI bit and WHEA _OSC.
Sep 07 01:34:49 hostname-txyuq.foreman.pxe kernel: ACPI: \_SB_.PC08.P2P0.ZIP0.ZIPA: New power resource
Sep 07 01:34:49 hostname-txyuq.foreman.pxe kernel: ACPI: \_SB_.PC09.P2P0.ZIP0.ZIPA: New power resource
Sep 07 01:34:49 hostname-txyuq.foreman.pxe kernel: ACPI: \_SB_.PC12.P2P0.SEC0.SECA: New power resource
Sep 07 01:34:49 hostname-txyuq.foreman.pxe kernel: ACPI: \_SB_.PC12.P2P1.HPE0.HPEA: New power resource
Sep 07 01:34:49 hostname-txyuq.foreman.pxe kernel: ACPI: \_SB_.PC13.P2P0.SEC0.SECA: New power resource
Sep 07 01:34:49 hostname-txyuq.foreman.pxe kernel: ACPI: \_SB_.PC13.P2P1.HPE0.HPEA: New power resource
Sep 07 01:34:49 hostname-txyuq.foreman.pxe kernel: ACPI: \_SB_.PC22.P2P0.ZIP0.ZIPA: New power resource
Sep 07 01:34:49 hostname-txyuq.foreman.pxe kernel: ACPI: \_SB_.PC23.P2P0.ZIP0.ZIPA: New power resource
Sep 07 01:34:49 hostname-txyuq.foreman.pxe kernel: ACPI: \_SB_.PC26.P2P0.SEC0.SECA: New power resource
Sep 07 01:34:49 hostname-txyuq.foreman.pxe kernel: ACPI: \_SB_.PC26.P2P1.HPE0.HPEA: New power resource
Sep 07 01:34:49 hostname-txyuq.foreman.pxe kernel: ACPI: \_SB_.PC27.P2P0.SEC0.SECA: New power resource
Sep 07 01:34:49 hostname-txyuq.foreman.pxe kernel: ACPI: \_SB_.PC27.P2P1.HPE0.HPEA: New power resource
Sep 07 01:34:49 hostname-txyuq.foreman.pxe kernel: ARMH0011:00: ttyAMA0 at MMIO 0xc614080000 (irq = 13, base_baud = 0) is a SBSA
Sep 07 01:34:49 hostname-txyuq.foreman.pxe kernel: printk: console [ttyAMA0] enabled
Sep 07 01:34:49 hostname-txyuq.foreman.pxe kernel: ACPI: PCI Root Bridge [PC01] (domain 0000 [bus 01-15])
Sep 07 01:34:49 hostname-txyuq.foreman.pxe kernel: acpi PNP0A08:00: _OSC: OS supports [ExtendedConfig ASPM ClockPM Segments MSI EDR HPX-Type3]
Sep 07 01:34:49 hostname-txyuq.foreman.pxe kernel: acpi PNP0A08:00: _OSC: platform does not support [SHPCHotplug AER LTR DPC]
Sep 07 01:34:49 hostname-txyuq.foreman.pxe kernel: acpi PNP0A08:00: _OSC: OS now controls [PCIeHotplug PME PCIeCapability]
Sep 07 01:34:49 hostname-txyuq.foreman.pxe kernel: acpi PNP0A08:00: ECAM area [mem 0xd0100000-0xd15fffff] reserved by PNP0C02:00
Sep 07 01:34:49 hostname-txyuq.foreman.pxe kernel: acpi PNP0A08:00: ECAM at [mem 0xd0100000-0xd15fffff] for [bus 01-15]
Sep 07 01:34:49 hostname-txyuq.foreman.pxe kernel: ACPI: Remapped I/O 0x0000000097f00000 to [io  0x0000-0xffff window]
Sep 07 01:34:49 hostname-txyuq.foreman.pxe kernel: PCI host bridge to bus 0000:01
Sep 07 01:34:49 hostname-txyuq.foreman.pxe kernel: pci_bus 0000:01: root bus resource [mem 0x100000000000-0x109fffffffff pref window]
Sep 07 01:34:49 hostname-txyuq.foreman.pxe kernel: pci_bus 0000:01: root bus resource [mem 0x80000000-0x8bffffff window]
Sep 07 01:34:49 hostname-txyuq.foreman.pxe kernel: pci_bus 0000:01: root bus resource [io  0x0000-0xffff window] (bus address [0x97f00000-0x97f0ffff])
Sep 07 01:34:49 hostname-txyuq.foreman.pxe kernel: pci_bus 0000:01: root bus resource [bus 01-15]
Sep 07 01:34:49 hostname-txyuq.foreman.pxe kernel: pci 0000:01:00.0: [19e5:a120] type 01 class 0x060400
Sep 07 01:34:49 hostname-txyuq.foreman.pxe kernel: pci 0000:01:00.0: PME# supported from D0 D1 D2 D3hot D3cold
Sep 07 01:34:49 hostname-txyuq.foreman.pxe kernel: pci 0000:01:01.0: [19e5:a120] type 01 class 0x060400
Sep 07 01:34:49 hostname-txyuq.foreman.pxe kernel: pci 0000:01:01.0: PME# supported from D0 D1 D2 D3hot D3cold
Sep 07 01:34:49 hostname-txyuq.foreman.pxe kernel: pci 0000:01:02.0: [19e5:a120] type 01 class 0x060400
Sep 07 01:34:49 hostname-txyuq.foreman.pxe kernel: pci 0000:01:02.0: PME# supported from D0 D1 D2 D3hot D3cold
Sep 07 01:34:49 hostname-txyuq.foreman.pxe kernel: pci 0000:01:03.0: [19e5:a120] type 01 class 0x060400
Sep 07 01:34:49 hostname-txyuq.foreman.pxe kernel: pci 0000:01:03.0: PME# supported from D0 D1 D2 D3hot D3cold
Sep 07 01:34:49 hostname-txyuq.foreman.pxe kernel: pci 0000:02:00.0: [19e5:1711] type 00 class 0x030000
Sep 07 01:34:49 hostname-txyuq.foreman.pxe kernel: pci 0000:02:00.0: reg 0x10: [mem 0x80000000-0x81ffffff pref]
Sep 07 01:34:49 hostname-txyuq.foreman.pxe kernel: pci 0000:02:00.0: reg 0x14: [mem 0x84200000-0x843fffff]
Sep 07 01:34:49 hostname-txyuq.foreman.pxe kernel: pci 0000:02:00.0: BAR 0: assigned to efifb
Sep 07 01:34:49 hostname-txyuq.foreman.pxe kernel: pci 0000:02:00.0: supports D1
Sep 07 01:34:49 hostname-txyuq.foreman.pxe kernel: pci 0000:02:00.0: PME# supported from D0 D1 D3hot
Sep 07 01:34:49 hostname-txyuq.foreman.pxe kernel: pci 0000:03:00.0: [19e5:1710] type 00 class 0x118000
Sep 07 01:34:49 hostname-txyuq.foreman.pxe kernel: pci 0000:03:00.0: reg 0x10: [mem 0x82000000-0x827fffff pref]
Sep 07 01:34:49 hostname-txyuq.foreman.pxe kernel: pci 0000:03:00.0: reg 0x14: [mem 0x84000000-0x840fffff]
Sep 07 01:34:49 hostname-txyuq.foreman.pxe kernel: pci 0000:03:00.0: reg 0x18: [mem 0x83000000-0x83ffffff]
Sep 07 01:34:49 hostname-txyuq.foreman.pxe kernel: pci 0000:03:00.0: supports D1
Sep 07 01:34:49 hostname-txyuq.foreman.pxe kernel: pci 0000:03:00.0: PME# supported from D0 D1 D3hot
Sep 07 01:34:49 hostname-txyuq.foreman.pxe kernel: pci_bus 0000:01: on NUMA node 1
Sep 07 01:34:49 hostname-txyuq.foreman.pxe kernel: pci 0000:01:00.0: PCI bridge to [bus 02]
Sep 07 01:34:49 hostname-txyuq.foreman.pxe kernel: pci 0000:01:00.0:   bridge window [mem 0x84200000-0x843fffff]
Sep 07 01:34:49 hostname-txyuq.foreman.pxe kernel: pci 0000:01:00.0:   bridge window [mem 0x80000000-0x81ffffff 64bit pref]
Sep 07 01:34:49 hostname-txyuq.foreman.pxe kernel: pci 0000:01:01.0: PCI bridge to [bus 03]
Sep 07 01:34:49 hostname-txyuq.foreman.pxe kernel: pci 0000:01:01.0:   bridge window [mem 0x83000000-0x840fffff]
Sep 07 01:34:49 hostname-txyuq.foreman.pxe kernel: pci 0000:01:01.0:   bridge window [mem 0x82000000-0x827fffff 64bit pref]
Sep 07 01:34:49 hostname-txyuq.foreman.pxe kernel: pci 0000:01:02.0: PCI bridge to [bus 04]
Sep 07 01:34:49 hostname-txyuq.foreman.pxe kernel: pci 0000:01:03.0: PCI bridge to [bus 05]
Sep 07 01:34:49 hostname-txyuq.foreman.pxe kernel: pci 0000:01:00.0: PCI bridge to [bus 02]
Sep 07 01:34:49 hostname-txyuq.foreman.pxe kernel: pci 0000:01:00.0:   bridge window [mem 0x84200000-0x843fffff]
Sep 07 01:34:49 hostname-txyuq.foreman.pxe kernel: pci 0000:01:00.0:   bridge window [mem 0x80000000-0x81ffffff 64bit pref]
Sep 07 01:34:49 hostname-txyuq.foreman.pxe kernel: pci 0000:01:01.0: PCI bridge to [bus 03]
Sep 07 01:34:49 hostname-txyuq.foreman.pxe kernel: pci 0000:01:01.0:   bridge window [mem 0x83000000-0x840fffff]
Sep 07 01:34:49 hostname-txyuq.foreman.pxe kernel: pci 0000:01:01.0:   bridge window [mem 0x82000000-0x827fffff 64bit pref]
Sep 07 01:34:49 hostname-txyuq.foreman.pxe kernel: pci 0000:01:02.0: PCI bridge to [bus 04]
Sep 07 01:34:49 hostname-txyuq.foreman.pxe kernel: pci 0000:01:03.0: PCI bridge to [bus 05]
Sep 07 01:34:49 hostname-txyuq.foreman.pxe kernel: pci_bus 0000:01: resource 4 [mem 0x100000000000-0x109fffffffff pref window]
Sep 07 01:34:49 hostname-txyuq.foreman.pxe kernel: pci_bus 0000:01: resource 5 [mem 0x80000000-0x8bffffff window]
Sep 07 01:34:49 hostname-txyuq.foreman.pxe kernel: pci_bus 0000:01: resource 6 [io  0x0000-0xffff window]
Sep 07 01:34:49 hostname-txyuq.foreman.pxe kernel: pci_bus 0000:02: resource 1 [mem 0x84200000-0x843fffff]
Sep 07 01:34:49 hostname-txyuq.foreman.pxe kernel: pci_bus 0000:02: resource 2 [mem 0x80000000-0x81ffffff 64bit pref]
Sep 07 01:34:49 hostname-txyuq.foreman.pxe kernel: pci_bus 0000:03: resource 1 [mem 0x83000000-0x840fffff]
Sep 07 01:34:49 hostname-txyuq.foreman.pxe kernel: pci_bus 0000:03: resource 2 [mem 0x82000000-0x827fffff 64bit pref]
Sep 07 01:34:49 hostname-txyuq.foreman.pxe kernel: ACPI: PCI Root Bridge [PC02] (domain 0000 [bus 16-29])
Sep 07 01:34:49 hostname-txyuq.foreman.pxe kernel: acpi PNP0A08:01: _OSC: OS supports [ExtendedConfig ASPM ClockPM Segments MSI EDR HPX-Type3]
Sep 07 01:34:49 hostname-txyuq.foreman.pxe kernel: acpi PNP0A08:01: _OSC: platform does not support [SHPCHotplug AER LTR DPC]
Sep 07 01:34:49 hostname-txyuq.foreman.pxe kernel: acpi PNP0A08:01: _OSC: OS now controls [PCIeHotplug PME PCIeCapability]
Sep 07 01:34:49 hostname-txyuq.foreman.pxe kernel: acpi PNP0A08:01: ECAM area [mem 0xd1600000-0xd29fffff] reserved by PNP0C02:00
Sep 07 01:34:49 hostname-txyuq.foreman.pxe kernel: acpi PNP0A08:01: ECAM at [mem 0xd1600000-0xd29fffff] for [bus 16-29]
Sep 07 01:34:49 hostname-txyuq.foreman.pxe kernel: ACPI: Remapped I/O 0x0000000097f10000 to [io  0x10000-0x1ffff window]
Sep 07 01:34:49 hostname-txyuq.foreman.pxe kernel: PCI host bridge to bus 0000:16
Sep 07 01:34:49 hostname-txyuq.foreman.pxe kernel: pci_bus 0000:16: root bus resource [mem 0x10a000000000-0x113fffffffff pref window]
Sep 07 01:34:49 hostname-txyuq.foreman.pxe kernel: pci_bus 0000:16: root bus resource [mem 0x8c000000-0x8fffffff window]
Sep 07 01:34:49 hostname-txyuq.foreman.pxe kernel: pci_bus 0000:16: root bus resource [io  0x10000-0x1ffff window] (bus address [0x97f10000-0x97f1ffff])
Sep 07 01:34:49 hostname-txyuq.foreman.pxe kernel: pci_bus 0000:16: root bus resource [bus 16-29]
Sep 07 01:34:49 hostname-txyuq.foreman.pxe kernel: pci_bus 0000:16: on NUMA node 1
Sep 07 01:34:49 hostname-txyuq.foreman.pxe kernel: pci_bus 0000:16: resource 4 [mem 0x10a000000000-0x113fffffffff pref window]
Sep 07 01:34:49 hostname-txyuq.foreman.pxe kernel: pci_bus 0000:16: resource 5 [mem 0x8c000000-0x8fffffff window]
Sep 07 01:34:49 hostname-txyuq.foreman.pxe kernel: pci_bus 0000:16: resource 6 [io  0x10000-0x1ffff window]
Sep 07 01:34:49 hostname-txyuq.foreman.pxe kernel: ACPI: PCI Root Bridge [PC14] (domain 0000 [bus 40-53])
Sep 07 01:34:49 hostname-txyuq.foreman.pxe kernel: acpi PNP0A08:02: _OSC: OS supports [ExtendedConfig ASPM ClockPM Segments MSI EDR HPX-Type3]
Sep 07 01:34:49 hostname-txyuq.foreman.pxe kernel: acpi PNP0A08:02: _OSC: platform does not support [SHPCHotplug AER LTR DPC]
Sep 07 01:34:49 hostname-txyuq.foreman.pxe kernel: acpi PNP0A08:02: _OSC: OS now controls [PCIeHotplug PME PCIeCapability]
Sep 07 01:34:49 hostname-txyuq.foreman.pxe kernel: acpi PNP0A08:02: ECAM area [mem 0xd4000000-0xd53fffff] reserved by PNP0C02:00
Sep 07 01:34:49 hostname-txyuq.foreman.pxe kernel: acpi PNP0A08:02: ECAM at [mem 0xd4000000-0xd53fffff] for [bus 40-53]
Sep 07 01:34:49 hostname-txyuq.foreman.pxe kernel: ACPI: Remapped I/O 0x0000000097f20000 to [io  0x20000-0x2ffff window]
Sep 07 01:34:49 hostname-txyuq.foreman.pxe kernel: PCI host bridge to bus 0000:40
Sep 07 01:34:49 hostname-txyuq.foreman.pxe kernel: pci_bus 0000:40: root bus resource [mem 0x114000000000-0x11dfffffffff pref window]
Sep 07 01:34:49 hostname-txyuq.foreman.pxe kernel: pci_bus 0000:40: root bus resource [mem 0x90000000-0x97dfffff window]
Sep 07 01:34:49 hostname-txyuq.foreman.pxe kernel: pci_bus 0000:40: root bus resource [io  0x20000-0x2ffff window] (bus address [0x97f20000-0x97f2ffff])
Sep 07 01:34:49 hostname-txyuq.foreman.pxe kernel: pci_bus 0000:40: root bus resource [bus 40-53]
Sep 07 01:34:49 hostname-txyuq.foreman.pxe kernel: pci 0000:40:00.0: [19e5:a120] type 01 class 0x060400
Sep 07 01:34:49 hostname-txyuq.foreman.pxe kernel: pci 0000:40:00.0: PME# supported from D0 D1 D2 D3hot D3cold
Sep 07 01:34:49 hostname-txyuq.foreman.pxe kernel: pci 0000:40:02.0: [19e5:a120] type 01 class 0x060400
Sep 07 01:34:49 hostname-txyuq.foreman.pxe kernel: pci 0000:40:02.0: PME# supported from D0 D1 D2 D3hot D3cold
Sep 07 01:34:49 hostname-txyuq.foreman.pxe kernel: pci 0000:40:04.0: [19e5:a120] type 01 class 0x060400
Sep 07 01:34:49 hostname-txyuq.foreman.pxe kernel: pci 0000:40:04.0: PME# supported from D0 D1 D2 D3hot D3cold
Sep 07 01:34:49 hostname-txyuq.foreman.pxe kernel: pci 0000:40:06.0: [19e5:a120] type 01 class 0x060400
Sep 07 01:34:49 hostname-txyuq.foreman.pxe kernel: pci 0000:40:06.0: PME# supported from D0 D1 D2 D3hot D3cold
Sep 07 01:34:49 hostname-txyuq.foreman.pxe kernel: pci 0000:41:00.0: [19e5:37d4] type 00 class 0x010802
Sep 07 01:34:49 hostname-txyuq.foreman.pxe kernel: pci 0000:41:00.0: reg 0x10: [mem 0x90340000-0x9034ffff 64bit]
Sep 07 01:34:49 hostname-txyuq.foreman.pxe kernel: pci 0000:41:00.0: reg 0x24: [mem 0x90320000-0x9033ffff]
Sep 07 01:34:49 hostname-txyuq.foreman.pxe kernel: pci 0000:41:00.0: reg 0x30: [mem 0xfffe0000-0xffffffff pref]
Sep 07 01:34:49 hostname-txyuq.foreman.pxe kernel: pci 0000:41:00.0: PME# supported from D0 D1 D2 D3hot D3cold
Sep 07 01:34:49 hostname-txyuq.foreman.pxe kernel: pci 0000:42:00.0: [19e5:37d4] type 00 class 0x010802
Sep 07 01:34:49 hostname-txyuq.foreman.pxe kernel: pci 0000:42:00.0: reg 0x10: [mem 0x90240000-0x9024ffff 64bit]
Sep 07 01:34:49 hostname-txyuq.foreman.pxe kernel: pci 0000:42:00.0: reg 0x24: [mem 0x90220000-0x9023ffff]
Sep 07 01:34:49 hostname-txyuq.foreman.pxe kernel: pci 0000:42:00.0: reg 0x30: [mem 0xfffe0000-0xffffffff pref]
Sep 07 01:34:49 hostname-txyuq.foreman.pxe kernel: pci 0000:42:00.0: PME# supported from D0 D1 D2 D3hot D3cold
Sep 07 01:34:49 hostname-txyuq.foreman.pxe kernel: pci 0000:43:00.0: [19e5:37d4] type 00 class 0x010802
Sep 07 01:34:49 hostname-txyuq.foreman.pxe kernel: pci 0000:43:00.0: reg 0x10: [mem 0x90140000-0x9014ffff 64bit]
Sep 07 01:34:49 hostname-txyuq.foreman.pxe kernel: pci 0000:43:00.0: reg 0x24: [mem 0x90120000-0x9013ffff]
Sep 07 01:34:49 hostname-txyuq.foreman.pxe kernel: pci 0000:43:00.0: reg 0x30: [mem 0xfffe0000-0xffffffff pref]
Sep 07 01:34:49 hostname-txyuq.foreman.pxe kernel: pci 0000:43:00.0: PME# supported from D0 D1 D2 D3hot D3cold
Sep 07 01:34:49 hostname-txyuq.foreman.pxe kernel: pci 0000:44:00.0: [19e5:37d4] type 00 class 0x010802
Sep 07 01:34:49 hostname-txyuq.foreman.pxe kernel: pci 0000:44:00.0: reg 0x10: [mem 0x90040000-0x9004ffff 64bit]
Sep 07 01:34:49 hostname-txyuq.foreman.pxe kernel: pci 0000:44:00.0: reg 0x24: [mem 0x90020000-0x9003ffff]
Sep 07 01:34:49 hostname-txyuq.foreman.pxe kernel: pci 0000:44:00.0: reg 0x30: [mem 0xfffe0000-0xffffffff pref]
Sep 07 01:34:49 hostname-txyuq.foreman.pxe kernel: pci 0000:44:00.0: PME# supported from D0 D1 D2 D3hot D3cold
Sep 07 01:34:49 hostname-txyuq.foreman.pxe kernel: pci_bus 0000:40: on NUMA node 1
Sep 07 01:34:49 hostname-txyuq.foreman.pxe kernel: pci 0000:40:00.0: PCI bridge to [bus 41]
Sep 07 01:34:49 hostname-txyuq.foreman.pxe kernel: pci 0000:40:00.0:   bridge window [mem 0x90300000-0x903fffff]
Sep 07 01:34:49 hostname-txyuq.foreman.pxe kernel: pci 0000:40:02.0: PCI bridge to [bus 42]
Sep 07 01:34:49 hostname-txyuq.foreman.pxe kernel: pci 0000:40:02.0:   bridge window [mem 0x90200000-0x902fffff]
Sep 07 01:34:49 hostname-txyuq.foreman.pxe kernel: pci 0000:40:04.0: PCI bridge to [bus 43]
Sep 07 01:34:49 hostname-txyuq.foreman.pxe kernel: pci 0000:40:04.0:   bridge window [mem 0x90100000-0x901fffff]
Sep 07 01:34:49 hostname-txyuq.foreman.pxe kernel: pci 0000:40:06.0: PCI bridge to [bus 44]
Sep 07 01:34:49 hostname-txyuq.foreman.pxe kernel: pci 0000:40:06.0:   bridge window [mem 0x90000000-0x900fffff]
Sep 07 01:34:49 hostname-txyuq.foreman.pxe kernel: pci 0000:41:00.0: can't claim BAR 6 [mem 0xfffe0000-0xffffffff pref]: no compatible bridge window
Sep 07 01:34:49 hostname-txyuq.foreman.pxe kernel: pci 0000:42:00.0: can't claim BAR 6 [mem 0xfffe0000-0xffffffff pref]: no compatible bridge window
Sep 07 01:34:49 hostname-txyuq.foreman.pxe kernel: pci 0000:43:00.0: can't claim BAR 6 [mem 0xfffe0000-0xffffffff pref]: no compatible bridge window
Sep 07 01:34:49 hostname-txyuq.foreman.pxe kernel: pci 0000:44:00.0: can't claim BAR 6 [mem 0xfffe0000-0xffffffff pref]: no compatible bridge window
Sep 07 01:34:49 hostname-txyuq.foreman.pxe kernel: pci 0000:40:00.0: bridge window [io  0x1000-0x0fff] to [bus 41] add_size 1000
Sep 07 01:34:49 hostname-txyuq.foreman.pxe kernel: pci 0000:40:00.0: bridge window [mem 0x00100000-0x000fffff 64bit pref] to [bus 41] add_size 200000 add_align 100000
Sep 07 01:34:49 hostname-txyuq.foreman.pxe kernel: pci 0000:40:02.0: bridge window [io  0x1000-0x0fff] to [bus 42] add_size 1000
Sep 07 01:34:49 hostname-txyuq.foreman.pxe kernel: pci 0000:40:02.0: bridge window [mem 0x00100000-0x000fffff 64bit pref] to [bus 42] add_size 200000 add_align 100000
Sep 07 01:34:49 hostname-txyuq.foreman.pxe kernel: pci 0000:40:04.0: bridge window [io  0x1000-0x0fff] to [bus 43] add_size 1000
Sep 07 01:34:49 hostname-txyuq.foreman.pxe kernel: pci 0000:40:04.0: bridge window [mem 0x00100000-0x000fffff 64bit pref] to [bus 43] add_size 200000 add_align 100000
Sep 07 01:34:49 hostname-txyuq.foreman.pxe kernel: pci 0000:40:06.0: bridge window [io  0x1000-0x0fff] to [bus 44] add_size 1000
Sep 07 01:34:49 hostname-txyuq.foreman.pxe kernel: pci 0000:40:06.0: bridge window [mem 0x00100000-0x000fffff 64bit pref] to [bus 44] add_size 200000 add_align 100000
Sep 07 01:34:49 hostname-txyuq.foreman.pxe kernel: pci 0000:40:00.0: BAR 15: assigned [mem 0x114000000000-0x1140001fffff 64bit pref]
Sep 07 01:34:49 hostname-txyuq.foreman.pxe kernel: pci 0000:40:02.0: BAR 15: assigned [mem 0x114000200000-0x1140003fffff 64bit pref]
Sep 07 01:34:49 hostname-txyuq.foreman.pxe kernel: pci 0000:40:04.0: BAR 15: assigned [mem 0x114000400000-0x1140005fffff 64bit pref]
Sep 07 01:34:49 hostname-txyuq.foreman.pxe kernel: pci 0000:40:06.0: BAR 15: assigned [mem 0x114000600000-0x1140007fffff 64bit pref]
Sep 07 01:34:49 hostname-txyuq.foreman.pxe kernel: pci 0000:40:00.0: BAR 13: assigned [io  0x20000-0x20fff]
Sep 07 01:34:49 hostname-txyuq.foreman.pxe kernel: pci 0000:40:02.0: BAR 13: assigned [io  0x21000-0x21fff]
Sep 07 01:34:49 hostname-txyuq.foreman.pxe kernel: pci 0000:40:04.0: BAR 13: assigned [io  0x22000-0x22fff]
Sep 07 01:34:49 hostname-txyuq.foreman.pxe kernel: pci 0000:40:06.0: BAR 13: assigned [io  0x23000-0x23fff]
Sep 07 01:34:49 hostname-txyuq.foreman.pxe kernel: pci 0000:41:00.0: BAR 6: assigned [mem 0x90300000-0x9031ffff pref]
Sep 07 01:34:49 hostname-txyuq.foreman.pxe kernel: pci 0000:40:00.0: PCI bridge to [bus 41]
Sep 07 01:34:49 hostname-txyuq.foreman.pxe kernel: pci 0000:40:00.0:   bridge window [io  0x20000-0x20fff]
Sep 07 01:34:49 hostname-txyuq.foreman.pxe kernel: pci 0000:40:00.0:   bridge window [mem 0x90300000-0x903fffff]
Sep 07 01:34:49 hostname-txyuq.foreman.pxe kernel: pci 0000:40:00.0:   bridge window [mem 0x114000000000-0x1140001fffff 64bit pref]
Sep 07 01:34:49 hostname-txyuq.foreman.pxe kernel: pci 0000:42:00.0: BAR 6: assigned [mem 0x90200000-0x9021ffff pref]
Sep 07 01:34:49 hostname-txyuq.foreman.pxe kernel: pci 0000:40:02.0: PCI bridge to [bus 42]
Sep 07 01:34:49 hostname-txyuq.foreman.pxe kernel: pci 0000:40:02.0:   bridge window [io  0x21000-0x21fff]
Sep 07 01:34:49 hostname-txyuq.foreman.pxe kernel: pci 0000:40:02.0:   bridge window [mem 0x90200000-0x902fffff]
Sep 07 01:34:49 hostname-txyuq.foreman.pxe kernel: pci 0000:40:02.0:   bridge window [mem 0x114000200000-0x1140003fffff 64bit pref]
Sep 07 01:34:49 hostname-txyuq.foreman.pxe kernel: pci 0000:43:00.0: BAR 6: assigned [mem 0x90100000-0x9011ffff pref]
Sep 07 01:34:49 hostname-txyuq.foreman.pxe kernel: pci 0000:40:04.0: PCI bridge to [bus 43]
Sep 07 01:34:49 hostname-txyuq.foreman.pxe kernel: pci 0000:40:04.0:   bridge window [io  0x22000-0x22fff]
Sep 07 01:34:49 hostname-txyuq.foreman.pxe kernel: pci 0000:40:04.0:   bridge window [mem 0x90100000-0x901fffff]
Sep 07 01:34:49 hostname-txyuq.foreman.pxe kernel: pci 0000:40:04.0:   bridge window [mem 0x114000400000-0x1140005fffff 64bit pref]
Sep 07 01:34:49 hostname-txyuq.foreman.pxe kernel: pci 0000:44:00.0: BAR 6: assigned [mem 0x90000000-0x9001ffff pref]
Sep 07 01:34:49 hostname-txyuq.foreman.pxe kernel: pci 0000:40:06.0: PCI bridge to [bus 44]
Sep 07 01:34:49 hostname-txyuq.foreman.pxe kernel: pci 0000:40:06.0:   bridge window [io  0x23000-0x23fff]
Sep 07 01:34:49 hostname-txyuq.foreman.pxe kernel: pci 0000:40:06.0:   bridge window [mem 0x90000000-0x900fffff]
Sep 07 01:34:49 hostname-txyuq.foreman.pxe kernel: pci 0000:40:06.0:   bridge window [mem 0x114000600000-0x1140007fffff 64bit pref]
Sep 07 01:34:49 hostname-txyuq.foreman.pxe kernel: pci_bus 0000:40: resource 4 [mem 0x114000000000-0x11dfffffffff pref window]
Sep 07 01:34:49 hostname-txyuq.foreman.pxe kernel: pci_bus 0000:40: resource 5 [mem 0x90000000-0x97dfffff window]
Sep 07 01:34:49 hostname-txyuq.foreman.pxe kernel: pci_bus 0000:40: resource 6 [io  0x20000-0x2ffff window]
Sep 07 01:34:49 hostname-txyuq.foreman.pxe kernel: pci_bus 0000:41: resource 0 [io  0x20000-0x20fff]
Sep 07 01:34:49 hostname-txyuq.foreman.pxe kernel: pci_bus 0000:41: resource 1 [mem 0x90300000-0x903fffff]
Sep 07 01:34:49 hostname-txyuq.foreman.pxe kernel: pci_bus 0000:41: resource 2 [mem 0x114000000000-0x1140001fffff 64bit pref]
Sep 07 01:34:49 hostname-txyuq.foreman.pxe kernel: pci_bus 0000:42: resource 0 [io  0x21000-0x21fff]
Sep 07 01:34:49 hostname-txyuq.foreman.pxe kernel: pci_bus 0000:42: resource 1 [mem 0x90200000-0x902fffff]
Sep 07 01:34:49 hostname-txyuq.foreman.pxe kernel: pci_bus 0000:42: resource 2 [mem 0x114000200000-0x1140003fffff 64bit pref]
Sep 07 01:34:49 hostname-txyuq.foreman.pxe kernel: pci_bus 0000:43: resource 0 [io  0x22000-0x22fff]
Sep 07 01:34:49 hostname-txyuq.foreman.pxe kernel: pci_bus 0000:43: resource 1 [mem 0x90100000-0x901fffff]
Sep 07 01:34:49 hostname-txyuq.foreman.pxe kernel: pci_bus 0000:43: resource 2 [mem 0x114000400000-0x1140005fffff 64bit pref]
Sep 07 01:34:49 hostname-txyuq.foreman.pxe kernel: pci_bus 0000:44: resource 0 [io  0x23000-0x23fff]
Sep 07 01:34:49 hostname-txyuq.foreman.pxe kernel: pci_bus 0000:44: resource 1 [mem 0x90000000-0x900fffff]
Sep 07 01:34:49 hostname-txyuq.foreman.pxe kernel: pci_bus 0000:44: resource 2 [mem 0x114000600000-0x1140007fffff 64bit pref]
Sep 07 01:34:49 hostname-txyuq.foreman.pxe kernel: ACPI: PCI Root Bridge [PC31] (domain 0000 [bus 56-5e])
Sep 07 01:34:49 hostname-txyuq.foreman.pxe kernel: acpi PNP0A08:03: _OSC: OS supports [ExtendedConfig ASPM ClockPM Segments MSI EDR HPX-Type3]
Sep 07 01:34:49 hostname-txyuq.foreman.pxe kernel: acpi PNP0A08:03: _OSC: platform does not support [SHPCHotplug AER LTR DPC]
Sep 07 01:34:49 hostname-txyuq.foreman.pxe kernel: acpi PNP0A08:03: _OSC: OS now controls [PCIeHotplug PME PCIeCapability]
Sep 07 01:34:49 hostname-txyuq.foreman.pxe kernel: acpi PNP0A08:03: ECAM area [mem 0xd5600000-0xd5efffff] reserved by PNP0C02:00
Sep 07 01:34:49 hostname-txyuq.foreman.pxe kernel: acpi PNP0A08:03: ECAM at [mem 0xd5600000-0xd5efffff] for [bus 56-5e]
Sep 07 01:34:49 hostname-txyuq.foreman.pxe kernel: ACPI: Remapped I/O 0x000000009ff00000 to [io  0x30000-0x3ffff window]
Sep 07 01:34:49 hostname-txyuq.foreman.pxe kernel: PCI host bridge to bus 0000:56
Sep 07 01:34:49 hostname-txyuq.foreman.pxe kernel: pci_bus 0000:56: root bus resource [mem 0x120000000000-0x129fffffffff pref window]
Sep 07 01:34:49 hostname-txyuq.foreman.pxe kernel: pci_bus 0000:56: root bus resource [mem 0x98000000-0x9bffffff window]
Sep 07 01:34:49 hostname-txyuq.foreman.pxe kernel: pci_bus 0000:56: root bus resource [io  0x30000-0x3ffff window] (bus address [0x9ff00000-0x9ff0ffff])
Sep 07 01:34:49 hostname-txyuq.foreman.pxe kernel: pci_bus 0000:56: root bus resource [bus 56-5e]
Sep 07 01:34:49 hostname-txyuq.foreman.pxe kernel: pci 0000:56:00.0: [19e5:a120] type 01 class 0x060400
Sep 07 01:34:49 hostname-txyuq.foreman.pxe kernel: pci 0000:56:00.0: PME# supported from D0 D1 D2 D3hot D3cold
Sep 07 01:34:49 hostname-txyuq.foreman.pxe kernel: pci 0000:56:02.0: [19e5:a120] type 01 class 0x060400
Sep 07 01:34:49 hostname-txyuq.foreman.pxe kernel: pci 0000:56:02.0: PME# supported from D0 D1 D2 D3hot D3cold
Sep 07 01:34:49 hostname-txyuq.foreman.pxe kernel: pci 0000:56:04.0: [19e5:a120] type 01 class 0x060400
Sep 07 01:34:49 hostname-txyuq.foreman.pxe kernel: pci 0000:56:04.0: PME# supported from D0 D1 D2 D3hot D3cold
Sep 07 01:34:49 hostname-txyuq.foreman.pxe kernel: pci 0000:56:06.0: [19e5:a120] type 01 class 0x060400
Sep 07 01:34:49 hostname-txyuq.foreman.pxe kernel: pci 0000:56:06.0: PME# supported from D0 D1 D2 D3hot D3cold
Sep 07 01:34:49 hostname-txyuq.foreman.pxe kernel: pci 0000:59:00.0: [19e5:37d4] type 00 class 0x010802
Sep 07 01:34:49 hostname-txyuq.foreman.pxe kernel: pci 0000:59:00.0: reg 0x10: [mem 0x98140000-0x9814ffff 64bit]
Sep 07 01:34:49 hostname-txyuq.foreman.pxe kernel: pci 0000:59:00.0: reg 0x24: [mem 0x98120000-0x9813ffff]
Sep 07 01:34:49 hostname-txyuq.foreman.pxe kernel: pci 0000:59:00.0: reg 0x30: [mem 0xfffe0000-0xffffffff pref]
Sep 07 01:34:49 hostname-txyuq.foreman.pxe kernel: pci 0000:59:00.0: PME# supported from D0 D1 D2 D3hot D3cold
Sep 07 01:34:49 hostname-txyuq.foreman.pxe kernel: pci 0000:5a:00.0: [19e5:37d4] type 00 class 0x010802
Sep 07 01:34:49 hostname-txyuq.foreman.pxe kernel: pci 0000:5a:00.0: reg 0x10: [mem 0x98040000-0x9804ffff 64bit]
Sep 07 01:34:49 hostname-txyuq.foreman.pxe kernel: pci 0000:5a:00.0: reg 0x24: [mem 0x98020000-0x9803ffff]
Sep 07 01:34:49 hostname-txyuq.foreman.pxe kernel: pci 0000:5a:00.0: reg 0x30: [mem 0xfffe0000-0xffffffff pref]
Sep 07 01:34:49 hostname-txyuq.foreman.pxe kernel: pci 0000:5a:00.0: PME# supported from D0 D1 D2 D3hot D3cold
Sep 07 01:34:49 hostname-txyuq.foreman.pxe kernel: pci_bus 0000:56: on NUMA node 0
Sep 07 01:34:49 hostname-txyuq.foreman.pxe kernel: pci 0000:56:00.0: PCI bridge to [bus 57]
Sep 07 01:34:49 hostname-txyuq.foreman.pxe kernel: pci 0000:56:02.0: PCI bridge to [bus 58]
Sep 07 01:34:49 hostname-txyuq.foreman.pxe kernel: pci 0000:56:04.0: PCI bridge to [bus 59]
Sep 07 01:34:49 hostname-txyuq.foreman.pxe kernel: pci 0000:56:04.0:   bridge window [mem 0x98100000-0x981fffff]
Sep 07 01:34:49 hostname-txyuq.foreman.pxe kernel: pci 0000:56:06.0: PCI bridge to [bus 5a]
Sep 07 01:34:49 hostname-txyuq.foreman.pxe kernel: pci 0000:56:06.0:   bridge window [mem 0x98000000-0x980fffff]
Sep 07 01:34:49 hostname-txyuq.foreman.pxe kernel: pci 0000:59:00.0: can't claim BAR 6 [mem 0xfffe0000-0xffffffff pref]: no compatible bridge window
Sep 07 01:34:49 hostname-txyuq.foreman.pxe kernel: pci 0000:5a:00.0: can't claim BAR 6 [mem 0xfffe0000-0xffffffff pref]: no compatible bridge window
Sep 07 01:34:49 hostname-txyuq.foreman.pxe kernel: pci 0000:56:00.0: bridge window [io  0x1000-0x0fff] to [bus 57] add_size 1000
Sep 07 01:34:49 hostname-txyuq.foreman.pxe kernel: pci 0000:56:00.0: bridge window [mem 0x00100000-0x000fffff 64bit pref] to [bus 57] add_size 200000 add_align 100000
Sep 07 01:34:49 hostname-txyuq.foreman.pxe kernel: pci 0000:56:00.0: bridge window [mem 0x00100000-0x000fffff] to [bus 57] add_size 200000 add_align 100000
Sep 07 01:34:49 hostname-txyuq.foreman.pxe kernel: pci 0000:56:02.0: bridge window [io  0x1000-0x0fff] to [bus 58] add_size 1000
Sep 07 01:34:49 hostname-txyuq.foreman.pxe kernel: pci 0000:56:02.0: bridge window [mem 0x00100000-0x000fffff 64bit pref] to [bus 58] add_size 200000 add_align 100000
Sep 07 01:34:49 hostname-txyuq.foreman.pxe kernel: pci 0000:56:02.0: bridge window [mem 0x00100000-0x000fffff] to [bus 58] add_size 200000 add_align 100000
Sep 07 01:34:49 hostname-txyuq.foreman.pxe kernel: pci 0000:56:04.0: bridge window [io  0x1000-0x0fff] to [bus 59] add_size 1000
Sep 07 01:34:49 hostname-txyuq.foreman.pxe kernel: pci 0000:56:04.0: bridge window [mem 0x00100000-0x000fffff 64bit pref] to [bus 59] add_size 200000 add_align 100000
Sep 07 01:34:49 hostname-txyuq.foreman.pxe kernel: pci 0000:56:06.0: bridge window [io  0x1000-0x0fff] to [bus 5a] add_size 1000
Sep 07 01:34:49 hostname-txyuq.foreman.pxe kernel: pci 0000:56:06.0: bridge window [mem 0x00100000-0x000fffff 64bit pref] to [bus 5a] add_size 200000 add_align 100000
Sep 07 01:34:49 hostname-txyuq.foreman.pxe kernel: pci 0000:56:00.0: BAR 14: assigned [mem 0x98200000-0x983fffff]
Sep 07 01:34:49 hostname-txyuq.foreman.pxe kernel: pci 0000:56:00.0: BAR 15: assigned [mem 0x120000000000-0x1200001fffff 64bit pref]
Sep 07 01:34:49 hostname-txyuq.foreman.pxe kernel: pci 0000:56:02.0: BAR 14: assigned [mem 0x98400000-0x985fffff]
Sep 07 01:34:49 hostname-txyuq.foreman.pxe kernel: pci 0000:56:02.0: BAR 15: assigned [mem 0x120000200000-0x1200003fffff 64bit pref]
Sep 07 01:34:49 hostname-txyuq.foreman.pxe kernel: pci 0000:56:04.0: BAR 15: assigned [mem 0x120000400000-0x1200005fffff 64bit pref]
Sep 07 01:34:49 hostname-txyuq.foreman.pxe kernel: pci 0000:56:06.0: BAR 15: assigned [mem 0x120000600000-0x1200007fffff 64bit pref]
Sep 07 01:34:49 hostname-txyuq.foreman.pxe kernel: pci 0000:56:00.0: BAR 13: assigned [io  0x30000-0x30fff]
Sep 07 01:34:49 hostname-txyuq.foreman.pxe kernel: pci 0000:56:02.0: BAR 13: assigned [io  0x31000-0x31fff]
Sep 07 01:34:49 hostname-txyuq.foreman.pxe kernel: pci 0000:56:04.0: BAR 13: assigned [io  0x32000-0x32fff]
Sep 07 01:34:49 hostname-txyuq.foreman.pxe kernel: pci 0000:56:06.0: BAR 13: assigned [io  0x33000-0x33fff]
Sep 07 01:34:49 hostname-txyuq.foreman.pxe kernel: pci 0000:56:00.0: PCI bridge to [bus 57]
Sep 07 01:34:49 hostname-txyuq.foreman.pxe kernel: pci 0000:56:00.0:   bridge window [io  0x30000-0x30fff]
Sep 07 01:34:49 hostname-txyuq.foreman.pxe kernel: pci 0000:56:00.0:   bridge window [mem 0x98200000-0x983fffff]
Sep 07 01:34:49 hostname-txyuq.foreman.pxe kernel: pci 0000:56:00.0:   bridge window [mem 0x120000000000-0x1200001fffff 64bit pref]
Sep 07 01:34:49 hostname-txyuq.foreman.pxe kernel: pci 0000:56:02.0: PCI bridge to [bus 58]
Sep 07 01:34:49 hostname-txyuq.foreman.pxe kernel: pci 0000:56:02.0:   bridge window [io  0x31000-0x31fff]
Sep 07 01:34:49 hostname-txyuq.foreman.pxe kernel: pci 0000:56:02.0:   bridge window [mem 0x98400000-0x985fffff]
Sep 07 01:34:49 hostname-txyuq.foreman.pxe kernel: pci 0000:56:02.0:   bridge window [mem 0x120000200000-0x1200003fffff 64bit pref]
Sep 07 01:34:49 hostname-txyuq.foreman.pxe kernel: pci 0000:59:00.0: BAR 6: assigned [mem 0x98100000-0x9811ffff pref]
Sep 07 01:34:49 hostname-txyuq.foreman.pxe kernel: pci 0000:56:04.0: PCI bridge to [bus 59]
Sep 07 01:34:49 hostname-txyuq.foreman.pxe kernel: pci 0000:56:04.0:   bridge window [io  0x32000-0x32fff]
Sep 07 01:34:49 hostname-txyuq.foreman.pxe kernel: pci 0000:56:04.0:   bridge window [mem 0x98100000-0x981fffff]
Sep 07 01:34:49 hostname-txyuq.foreman.pxe kernel: pci 0000:56:04.0:   bridge window [mem 0x120000400000-0x1200005fffff 64bit pref]
Sep 07 01:34:49 hostname-txyuq.foreman.pxe kernel: pci 0000:5a:00.0: BAR 6: assigned [mem 0x98000000-0x9801ffff pref]
Sep 07 01:34:49 hostname-txyuq.foreman.pxe kernel: pci 0000:56:06.0: PCI bridge to [bus 5a]
Sep 07 01:34:49 hostname-txyuq.foreman.pxe kernel: pci 0000:56:06.0:   bridge window [io  0x33000-0x33fff]
Sep 07 01:34:49 hostname-txyuq.foreman.pxe kernel: pci 0000:56:06.0:   bridge window [mem 0x98000000-0x980fffff]
Sep 07 01:34:49 hostname-txyuq.foreman.pxe kernel: pci 0000:56:06.0:   bridge window [mem 0x120000600000-0x1200007fffff 64bit pref]
Sep 07 01:34:49 hostname-txyuq.foreman.pxe kernel: pci_bus 0000:56: resource 4 [mem 0x120000000000-0x129fffffffff pref window]
Sep 07 01:34:49 hostname-txyuq.foreman.pxe kernel: pci_bus 0000:56: resource 5 [mem 0x98000000-0x9bffffff window]
Sep 07 01:34:49 hostname-txyuq.foreman.pxe kernel: pci_bus 0000:56: resource 6 [io  0x30000-0x3ffff window]
Sep 07 01:34:49 hostname-txyuq.foreman.pxe kernel: pci_bus 0000:57: resource 0 [io  0x30000-0x30fff]
Sep 07 01:34:49 hostname-txyuq.foreman.pxe kernel: pci_bus 0000:57: resource 1 [mem 0x98200000-0x983fffff]
Sep 07 01:34:49 hostname-txyuq.foreman.pxe kernel: pci_bus 0000:57: resource 2 [mem 0x120000000000-0x1200001fffff 64bit pref]
Sep 07 01:34:49 hostname-txyuq.foreman.pxe kernel: pci_bus 0000:58: resource 0 [io  0x31000-0x31fff]
Sep 07 01:34:49 hostname-txyuq.foreman.pxe kernel: pci_bus 0000:58: resource 1 [mem 0x98400000-0x985fffff]
Sep 07 01:34:49 hostname-txyuq.foreman.pxe kernel: pci_bus 0000:58: resource 2 [mem 0x120000200000-0x1200003fffff 64bit pref]
Sep 07 01:34:49 hostname-txyuq.foreman.pxe kernel: pci_bus 0000:59: resource 0 [io  0x32000-0x32fff]
Sep 07 01:34:49 hostname-txyuq.foreman.pxe kernel: pci_bus 0000:59: resource 1 [mem 0x98100000-0x981fffff]
Sep 07 01:34:49 hostname-txyuq.foreman.pxe kernel: pci_bus 0000:59: resource 2 [mem 0x120000400000-0x1200005fffff 64bit pref]
Sep 07 01:34:49 hostname-txyuq.foreman.pxe kernel: pci_bus 0000:5a: resource 0 [io  0x33000-0x33fff]
Sep 07 01:34:49 hostname-txyuq.foreman.pxe kernel: pci_bus 0000:5a: resource 1 [mem 0x98000000-0x980fffff]
Sep 07 01:34:49 hostname-txyuq.foreman.pxe kernel: pci_bus 0000:5a: resource 2 [mem 0x120000600000-0x1200007fffff 64bit pref]
Sep 07 01:34:49 hostname-txyuq.foreman.pxe kernel: ACPI: PCI Root Bridge [PC32] (domain 0000 [bus 5f-67])
Sep 07 01:34:49 hostname-txyuq.foreman.pxe kernel: acpi PNP0A08:04: _OSC: OS supports [ExtendedConfig ASPM ClockPM Segments MSI EDR HPX-Type3]
Sep 07 01:34:49 hostname-txyuq.foreman.pxe kernel: acpi PNP0A08:04: _OSC: platform does not support [SHPCHotplug AER LTR DPC]
Sep 07 01:34:49 hostname-txyuq.foreman.pxe kernel: acpi PNP0A08:04: _OSC: OS now controls [PCIeHotplug PME PCIeCapability]
Sep 07 01:34:49 hostname-txyuq.foreman.pxe kernel: acpi PNP0A08:04: ECAM area [mem 0xd5f00000-0xd67fffff] reserved by PNP0C02:00
Sep 07 01:34:49 hostname-txyuq.foreman.pxe kernel: acpi PNP0A08:04: ECAM at [mem 0xd5f00000-0xd67fffff] for [bus 5f-67]
Sep 07 01:34:49 hostname-txyuq.foreman.pxe kernel: ACPI: Remapped I/O 0x000000009ff10000 to [io  0x40000-0x4ffff window]
Sep 07 01:34:49 hostname-txyuq.foreman.pxe kernel: PCI host bridge to bus 0000:5f
Sep 07 01:34:49 hostname-txyuq.foreman.pxe kernel: pci_bus 0000:5f: root bus resource [mem 0x12a000000000-0x133fffffffff pref window]
Sep 07 01:34:49 hostname-txyuq.foreman.pxe kernel: pci_bus 0000:5f: root bus resource [mem 0x9c000000-0x9fdfffff window]
Sep 07 01:34:49 hostname-txyuq.foreman.pxe kernel: pci_bus 0000:5f: root bus resource [io  0x40000-0x4ffff window] (bus address [0x9ff10000-0x9ff1ffff])
Sep 07 01:34:49 hostname-txyuq.foreman.pxe kernel: pci_bus 0000:5f: root bus resource [bus 5f-67]
Sep 07 01:34:49 hostname-txyuq.foreman.pxe kernel: pci_bus 0000:5f: on NUMA node 0
Sep 07 01:34:49 hostname-txyuq.foreman.pxe kernel: pci_bus 0000:5f: resource 4 [mem 0x12a000000000-0x133fffffffff pref window]
Sep 07 01:34:49 hostname-txyuq.foreman.pxe kernel: pci_bus 0000:5f: resource 5 [mem 0x9c000000-0x9fdfffff window]
Sep 07 01:34:49 hostname-txyuq.foreman.pxe kernel: pci_bus 0000:5f: resource 6 [io  0x40000-0x4ffff window]
Sep 07 01:34:49 hostname-txyuq.foreman.pxe kernel: ACPI: PCI Root Bridge [PC04] (domain 0000 [bus 2a])
Sep 07 01:34:49 hostname-txyuq.foreman.pxe kernel: acpi PNP0A08:05: _OSC: OS supports [ExtendedConfig ASPM ClockPM Segments MSI EDR HPX-Type3]
Sep 07 01:34:49 hostname-txyuq.foreman.pxe kernel: acpi PNP0A08:05: _OSC: platform does not support [PCIeHotplug SHPCHotplug PME AER LTR DPC]
Sep 07 01:34:49 hostname-txyuq.foreman.pxe kernel: acpi PNP0A08:05: _OSC: OS now controls [PCIeCapability]
Sep 07 01:34:49 hostname-txyuq.foreman.pxe kernel: acpi PNP0A08:05: ECAM area [mem 0xd2a00000-0xd2afffff] reserved by PNP0C02:00
Sep 07 01:34:49 hostname-txyuq.foreman.pxe kernel: acpi PNP0A08:05: ECAM at [mem 0xd2a00000-0xd2afffff] for [bus 2a]
Sep 07 01:34:49 hostname-txyuq.foreman.pxe kernel: PCI host bridge to bus 0000:2a
Sep 07 01:34:49 hostname-txyuq.foreman.pxe kernel: pci_bus 0000:2a: root bus resource [mem 0x500000000-0x537ffffff pref window]
Sep 07 01:34:49 hostname-txyuq.foreman.pxe kernel: pci_bus 0000:2a: root bus resource [bus 2a]
Sep 07 01:34:49 hostname-txyuq.foreman.pxe kernel: pci_bus 0000:2a: on NUMA node 1
Sep 07 01:34:49 hostname-txyuq.foreman.pxe kernel: pci_bus 0000:2a: resource 4 [mem 0x500000000-0x537ffffff pref window]
Sep 07 01:34:49 hostname-txyuq.foreman.pxe kernel: ACPI: PCI Root Bridge [PC05] (domain 0000 [bus 2b])
Sep 07 01:34:49 hostname-txyuq.foreman.pxe kernel: acpi PNP0A08:06: _OSC: OS supports [ExtendedConfig ASPM ClockPM Segments MSI EDR HPX-Type3]
Sep 07 01:34:49 hostname-txyuq.foreman.pxe kernel: acpi PNP0A08:06: _OSC: platform does not support [PCIeHotplug SHPCHotplug PME AER LTR DPC]
Sep 07 01:34:49 hostname-txyuq.foreman.pxe kernel: acpi PNP0A08:06: _OSC: OS now controls [PCIeCapability]
Sep 07 01:34:49 hostname-txyuq.foreman.pxe kernel: acpi PNP0A08:06: ECAM area [mem 0xd2b00000-0xd2bfffff] reserved by PNP0C02:00
Sep 07 01:34:49 hostname-txyuq.foreman.pxe kernel: acpi PNP0A08:06: ECAM at [mem 0xd2b00000-0xd2bfffff] for [bus 2b]
Sep 07 01:34:49 hostname-txyuq.foreman.pxe kernel: PCI host bridge to bus 0000:2b
Sep 07 01:34:49 hostname-txyuq.foreman.pxe kernel: pci_bus 0000:2b: root bus resource [mem 0x8500000000-0x8537ffffff pref window]
Sep 07 01:34:49 hostname-txyuq.foreman.pxe kernel: pci_bus 0000:2b: root bus resource [bus 2b]
Sep 07 01:34:49 hostname-txyuq.foreman.pxe kernel: pci_bus 0000:2b: on NUMA node 0
Sep 07 01:34:49 hostname-txyuq.foreman.pxe kernel: pci_bus 0000:2b: resource 4 [mem 0x8500000000-0x8537ffffff pref window]
Sep 07 01:34:49 hostname-txyuq.foreman.pxe kernel: ACPI: PCI Root Bridge [PC06] (domain 0000 [bus 2e])
Sep 07 01:34:49 hostname-txyuq.foreman.pxe kernel: acpi PNP0A08:07: _OSC: OS supports [ExtendedConfig ASPM ClockPM Segments MSI EDR HPX-Type3]
Sep 07 01:34:49 hostname-txyuq.foreman.pxe kernel: acpi PNP0A08:07: _OSC: platform does not support [PCIeHotplug SHPCHotplug PME AER LTR DPC]
Sep 07 01:34:49 hostname-txyuq.foreman.pxe kernel: acpi PNP0A08:07: _OSC: OS now controls [PCIeCapability]
Sep 07 01:34:49 hostname-txyuq.foreman.pxe kernel: acpi PNP0A08:07: ECAM area [mem 0xd2e00000-0xd2efffff] reserved by PNP0C02:00
Sep 07 01:34:49 hostname-txyuq.foreman.pxe kernel: acpi PNP0A08:07: ECAM at [mem 0xd2e00000-0xd2efffff] for [bus 2e]
Sep 07 01:34:49 hostname-txyuq.foreman.pxe kernel: PCI host bridge to bus 0000:2e
Sep 07 01:34:49 hostname-txyuq.foreman.pxe kernel: pci_bus 0000:2e: root bus resource [mem 0x310000000-0x313ffffff pref window]
Sep 07 01:34:49 hostname-txyuq.foreman.pxe kernel: pci_bus 0000:2e: root bus resource [bus 2e]
Sep 07 01:34:49 hostname-txyuq.foreman.pxe kernel: pci 0000:2e:00.0: [19e5:a12d] type 00 class 0x088000
Sep 07 01:34:49 hostname-txyuq.foreman.pxe kernel: pci 0000:2e:00.0: reg 0x18: [mem 0x310013000-0x310013fff 64bit pref]
Sep 07 01:34:49 hostname-txyuq.foreman.pxe kernel: pci 0000:2e:01.0: [19e5:a12e] type 00 class 0x088000
Sep 07 01:34:49 hostname-txyuq.foreman.pxe kernel: pci 0000:2e:01.0: reg 0x18: [mem 0x310012000-0x310012fff 64bit pref]
Sep 07 01:34:49 hostname-txyuq.foreman.pxe kernel: pci 0000:2e:08.0: [19e5:a12d] type 00 class 0x088000
Sep 07 01:34:49 hostname-txyuq.foreman.pxe kernel: pci 0000:2e:08.0: reg 0x18: [mem 0x310011000-0x310011fff 64bit pref]
Sep 07 01:34:49 hostname-txyuq.foreman.pxe kernel: pci 0000:2e:09.0: [19e5:a12e] type 00 class 0x088000
Sep 07 01:34:49 hostname-txyuq.foreman.pxe kernel: pci 0000:2e:09.0: reg 0x18: [mem 0x310010000-0x310010fff 64bit pref]
Sep 07 01:34:49 hostname-txyuq.foreman.pxe kernel: pci 0000:2e:0b.0: [19e5:a122] type 00 class 0x088000
Sep 07 01:34:49 hostname-txyuq.foreman.pxe kernel: pci 0000:2e:0b.0: reg 0x18: [mem 0x310000000-0x31000ffff 64bit pref]
Sep 07 01:34:49 hostname-txyuq.foreman.pxe kernel: pci_bus 0000:2e: on NUMA node 1
Sep 07 01:34:49 hostname-txyuq.foreman.pxe kernel: pci_bus 0000:2e: resource 4 [mem 0x310000000-0x313ffffff pref window]
Sep 07 01:34:49 hostname-txyuq.foreman.pxe kernel: ACPI: PCI Root Bridge [PC07] (domain 0000 [bus 2f])
Sep 07 01:34:49 hostname-txyuq.foreman.pxe kernel: acpi PNP0A08:08: _OSC: OS supports [ExtendedConfig ASPM ClockPM Segments MSI EDR HPX-Type3]
Sep 07 01:34:49 hostname-txyuq.foreman.pxe kernel: acpi PNP0A08:08: _OSC: platform does not support [PCIeHotplug SHPCHotplug PME AER LTR DPC]
Sep 07 01:34:49 hostname-txyuq.foreman.pxe kernel: acpi PNP0A08:08: _OSC: OS now controls [PCIeCapability]
Sep 07 01:34:49 hostname-txyuq.foreman.pxe kernel: acpi PNP0A08:08: ECAM area [mem 0xd2f00000-0xd2ffffff] reserved by PNP0C02:00
Sep 07 01:34:49 hostname-txyuq.foreman.pxe kernel: acpi PNP0A08:08: ECAM at [mem 0xd2f00000-0xd2ffffff] for [bus 2f]
Sep 07 01:34:49 hostname-txyuq.foreman.pxe kernel: PCI host bridge to bus 0000:2f
Sep 07 01:34:49 hostname-txyuq.foreman.pxe kernel: pci_bus 0000:2f: root bus resource [mem 0x8310000000-0x8313ffffff pref window]
Sep 07 01:34:49 hostname-txyuq.foreman.pxe kernel: pci_bus 0000:2f: root bus resource [bus 2f]
Sep 07 01:34:49 hostname-txyuq.foreman.pxe kernel: pci 0000:2f:00.0: [19e5:a12d] type 00 class 0x088000
Sep 07 01:34:49 hostname-txyuq.foreman.pxe kernel: pci 0000:2f:00.0: reg 0x18: [mem 0x8310013000-0x8310013fff 64bit pref]
Sep 07 01:34:49 hostname-txyuq.foreman.pxe kernel: pci 0000:2f:01.0: [19e5:a12e] type 00 class 0x088000
Sep 07 01:34:49 hostname-txyuq.foreman.pxe kernel: pci 0000:2f:01.0: reg 0x18: [mem 0x8310012000-0x8310012fff 64bit pref]
Sep 07 01:34:49 hostname-txyuq.foreman.pxe kernel: pci 0000:2f:08.0: [19e5:a12d] type 00 class 0x088000
Sep 07 01:34:49 hostname-txyuq.foreman.pxe kernel: pci 0000:2f:08.0: reg 0x18: [mem 0x8310011000-0x8310011fff 64bit pref]
Sep 07 01:34:49 hostname-txyuq.foreman.pxe kernel: pci 0000:2f:09.0: [19e5:a12e] type 00 class 0x088000
Sep 07 01:34:49 hostname-txyuq.foreman.pxe kernel: pci 0000:2f:09.0: reg 0x18: [mem 0x8310010000-0x8310010fff 64bit pref]
Sep 07 01:34:49 hostname-txyuq.foreman.pxe kernel: pci 0000:2f:0b.0: [19e5:a122] type 00 class 0x088000
Sep 07 01:34:49 hostname-txyuq.foreman.pxe kernel: pci 0000:2f:0b.0: reg 0x18: [mem 0x8310000000-0x831000ffff 64bit pref]
Sep 07 01:34:49 hostname-txyuq.foreman.pxe kernel: pci_bus 0000:2f: on NUMA node 0
Sep 07 01:34:49 hostname-txyuq.foreman.pxe kernel: pci_bus 0000:2f: resource 4 [mem 0x8310000000-0x8313ffffff pref window]
Sep 07 01:34:49 hostname-txyuq.foreman.pxe kernel: ACPI: PCI Root Bridge [PC08] (domain 0000 [bus 30-31])
Sep 07 01:34:49 hostname-txyuq.foreman.pxe kernel: acpi PNP0A08:09: _OSC: OS supports [ExtendedConfig ASPM ClockPM Segments MSI EDR HPX-Type3]
Sep 07 01:34:49 hostname-txyuq.foreman.pxe kernel: acpi PNP0A08:09: _OSC: platform does not support [PCIeHotplug SHPCHotplug PME AER LTR DPC]
Sep 07 01:34:49 hostname-txyuq.foreman.pxe kernel: acpi PNP0A08:09: _OSC: OS now controls [PCIeCapability]
Sep 07 01:34:49 hostname-txyuq.foreman.pxe kernel: acpi PNP0A08:09: ECAM area [mem 0xd3000000-0xd31fffff] reserved by PNP0C02:00
Sep 07 01:34:49 hostname-txyuq.foreman.pxe kernel: acpi PNP0A08:09: ECAM at [mem 0xd3000000-0xd31fffff] for [bus 30-31]
Sep 07 01:34:49 hostname-txyuq.foreman.pxe kernel: PCI host bridge to bus 0000:30
Sep 07 01:34:49 hostname-txyuq.foreman.pxe kernel: pci_bus 0000:30: root bus resource [mem 0x420000000-0x4303fffff pref window]
Sep 07 01:34:49 hostname-txyuq.foreman.pxe kernel: pci_bus 0000:30: root bus resource [mem 0xe0200000-0xe02fffff window]
Sep 07 01:34:49 hostname-txyuq.foreman.pxe kernel: pci_bus 0000:30: root bus resource [bus 30-31]
Sep 07 01:34:49 hostname-txyuq.foreman.pxe kernel: pci 0000:30:00.0: [19e5:a121] type 01 class 0x060400
Sep 07 01:34:49 hostname-txyuq.foreman.pxe kernel: pci 0000:30:00.0: enabling Extended Tags
Sep 07 01:34:49 hostname-txyuq.foreman.pxe kernel: pci 0000:30:01.0: [19e5:a23c] type 00 class 0x0c0330
Sep 07 01:34:49 hostname-txyuq.foreman.pxe kernel: pci 0000:30:01.0: reg 0x10: [mem 0x428880000-0x4288fffff 64bit pref]
Sep 07 01:34:49 hostname-txyuq.foreman.pxe kernel: pci 0000:30:03.0: [19e5:a23d] type 00 class 0x0c0330
Sep 07 01:34:49 hostname-txyuq.foreman.pxe kernel: pci 0000:30:03.0: reg 0x10: [mem 0x428800000-0x42887ffff 64bit pref]
Sep 07 01:34:49 hostname-txyuq.foreman.pxe kernel: pci 0000:30:04.0: [19e5:a230] type 00 class 0x010700
Sep 07 01:34:49 hostname-txyuq.foreman.pxe kernel: pci 0000:30:04.0: reg 0x24: [mem 0xe0200000-0xe0207fff]
Sep 07 01:34:49 hostname-txyuq.foreman.pxe kernel: pci 0000:30:05.0: [19e5:a12f] type 00 class 0x058000
Sep 07 01:34:49 hostname-txyuq.foreman.pxe kernel: pci 0000:30:05.0: reg 0x10: [mem 0x428900000-0x42890ffff 64bit pref]
Sep 07 01:34:49 hostname-txyuq.foreman.pxe kernel: pci 0000:31:00.0: [19e5:a250] type 00 class 0x120000
Sep 07 01:34:49 hostname-txyuq.foreman.pxe kernel: pci 0000:31:00.0: reg 0x18: [mem 0x420000000-0x4203fffff 64bit pref]
Sep 07 01:34:49 hostname-txyuq.foreman.pxe kernel: pci 0000:31:00.0: reg 0x20: [mem 0x00000000-0x001fffff 64bit pref]
Sep 07 01:34:49 hostname-txyuq.foreman.pxe kernel: pci 0000:31:00.0: reg 0x22c: [mem 0x00000000-0x0000ffff 64bit pref]
Sep 07 01:34:49 hostname-txyuq.foreman.pxe kernel: pci 0000:31:00.0: VF(n) BAR2 space: [mem 0x00000000-0x003effff 64bit pref] (contains BAR2 for 63 VFs)
Sep 07 01:34:49 hostname-txyuq.foreman.pxe kernel: pci 0000:31:00.0: reg 0x234: [mem 0x00000000-0x001fffff 64bit pref]
Sep 07 01:34:49 hostname-txyuq.foreman.pxe kernel: pci 0000:31:00.0: VF(n) BAR4 space: [mem 0x00000000-0x07dfffff 64bit pref] (contains BAR4 for 63 VFs)
Sep 07 01:34:49 hostname-txyuq.foreman.pxe kernel: pci_bus 0000:30: on NUMA node 1
Sep 07 01:34:49 hostname-txyuq.foreman.pxe kernel: pci 0000:30:00.0: bridge window [mem 0x00200000-0x007fffff 64bit pref] to [bus 31] add_size 8200000 add_align 200000
Sep 07 01:34:49 hostname-txyuq.foreman.pxe kernel: pci 0000:30:00.0: BAR 15: assigned [mem 0x420000000-0x4287fffff 64bit pref]
Sep 07 01:34:49 hostname-txyuq.foreman.pxe kernel: pci 0000:30:01.0: BAR 0: assigned [mem 0x428800000-0x42887ffff 64bit pref]
Sep 07 01:34:49 hostname-txyuq.foreman.pxe kernel: pci 0000:30:03.0: BAR 0: assigned [mem 0x428880000-0x4288fffff 64bit pref]
Sep 07 01:34:49 hostname-txyuq.foreman.pxe kernel: pci 0000:30:05.0: BAR 0: assigned [mem 0x428900000-0x42890ffff 64bit pref]
Sep 07 01:34:49 hostname-txyuq.foreman.pxe kernel: pci 0000:30:04.0: BAR 5: assigned [mem 0xe0200000-0xe0207fff]
Sep 07 01:34:49 hostname-txyuq.foreman.pxe kernel: pci 0000:31:00.0: BAR 2: assigned [mem 0x420000000-0x4203fffff 64bit pref]
Sep 07 01:34:49 hostname-txyuq.foreman.pxe kernel: pci 0000:31:00.0: BAR 4: assigned [mem 0x420400000-0x4205fffff 64bit pref]
Sep 07 01:34:49 hostname-txyuq.foreman.pxe kernel: pci 0000:31:00.0: BAR 11: assigned [mem 0x420600000-0x4283fffff 64bit pref]
Sep 07 01:34:49 hostname-txyuq.foreman.pxe kernel: pci 0000:31:00.0: BAR 9: assigned [mem 0x428400000-0x4287effff 64bit pref]
Sep 07 01:34:49 hostname-txyuq.foreman.pxe kernel: pci 0000:30:00.0: PCI bridge to [bus 31]
Sep 07 01:34:49 hostname-txyuq.foreman.pxe kernel: pci 0000:30:00.0:   bridge window [mem 0x420000000-0x4287fffff 64bit pref]
Sep 07 01:34:49 hostname-txyuq.foreman.pxe kernel: pci_bus 0000:30: resource 4 [mem 0x420000000-0x4303fffff pref window]
Sep 07 01:34:49 hostname-txyuq.foreman.pxe kernel: pci_bus 0000:30: resource 5 [mem 0xe0200000-0xe02fffff window]
Sep 07 01:34:49 hostname-txyuq.foreman.pxe kernel: pci_bus 0000:31: resource 2 [mem 0x420000000-0x4287fffff 64bit pref]
Sep 07 01:34:49 hostname-txyuq.foreman.pxe kernel: ACPI: PCI Root Bridge [PC09] (domain 0000 [bus 32-33])
Sep 07 01:34:49 hostname-txyuq.foreman.pxe kernel: acpi PNP0A08:0a: _OSC: OS supports [ExtendedConfig ASPM ClockPM Segments MSI EDR HPX-Type3]
Sep 07 01:34:49 hostname-txyuq.foreman.pxe kernel: acpi PNP0A08:0a: _OSC: platform does not support [PCIeHotplug SHPCHotplug PME AER LTR DPC]
Sep 07 01:34:49 hostname-txyuq.foreman.pxe kernel: acpi PNP0A08:0a: _OSC: OS now controls [PCIeCapability]
Sep 07 01:34:49 hostname-txyuq.foreman.pxe kernel: acpi PNP0A08:0a: ECAM area [mem 0xd3200000-0xd33fffff] reserved by PNP0C02:00
Sep 07 01:34:49 hostname-txyuq.foreman.pxe kernel: acpi PNP0A08:0a: ECAM at [mem 0xd3200000-0xd33fffff] for [bus 32-33]
Sep 07 01:34:49 hostname-txyuq.foreman.pxe kernel: PCI host bridge to bus 0000:32
Sep 07 01:34:49 hostname-txyuq.foreman.pxe kernel: pci_bus 0000:32: root bus resource [mem 0x8420000000-0x84303fffff pref window]
Sep 07 01:34:49 hostname-txyuq.foreman.pxe kernel: pci_bus 0000:32: root bus resource [mem 0xe0300000-0xe03fffff window]
Sep 07 01:34:49 hostname-txyuq.foreman.pxe kernel: pci_bus 0000:32: root bus resource [bus 32-33]
Sep 07 01:34:49 hostname-txyuq.foreman.pxe kernel: pci 0000:32:00.0: [19e5:a121] type 01 class 0x060400
Sep 07 01:34:49 hostname-txyuq.foreman.pxe kernel: pci 0000:32:00.0: enabling Extended Tags
Sep 07 01:34:49 hostname-txyuq.foreman.pxe kernel: pci 0000:32:01.0: [19e5:a23c] type 00 class 0x0c0330
Sep 07 01:34:49 hostname-txyuq.foreman.pxe kernel: pci 0000:32:01.0: reg 0x10: [mem 0x8428880000-0x84288fffff 64bit pref]
Sep 07 01:34:49 hostname-txyuq.foreman.pxe kernel: pci 0000:32:03.0: [19e5:a23d] type 00 class 0x0c0330
Sep 07 01:34:49 hostname-txyuq.foreman.pxe kernel: pci 0000:32:03.0: reg 0x10: [mem 0x8428800000-0x842887ffff 64bit pref]
Sep 07 01:34:49 hostname-txyuq.foreman.pxe kernel: pci 0000:32:04.0: [19e5:a230] type 00 class 0x010700
Sep 07 01:34:49 hostname-txyuq.foreman.pxe kernel: pci 0000:32:04.0: reg 0x24: [mem 0xe0300000-0xe0307fff]
Sep 07 01:34:49 hostname-txyuq.foreman.pxe kernel: pci 0000:33:00.0: [19e5:a250] type 00 class 0x120000
Sep 07 01:34:49 hostname-txyuq.foreman.pxe kernel: pci 0000:33:00.0: reg 0x18: [mem 0x8420000000-0x84203fffff 64bit pref]
Sep 07 01:34:49 hostname-txyuq.foreman.pxe kernel: pci 0000:33:00.0: reg 0x20: [mem 0x00000000-0x001fffff 64bit pref]
Sep 07 01:34:49 hostname-txyuq.foreman.pxe kernel: pci 0000:33:00.0: reg 0x22c: [mem 0x00000000-0x0000ffff 64bit pref]
Sep 07 01:34:49 hostname-txyuq.foreman.pxe kernel: pci 0000:33:00.0: VF(n) BAR2 space: [mem 0x00000000-0x003effff 64bit pref] (contains BAR2 for 63 VFs)
Sep 07 01:34:49 hostname-txyuq.foreman.pxe kernel: pci 0000:33:00.0: reg 0x234: [mem 0x00000000-0x001fffff 64bit pref]
Sep 07 01:34:49 hostname-txyuq.foreman.pxe kernel: pci 0000:33:00.0: VF(n) BAR4 space: [mem 0x00000000-0x07dfffff 64bit pref] (contains BAR4 for 63 VFs)
Sep 07 01:34:49 hostname-txyuq.foreman.pxe kernel: pci_bus 0000:32: on NUMA node 0
Sep 07 01:34:49 hostname-txyuq.foreman.pxe kernel: pci 0000:32:00.0: bridge window [mem 0x00200000-0x007fffff 64bit pref] to [bus 33] add_size 8200000 add_align 200000
Sep 07 01:34:49 hostname-txyuq.foreman.pxe kernel: pci 0000:32:00.0: BAR 15: assigned [mem 0x8420000000-0x84287fffff 64bit pref]
Sep 07 01:34:49 hostname-txyuq.foreman.pxe kernel: pci 0000:32:01.0: BAR 0: assigned [mem 0x8428800000-0x842887ffff 64bit pref]
Sep 07 01:34:49 hostname-txyuq.foreman.pxe kernel: pci 0000:32:03.0: BAR 0: assigned [mem 0x8428880000-0x84288fffff 64bit pref]
Sep 07 01:34:49 hostname-txyuq.foreman.pxe kernel: pci 0000:32:04.0: BAR 5: assigned [mem 0xe0300000-0xe0307fff]
Sep 07 01:34:49 hostname-txyuq.foreman.pxe kernel: pci 0000:33:00.0: BAR 2: assigned [mem 0x8420000000-0x84203fffff 64bit pref]
Sep 07 01:34:49 hostname-txyuq.foreman.pxe kernel: pci 0000:33:00.0: BAR 4: assigned [mem 0x8420400000-0x84205fffff 64bit pref]
Sep 07 01:34:49 hostname-txyuq.foreman.pxe kernel: pci 0000:33:00.0: BAR 11: assigned [mem 0x8420600000-0x84283fffff 64bit pref]
Sep 07 01:34:49 hostname-txyuq.foreman.pxe kernel: pci 0000:33:00.0: BAR 9: assigned [mem 0x8428400000-0x84287effff 64bit pref]
Sep 07 01:34:49 hostname-txyuq.foreman.pxe kernel: pci 0000:32:00.0: PCI bridge to [bus 33]
Sep 07 01:34:49 hostname-txyuq.foreman.pxe kernel: pci 0000:32:00.0:   bridge window [mem 0x8420000000-0x84287fffff 64bit pref]
Sep 07 01:34:49 hostname-txyuq.foreman.pxe kernel: pci_bus 0000:32: resource 4 [mem 0x8420000000-0x84303fffff pref window]
Sep 07 01:34:49 hostname-txyuq.foreman.pxe kernel: pci_bus 0000:32: resource 5 [mem 0xe0300000-0xe03fffff window]
Sep 07 01:34:49 hostname-txyuq.foreman.pxe kernel: pci_bus 0000:33: resource 2 [mem 0x8420000000-0x84287fffff 64bit pref]
Sep 07 01:34:49 hostname-txyuq.foreman.pxe kernel: ACPI: PCI Root Bridge [PC10] (domain 0000 [bus 34-35])
Sep 07 01:34:49 hostname-txyuq.foreman.pxe kernel: acpi PNP0A08:0b: _OSC: OS supports [ExtendedConfig ASPM ClockPM Segments MSI EDR HPX-Type3]
Sep 07 01:34:49 hostname-txyuq.foreman.pxe kernel: acpi PNP0A08:0b: _OSC: platform does not support [PCIeHotplug SHPCHotplug PME AER LTR DPC]
Sep 07 01:34:49 hostname-txyuq.foreman.pxe kernel: acpi PNP0A08:0b: _OSC: OS now controls [PCIeCapability]
Sep 07 01:34:49 hostname-txyuq.foreman.pxe kernel: acpi PNP0A08:0b: ECAM area [mem 0xd3400000-0xd35fffff] reserved by PNP0C02:00
Sep 07 01:34:49 hostname-txyuq.foreman.pxe kernel: acpi PNP0A08:0b: ECAM at [mem 0xd3400000-0xd35fffff] for [bus 34-35]
Sep 07 01:34:49 hostname-txyuq.foreman.pxe kernel: PCI host bridge to bus 0000:34
Sep 07 01:34:49 hostname-txyuq.foreman.pxe kernel: pci_bus 0000:34: root bus resource [mem 0x44000000000-0x470000fffff pref window]
Sep 07 01:34:49 hostname-txyuq.foreman.pxe kernel: pci_bus 0000:34: root bus resource [bus 34-35]
Sep 07 01:34:49 hostname-txyuq.foreman.pxe kernel: pci 0000:34:00.0: [19e5:a121] type 01 class 0x060400
Sep 07 01:34:49 hostname-txyuq.foreman.pxe kernel: pci 0000:34:00.0: enabling Extended Tags
Sep 07 01:34:49 hostname-txyuq.foreman.pxe kernel: pci_bus 0000:34: on NUMA node 1
Sep 07 01:34:49 hostname-txyuq.foreman.pxe kernel: pci 0000:34:00.0: PCI bridge to [bus 35]
Sep 07 01:34:49 hostname-txyuq.foreman.pxe kernel: pci_bus 0000:34: resource 4 [mem 0x44000000000-0x470000fffff pref window]
Sep 07 01:34:49 hostname-txyuq.foreman.pxe kernel: ACPI: PCI Root Bridge [PC11] (domain 0000 [bus 36-37])
Sep 07 01:34:49 hostname-txyuq.foreman.pxe kernel: acpi PNP0A08:0c: _OSC: OS supports [ExtendedConfig ASPM ClockPM Segments MSI EDR HPX-Type3]
Sep 07 01:34:49 hostname-txyuq.foreman.pxe kernel: acpi PNP0A08:0c: _OSC: platform does not support [PCIeHotplug SHPCHotplug PME AER LTR DPC]
Sep 07 01:34:49 hostname-txyuq.foreman.pxe kernel: acpi PNP0A08:0c: _OSC: OS now controls [PCIeCapability]
Sep 07 01:34:49 hostname-txyuq.foreman.pxe kernel: acpi PNP0A08:0c: ECAM area [mem 0xd3600000-0xd37fffff] reserved by PNP0C02:00
Sep 07 01:34:49 hostname-txyuq.foreman.pxe kernel: acpi PNP0A08:0c: ECAM at [mem 0xd3600000-0xd37fffff] for [bus 36-37]
Sep 07 01:34:49 hostname-txyuq.foreman.pxe kernel: PCI host bridge to bus 0000:36
Sep 07 01:34:49 hostname-txyuq.foreman.pxe kernel: pci_bus 0000:36: root bus resource [mem 0x4c000000000-0x4f0000fffff pref window]
Sep 07 01:34:49 hostname-txyuq.foreman.pxe kernel: pci_bus 0000:36: root bus resource [bus 36-37]
Sep 07 01:34:49 hostname-txyuq.foreman.pxe kernel: pci 0000:36:00.0: [19e5:a121] type 01 class 0x060400
Sep 07 01:34:49 hostname-txyuq.foreman.pxe kernel: pci 0000:36:00.0: enabling Extended Tags
Sep 07 01:34:49 hostname-txyuq.foreman.pxe kernel: pci_bus 0000:36: on NUMA node 0
Sep 07 01:34:49 hostname-txyuq.foreman.pxe kernel: pci 0000:36:00.0: PCI bridge to [bus 37]
Sep 07 01:34:49 hostname-txyuq.foreman.pxe kernel: pci_bus 0000:36: resource 4 [mem 0x4c000000000-0x4f0000fffff pref window]
Sep 07 01:34:49 hostname-txyuq.foreman.pxe kernel: ACPI: PCI Root Bridge [PC12] (domain 0000 [bus 38-3b])
Sep 07 01:34:49 hostname-txyuq.foreman.pxe kernel: acpi PNP0A08:0d: _OSC: OS supports [ExtendedConfig ASPM ClockPM Segments MSI EDR HPX-Type3]
Sep 07 01:34:49 hostname-txyuq.foreman.pxe kernel: acpi PNP0A08:0d: _OSC: platform does not support [PCIeHotplug SHPCHotplug PME AER LTR DPC]
Sep 07 01:34:49 hostname-txyuq.foreman.pxe kernel: acpi PNP0A08:0d: _OSC: OS now controls [PCIeCapability]
Sep 07 01:34:49 hostname-txyuq.foreman.pxe kernel: acpi PNP0A08:0d: ECAM area [mem 0xd3800000-0xd3bfffff] reserved by PNP0C02:00
Sep 07 01:34:49 hostname-txyuq.foreman.pxe kernel: acpi PNP0A08:0d: ECAM at [mem 0xd3800000-0xd3bfffff] for [bus 38-3b]
Sep 07 01:34:49 hostname-txyuq.foreman.pxe kernel: PCI host bridge to bus 0000:38
Sep 07 01:34:49 hostname-txyuq.foreman.pxe kernel: pci_bus 0000:38: root bus resource [mem 0x14e000000-0x16fffffff pref window]
Sep 07 01:34:49 hostname-txyuq.foreman.pxe kernel: pci_bus 0000:38: root bus resource [mem 0xe0000000-0xe00fffff window]
Sep 07 01:34:49 hostname-txyuq.foreman.pxe kernel: pci_bus 0000:38: root bus resource [bus 38-3b]
Sep 07 01:34:49 hostname-txyuq.foreman.pxe kernel: pci 0000:38:00.0: [19e5:a121] type 01 class 0x060400
Sep 07 01:34:49 hostname-txyuq.foreman.pxe kernel: pci 0000:38:00.0: enabling Extended Tags
Sep 07 01:34:49 hostname-txyuq.foreman.pxe kernel: pci 0000:38:01.0: [19e5:a121] type 01 class 0x060400
Sep 07 01:34:49 hostname-txyuq.foreman.pxe kernel: pci 0000:38:01.0: enabling Extended Tags
Sep 07 01:34:49 hostname-txyuq.foreman.pxe kernel: pci 0000:38:05.0: [19e5:a235] type 00 class 0x010601
Sep 07 01:34:49 hostname-txyuq.foreman.pxe kernel: pci 0000:38:05.0: reg 0x24: [mem 0xe0000000-0xe0000fff]
Sep 07 01:34:49 hostname-txyuq.foreman.pxe kernel: pci 0000:38:08.0: [19e5:a12d] type 00 class 0x088000
Sep 07 01:34:49 hostname-txyuq.foreman.pxe kernel: pci 0000:38:08.0: reg 0x18: [mem 0x15f001000-0x15f001fff 64bit pref]
Sep 07 01:34:49 hostname-txyuq.foreman.pxe kernel: pci 0000:38:09.0: [19e5:a12e] type 00 class 0x088000
Sep 07 01:34:49 hostname-txyuq.foreman.pxe kernel: pci 0000:38:09.0: reg 0x18: [mem 0x15f000000-0x15f000fff 64bit pref]
Sep 07 01:34:49 hostname-txyuq.foreman.pxe kernel: pci 0000:39:00.0: [19e5:a255] type 00 class 0x100000
Sep 07 01:34:49 hostname-txyuq.foreman.pxe kernel: pci 0000:39:00.0: reg 0x18: [mem 0x156800000-0x156bfffff 64bit pref]
Sep 07 01:34:49 hostname-txyuq.foreman.pxe kernel: pci 0000:39:00.0: reg 0x20: [mem 0x00000000-0x001fffff 64bit pref]
Sep 07 01:34:49 hostname-txyuq.foreman.pxe kernel: pci 0000:39:00.0: reg 0x22c: [mem 0x00000000-0x0000ffff 64bit pref]
Sep 07 01:34:49 hostname-txyuq.foreman.pxe kernel: pci 0000:39:00.0: VF(n) BAR2 space: [mem 0x00000000-0x003effff 64bit pref] (contains BAR2 for 63 VFs)
Sep 07 01:34:49 hostname-txyuq.foreman.pxe kernel: pci 0000:39:00.0: reg 0x234: [mem 0x00000000-0x001fffff 64bit pref]
Sep 07 01:34:49 hostname-txyuq.foreman.pxe kernel: pci 0000:39:00.0: VF(n) BAR4 space: [mem 0x00000000-0x07dfffff 64bit pref] (contains BAR4 for 63 VFs)
Sep 07 01:34:49 hostname-txyuq.foreman.pxe kernel: pci 0000:3a:00.0: [19e5:a258] type 00 class 0x100000
Sep 07 01:34:49 hostname-txyuq.foreman.pxe kernel: pci 0000:3a:00.0: reg 0x18: [mem 0x14e000000-0x14e3fffff 64bit pref]
Sep 07 01:34:49 hostname-txyuq.foreman.pxe kernel: pci 0000:3a:00.0: reg 0x20: [mem 0x00000000-0x001fffff 64bit pref]
Sep 07 01:34:49 hostname-txyuq.foreman.pxe kernel: pci 0000:3a:00.0: reg 0x22c: [mem 0x00000000-0x0000ffff 64bit pref]
Sep 07 01:34:49 hostname-txyuq.foreman.pxe kernel: pci 0000:3a:00.0: VF(n) BAR2 space: [mem 0x00000000-0x003effff 64bit pref] (contains BAR2 for 63 VFs)
Sep 07 01:34:49 hostname-txyuq.foreman.pxe kernel: pci 0000:3a:00.0: reg 0x234: [mem 0x00000000-0x001fffff 64bit pref]
Sep 07 01:34:49 hostname-txyuq.foreman.pxe kernel: pci 0000:3a:00.0: VF(n) BAR4 space: [mem 0x00000000-0x07dfffff 64bit pref] (contains BAR4 for 63 VFs)
Sep 07 01:34:49 hostname-txyuq.foreman.pxe kernel: pci_bus 0000:38: on NUMA node 1
Sep 07 01:34:49 hostname-txyuq.foreman.pxe kernel: pci 0000:38:00.0: bridge window [mem 0x00200000-0x007fffff 64bit pref] to [bus 39] add_size 8200000 add_align 200000
Sep 07 01:34:49 hostname-txyuq.foreman.pxe kernel: pci 0000:38:01.0: bridge window [mem 0x00200000-0x007fffff 64bit pref] to [bus 3a] add_size 8200000 add_align 200000
Sep 07 01:34:49 hostname-txyuq.foreman.pxe kernel: pci 0000:38:00.0: BAR 15: assigned [mem 0x14e000000-0x1567fffff 64bit pref]
Sep 07 01:34:49 hostname-txyuq.foreman.pxe kernel: pci 0000:38:01.0: BAR 15: assigned [mem 0x156800000-0x15effffff 64bit pref]
Sep 07 01:34:49 hostname-txyuq.foreman.pxe kernel: pci 0000:38:05.0: BAR 5: assigned [mem 0xe0000000-0xe0000fff]
Sep 07 01:34:49 hostname-txyuq.foreman.pxe kernel: pci 0000:38:08.0: BAR 2: assigned [mem 0x15f000000-0x15f000fff 64bit pref]
Sep 07 01:34:49 hostname-txyuq.foreman.pxe kernel: pci 0000:38:09.0: BAR 2: assigned [mem 0x15f001000-0x15f001fff 64bit pref]
Sep 07 01:34:49 hostname-txyuq.foreman.pxe kernel: pci 0000:39:00.0: BAR 2: assigned [mem 0x14e000000-0x14e3fffff 64bit pref]
Sep 07 01:34:49 hostname-txyuq.foreman.pxe kernel: pci 0000:39:00.0: BAR 4: assigned [mem 0x14e400000-0x14e5fffff 64bit pref]
Sep 07 01:34:49 hostname-txyuq.foreman.pxe kernel: pci 0000:39:00.0: BAR 11: assigned [mem 0x14e600000-0x1563fffff 64bit pref]
Sep 07 01:34:49 hostname-txyuq.foreman.pxe kernel: pci 0000:39:00.0: BAR 9: assigned [mem 0x156400000-0x1567effff 64bit pref]
Sep 07 01:34:49 hostname-txyuq.foreman.pxe kernel: pci 0000:38:00.0: PCI bridge to [bus 39]
Sep 07 01:34:49 hostname-txyuq.foreman.pxe kernel: pci 0000:38:00.0:   bridge window [mem 0x14e000000-0x1567fffff 64bit pref]
Sep 07 01:34:49 hostname-txyuq.foreman.pxe kernel: pci 0000:3a:00.0: BAR 2: assigned [mem 0x156800000-0x156bfffff 64bit pref]
Sep 07 01:34:49 hostname-txyuq.foreman.pxe kernel: pci 0000:3a:00.0: BAR 4: assigned [mem 0x156c00000-0x156dfffff 64bit pref]
Sep 07 01:34:49 hostname-txyuq.foreman.pxe kernel: pci 0000:3a:00.0: BAR 11: assigned [mem 0x156e00000-0x15ebfffff 64bit pref]
Sep 07 01:34:49 hostname-txyuq.foreman.pxe kernel: pci 0000:3a:00.0: BAR 9: assigned [mem 0x15ec00000-0x15efeffff 64bit pref]
Sep 07 01:34:49 hostname-txyuq.foreman.pxe kernel: pci 0000:38:01.0: PCI bridge to [bus 3a]
Sep 07 01:34:49 hostname-txyuq.foreman.pxe kernel: pci 0000:38:01.0:   bridge window [mem 0x156800000-0x15effffff 64bit pref]
Sep 07 01:34:49 hostname-txyuq.foreman.pxe kernel: pci_bus 0000:38: resource 4 [mem 0x14e000000-0x16fffffff pref window]
Sep 07 01:34:49 hostname-txyuq.foreman.pxe kernel: pci_bus 0000:38: resource 5 [mem 0xe0000000-0xe00fffff window]
Sep 07 01:34:49 hostname-txyuq.foreman.pxe kernel: pci_bus 0000:39: resource 2 [mem 0x14e000000-0x1567fffff 64bit pref]
Sep 07 01:34:49 hostname-txyuq.foreman.pxe kernel: pci_bus 0000:3a: resource 2 [mem 0x156800000-0x15effffff 64bit pref]
Sep 07 01:34:49 hostname-txyuq.foreman.pxe kernel: ACPI: PCI Root Bridge [PC13] (domain 0000 [bus 3c-3f])
Sep 07 01:34:49 hostname-txyuq.foreman.pxe kernel: acpi PNP0A08:0e: _OSC: OS supports [ExtendedConfig ASPM ClockPM Segments MSI EDR HPX-Type3]
Sep 07 01:34:49 hostname-txyuq.foreman.pxe kernel: acpi PNP0A08:0e: _OSC: platform does not support [PCIeHotplug SHPCHotplug PME AER LTR DPC]
Sep 07 01:34:49 hostname-txyuq.foreman.pxe kernel: acpi PNP0A08:0e: _OSC: OS now controls [PCIeCapability]
Sep 07 01:34:49 hostname-txyuq.foreman.pxe kernel: acpi PNP0A08:0e: ECAM area [mem 0xd3c00000-0xd3ffffff] reserved by PNP0C02:00
Sep 07 01:34:49 hostname-txyuq.foreman.pxe kernel: acpi PNP0A08:0e: ECAM at [mem 0xd3c00000-0xd3ffffff] for [bus 3c-3f]
Sep 07 01:34:49 hostname-txyuq.foreman.pxe kernel: PCI host bridge to bus 0000:3c
Sep 07 01:34:49 hostname-txyuq.foreman.pxe kernel: pci_bus 0000:3c: root bus resource [mem 0x814e000000-0x816fffffff pref window]
Sep 07 01:34:49 hostname-txyuq.foreman.pxe kernel: pci_bus 0000:3c: root bus resource [mem 0xe0100000-0xe01fffff window]
Sep 07 01:34:49 hostname-txyuq.foreman.pxe kernel: pci_bus 0000:3c: root bus resource [bus 3c-3f]
Sep 07 01:34:49 hostname-txyuq.foreman.pxe kernel: pci 0000:3c:00.0: [19e5:a121] type 01 class 0x060400
Sep 07 01:34:49 hostname-txyuq.foreman.pxe kernel: pci 0000:3c:00.0: enabling Extended Tags
Sep 07 01:34:49 hostname-txyuq.foreman.pxe kernel: pci 0000:3c:01.0: [19e5:a121] type 01 class 0x060400
Sep 07 01:34:49 hostname-txyuq.foreman.pxe kernel: pci 0000:3c:01.0: enabling Extended Tags
Sep 07 01:34:49 hostname-txyuq.foreman.pxe kernel: pci 0000:3c:08.0: [19e5:a12d] type 00 class 0x088000
Sep 07 01:34:49 hostname-txyuq.foreman.pxe kernel: pci 0000:3c:08.0: reg 0x18: [mem 0x815f001000-0x815f001fff 64bit pref]
Sep 07 01:34:49 hostname-txyuq.foreman.pxe kernel: pci 0000:3c:09.0: [19e5:a12e] type 00 class 0x088000
Sep 07 01:34:49 hostname-txyuq.foreman.pxe kernel: pci 0000:3c:09.0: reg 0x18: [mem 0x815f000000-0x815f000fff 64bit pref]
Sep 07 01:34:49 hostname-txyuq.foreman.pxe kernel: pci 0000:3d:00.0: [19e5:a255] type 00 class 0x100000
Sep 07 01:34:49 hostname-txyuq.foreman.pxe kernel: pci 0000:3d:00.0: reg 0x18: [mem 0x8156800000-0x8156bfffff 64bit pref]
Sep 07 01:34:49 hostname-txyuq.foreman.pxe kernel: pci 0000:3d:00.0: reg 0x20: [mem 0x00000000-0x001fffff 64bit pref]
Sep 07 01:34:49 hostname-txyuq.foreman.pxe kernel: pci 0000:3d:00.0: reg 0x22c: [mem 0x00000000-0x0000ffff 64bit pref]
Sep 07 01:34:49 hostname-txyuq.foreman.pxe kernel: pci 0000:3d:00.0: VF(n) BAR2 space: [mem 0x00000000-0x003effff 64bit pref] (contains BAR2 for 63 VFs)
Sep 07 01:34:49 hostname-txyuq.foreman.pxe kernel: pci 0000:3d:00.0: reg 0x234: [mem 0x00000000-0x001fffff 64bit pref]
Sep 07 01:34:49 hostname-txyuq.foreman.pxe kernel: pci 0000:3d:00.0: VF(n) BAR4 space: [mem 0x00000000-0x07dfffff 64bit pref] (contains BAR4 for 63 VFs)
Sep 07 01:34:49 hostname-txyuq.foreman.pxe kernel: pci 0000:3e:00.0: [19e5:a258] type 00 class 0x100000
Sep 07 01:34:49 hostname-txyuq.foreman.pxe kernel: pci 0000:3e:00.0: reg 0x18: [mem 0x814e000000-0x814e3fffff 64bit pref]
Sep 07 01:34:49 hostname-txyuq.foreman.pxe kernel: pci 0000:3e:00.0: reg 0x20: [mem 0x00000000-0x001fffff 64bit pref]
Sep 07 01:34:49 hostname-txyuq.foreman.pxe kernel: pci 0000:3e:00.0: reg 0x22c: [mem 0x00000000-0x0000ffff 64bit pref]
Sep 07 01:34:49 hostname-txyuq.foreman.pxe kernel: pci 0000:3e:00.0: VF(n) BAR2 space: [mem 0x00000000-0x003effff 64bit pref] (contains BAR2 for 63 VFs)
Sep 07 01:34:49 hostname-txyuq.foreman.pxe kernel: pci 0000:3e:00.0: reg 0x234: [mem 0x00000000-0x001fffff 64bit pref]
Sep 07 01:34:49 hostname-txyuq.foreman.pxe kernel: pci 0000:3e:00.0: VF(n) BAR4 space: [mem 0x00000000-0x07dfffff 64bit pref] (contains BAR4 for 63 VFs)
Sep 07 01:34:49 hostname-txyuq.foreman.pxe kernel: pci_bus 0000:3c: on NUMA node 0
Sep 07 01:34:49 hostname-txyuq.foreman.pxe kernel: pci 0000:3c:00.0: bridge window [mem 0x00200000-0x007fffff 64bit pref] to [bus 3d] add_size 8200000 add_align 200000
Sep 07 01:34:49 hostname-txyuq.foreman.pxe kernel: pci 0000:3c:01.0: bridge window [mem 0x00200000-0x007fffff 64bit pref] to [bus 3e] add_size 8200000 add_align 200000
Sep 07 01:34:49 hostname-txyuq.foreman.pxe kernel: pci 0000:3c:00.0: BAR 15: assigned [mem 0x814e000000-0x81567fffff 64bit pref]
Sep 07 01:34:49 hostname-txyuq.foreman.pxe kernel: pci 0000:3c:01.0: BAR 15: assigned [mem 0x8156800000-0x815effffff 64bit pref]
Sep 07 01:34:49 hostname-txyuq.foreman.pxe kernel: pci 0000:3c:08.0: BAR 2: assigned [mem 0x815f000000-0x815f000fff 64bit pref]
Sep 07 01:34:49 hostname-txyuq.foreman.pxe kernel: pci 0000:3c:09.0: BAR 2: assigned [mem 0x815f001000-0x815f001fff 64bit pref]
Sep 07 01:34:49 hostname-txyuq.foreman.pxe kernel: pci 0000:3d:00.0: BAR 2: assigned [mem 0x814e000000-0x814e3fffff 64bit pref]
Sep 07 01:34:49 hostname-txyuq.foreman.pxe kernel: pci 0000:3d:00.0: BAR 4: assigned [mem 0x814e400000-0x814e5fffff 64bit pref]
Sep 07 01:34:49 hostname-txyuq.foreman.pxe kernel: pci 0000:3d:00.0: BAR 11: assigned [mem 0x814e600000-0x81563fffff 64bit pref]
Sep 07 01:34:49 hostname-txyuq.foreman.pxe kernel: pci 0000:3d:00.0: BAR 9: assigned [mem 0x8156400000-0x81567effff 64bit pref]
Sep 07 01:34:49 hostname-txyuq.foreman.pxe kernel: pci 0000:3c:00.0: PCI bridge to [bus 3d]
Sep 07 01:34:49 hostname-txyuq.foreman.pxe kernel: pci 0000:3c:00.0:   bridge window [mem 0x814e000000-0x81567fffff 64bit pref]
Sep 07 01:34:49 hostname-txyuq.foreman.pxe kernel: pci 0000:3e:00.0: BAR 2: assigned [mem 0x8156800000-0x8156bfffff 64bit pref]
Sep 07 01:34:49 hostname-txyuq.foreman.pxe kernel: pci 0000:3e:00.0: BAR 4: assigned [mem 0x8156c00000-0x8156dfffff 64bit pref]
Sep 07 01:34:49 hostname-txyuq.foreman.pxe kernel: pci 0000:3e:00.0: BAR 11: assigned [mem 0x8156e00000-0x815ebfffff 64bit pref]
Sep 07 01:34:49 hostname-txyuq.foreman.pxe kernel: pci 0000:3e:00.0: BAR 9: assigned [mem 0x815ec00000-0x815efeffff 64bit pref]
Sep 07 01:34:49 hostname-txyuq.foreman.pxe kernel: pci 0000:3c:01.0: PCI bridge to [bus 3e]
Sep 07 01:34:49 hostname-txyuq.foreman.pxe kernel: pci 0000:3c:01.0:   bridge window [mem 0x8156800000-0x815effffff 64bit pref]
Sep 07 01:34:49 hostname-txyuq.foreman.pxe kernel: pci_bus 0000:3c: resource 4 [mem 0x814e000000-0x816fffffff pref window]
Sep 07 01:34:49 hostname-txyuq.foreman.pxe kernel: pci_bus 0000:3c: resource 5 [mem 0xe0100000-0xe01fffff window]
Sep 07 01:34:49 hostname-txyuq.foreman.pxe kernel: pci_bus 0000:3d: resource 2 [mem 0x814e000000-0x81567fffff 64bit pref]
Sep 07 01:34:49 hostname-txyuq.foreman.pxe kernel: pci_bus 0000:3e: resource 2 [mem 0x8156800000-0x815effffff 64bit pref]
Sep 07 01:34:49 hostname-txyuq.foreman.pxe kernel: ACPI: PCI Root Bridge [PC34] (domain 0000 [bus 80-94])
Sep 07 01:34:49 hostname-txyuq.foreman.pxe kernel: acpi PNP0A08:0f: _OSC: OS supports [ExtendedConfig ASPM ClockPM Segments MSI EDR HPX-Type3]
Sep 07 01:34:49 hostname-txyuq.foreman.pxe kernel: acpi PNP0A08:0f: _OSC: platform does not support [SHPCHotplug AER LTR DPC]
Sep 07 01:34:49 hostname-txyuq.foreman.pxe kernel: acpi PNP0A08:0f: _OSC: OS now controls [PCIeHotplug PME PCIeCapability]
Sep 07 01:34:49 hostname-txyuq.foreman.pxe kernel: acpi PNP0A08:0f: ECAM area [mem 0xd8000000-0xd94fffff] reserved by PNP0C02:00
Sep 07 01:34:49 hostname-txyuq.foreman.pxe kernel: acpi PNP0A08:0f: ECAM at [mem 0xd8000000-0xd94fffff] for [bus 80-94]
Sep 07 01:34:49 hostname-txyuq.foreman.pxe kernel: ACPI: Remapped I/O 0x00000000b7f00000 to [io  0x50000-0x5ffff window]
Sep 07 01:34:49 hostname-txyuq.foreman.pxe kernel: PCI host bridge to bus 0000:80
Sep 07 01:34:49 hostname-txyuq.foreman.pxe kernel: pci_bus 0000:80: root bus resource [mem 0x300000000000-0x309fffffffff pref window]
Sep 07 01:34:49 hostname-txyuq.foreman.pxe kernel: pci_bus 0000:80: root bus resource [mem 0xa0000000-0xa7ffffff window]
Sep 07 01:34:49 hostname-txyuq.foreman.pxe kernel: pci_bus 0000:80: root bus resource [io  0x50000-0x5ffff window] (bus address [0xb7f00000-0xb7f0ffff])
Sep 07 01:34:49 hostname-txyuq.foreman.pxe kernel: pci_bus 0000:80: root bus resource [bus 80-94]
Sep 07 01:34:49 hostname-txyuq.foreman.pxe kernel: pci_bus 0000:80: on NUMA node 3
Sep 07 01:34:49 hostname-txyuq.foreman.pxe kernel: pci_bus 0000:80: resource 4 [mem 0x300000000000-0x309fffffffff pref window]
Sep 07 01:34:49 hostname-txyuq.foreman.pxe kernel: pci_bus 0000:80: resource 5 [mem 0xa0000000-0xa7ffffff window]
Sep 07 01:34:49 hostname-txyuq.foreman.pxe kernel: pci_bus 0000:80: resource 6 [io  0x50000-0x5ffff window]
Sep 07 01:34:49 hostname-txyuq.foreman.pxe kernel: ACPI: PCI Root Bridge [PC35] (domain 0000 [bus 95-a9])
Sep 07 01:34:49 hostname-txyuq.foreman.pxe kernel: acpi PNP0A08:10: _OSC: OS supports [ExtendedConfig ASPM ClockPM Segments MSI EDR HPX-Type3]
Sep 07 01:34:49 hostname-txyuq.foreman.pxe kernel: acpi PNP0A08:10: _OSC: platform does not support [SHPCHotplug AER LTR DPC]
Sep 07 01:34:49 hostname-txyuq.foreman.pxe kernel: acpi PNP0A08:10: _OSC: OS now controls [PCIeHotplug PME PCIeCapability]
Sep 07 01:34:49 hostname-txyuq.foreman.pxe kernel: acpi PNP0A08:10: ECAM area [mem 0xd9500000-0xda9fffff] reserved by PNP0C02:00
Sep 07 01:34:49 hostname-txyuq.foreman.pxe kernel: acpi PNP0A08:10: ECAM at [mem 0xd9500000-0xda9fffff] for [bus 95-a9]
Sep 07 01:34:49 hostname-txyuq.foreman.pxe kernel: ACPI: Remapped I/O 0x00000000b7f10000 to [io  0x60000-0x6ffff window]
Sep 07 01:34:49 hostname-txyuq.foreman.pxe kernel: PCI host bridge to bus 0000:95
Sep 07 01:34:49 hostname-txyuq.foreman.pxe kernel: pci_bus 0000:95: root bus resource [mem 0x30a000000000-0x313fffffffff pref window]
Sep 07 01:34:49 hostname-txyuq.foreman.pxe kernel: pci_bus 0000:95: root bus resource [mem 0xa8000000-0xafffffff window]
Sep 07 01:34:49 hostname-txyuq.foreman.pxe kernel: pci_bus 0000:95: root bus resource [io  0x60000-0x6ffff window] (bus address [0xb7f10000-0xb7f1ffff])
Sep 07 01:34:49 hostname-txyuq.foreman.pxe kernel: pci_bus 0000:95: root bus resource [bus 95-a9]
Sep 07 01:34:49 hostname-txyuq.foreman.pxe kernel: pci_bus 0000:95: on NUMA node 3
Sep 07 01:34:49 hostname-txyuq.foreman.pxe kernel: pci_bus 0000:95: resource 4 [mem 0x30a000000000-0x313fffffffff pref window]
Sep 07 01:34:49 hostname-txyuq.foreman.pxe kernel: pci_bus 0000:95: resource 5 [mem 0xa8000000-0xafffffff window]
Sep 07 01:34:49 hostname-txyuq.foreman.pxe kernel: pci_bus 0000:95: resource 6 [io  0x60000-0x6ffff window]
Sep 07 01:34:49 hostname-txyuq.foreman.pxe kernel: ACPI: PCI Root Bridge [PC36] (domain 0000 [bus aa-bd])
Sep 07 01:34:49 hostname-txyuq.foreman.pxe kernel: acpi PNP0A08:11: _OSC: OS supports [ExtendedConfig ASPM ClockPM Segments MSI EDR HPX-Type3]
Sep 07 01:34:49 hostname-txyuq.foreman.pxe kernel: acpi PNP0A08:11: _OSC: platform does not support [SHPCHotplug AER LTR DPC]
Sep 07 01:34:49 hostname-txyuq.foreman.pxe kernel: acpi PNP0A08:11: _OSC: OS now controls [PCIeHotplug PME PCIeCapability]
Sep 07 01:34:49 hostname-txyuq.foreman.pxe kernel: acpi PNP0A08:11: ECAM area [mem 0xdaa00000-0xdbdfffff] reserved by PNP0C02:00
Sep 07 01:34:49 hostname-txyuq.foreman.pxe kernel: acpi PNP0A08:11: ECAM at [mem 0xdaa00000-0xdbdfffff] for [bus aa-bd]
Sep 07 01:34:49 hostname-txyuq.foreman.pxe kernel: ACPI: Remapped I/O 0x00000000b7f20000 to [io  0x70000-0x7ffff window]
Sep 07 01:34:49 hostname-txyuq.foreman.pxe kernel: PCI host bridge to bus 0000:aa
Sep 07 01:34:49 hostname-txyuq.foreman.pxe kernel: pci_bus 0000:aa: root bus resource [mem 0x314000000000-0x31dfffffffff pref window]
Sep 07 01:34:49 hostname-txyuq.foreman.pxe kernel: pci_bus 0000:aa: root bus resource [mem 0xb0000000-0xb7dfffff window]
Sep 07 01:34:49 hostname-txyuq.foreman.pxe kernel: pci_bus 0000:aa: root bus resource [io  0x70000-0x7ffff window] (bus address [0xb7f20000-0xb7f2ffff])
Sep 07 01:34:49 hostname-txyuq.foreman.pxe kernel: pci_bus 0000:aa: root bus resource [bus aa-bd]
Sep 07 01:34:49 hostname-txyuq.foreman.pxe kernel: pci 0000:aa:00.0: [19e5:a120] type 01 class 0x060400
Sep 07 01:34:49 hostname-txyuq.foreman.pxe kernel: pci 0000:aa:00.0: PME# supported from D0 D1 D2 D3hot D3cold
Sep 07 01:34:49 hostname-txyuq.foreman.pxe kernel: pci 0000:aa:02.0: [19e5:a120] type 01 class 0x060400
Sep 07 01:34:49 hostname-txyuq.foreman.pxe kernel: pci 0000:aa:02.0: PME# supported from D0 D1 D2 D3hot D3cold
Sep 07 01:34:49 hostname-txyuq.foreman.pxe kernel: pci 0000:aa:04.0: [19e5:a120] type 01 class 0x060400
Sep 07 01:34:49 hostname-txyuq.foreman.pxe kernel: pci 0000:aa:04.0: PME# supported from D0 D1 D2 D3hot D3cold
Sep 07 01:34:49 hostname-txyuq.foreman.pxe kernel: pci 0000:aa:06.0: [19e5:a120] type 01 class 0x060400
Sep 07 01:34:49 hostname-txyuq.foreman.pxe kernel: pci 0000:aa:06.0: PME# supported from D0 D1 D2 D3hot D3cold
Sep 07 01:34:49 hostname-txyuq.foreman.pxe kernel: pci 0000:ad:00.0: [19e5:37d4] type 00 class 0x010802
Sep 07 01:34:49 hostname-txyuq.foreman.pxe kernel: pci 0000:ad:00.0: reg 0x10: [mem 0xb0040000-0xb004ffff 64bit]
Sep 07 01:34:49 hostname-txyuq.foreman.pxe kernel: pci 0000:ad:00.0: reg 0x24: [mem 0xb0020000-0xb003ffff]
Sep 07 01:34:49 hostname-txyuq.foreman.pxe kernel: pci 0000:ad:00.0: reg 0x30: [mem 0xfffe0000-0xffffffff pref]
Sep 07 01:34:49 hostname-txyuq.foreman.pxe kernel: pci 0000:ad:00.0: PME# supported from D0 D1 D2 D3hot D3cold
Sep 07 01:34:49 hostname-txyuq.foreman.pxe kernel: pci_bus 0000:aa: on NUMA node 3
Sep 07 01:34:49 hostname-txyuq.foreman.pxe kernel: pci 0000:aa:00.0: PCI bridge to [bus ab]
Sep 07 01:34:49 hostname-txyuq.foreman.pxe kernel: pci 0000:aa:02.0: PCI bridge to [bus ac]
Sep 07 01:34:49 hostname-txyuq.foreman.pxe kernel: pci 0000:aa:04.0: PCI bridge to [bus ad]
Sep 07 01:34:49 hostname-txyuq.foreman.pxe kernel: pci 0000:aa:04.0:   bridge window [mem 0xb0000000-0xb00fffff]
Sep 07 01:34:49 hostname-txyuq.foreman.pxe kernel: pci 0000:aa:06.0: PCI bridge to [bus ae]
Sep 07 01:34:49 hostname-txyuq.foreman.pxe kernel: pci 0000:ad:00.0: can't claim BAR 6 [mem 0xfffe0000-0xffffffff pref]: no compatible bridge window
Sep 07 01:34:49 hostname-txyuq.foreman.pxe kernel: pci 0000:aa:00.0: bridge window [io  0x1000-0x0fff] to [bus ab] add_size 1000
Sep 07 01:34:49 hostname-txyuq.foreman.pxe kernel: pci 0000:aa:00.0: bridge window [mem 0x00100000-0x000fffff 64bit pref] to [bus ab] add_size 200000 add_align 100000
Sep 07 01:34:49 hostname-txyuq.foreman.pxe kernel: pci 0000:aa:00.0: bridge window [mem 0x00100000-0x000fffff] to [bus ab] add_size 200000 add_align 100000
Sep 07 01:34:49 hostname-txyuq.foreman.pxe kernel: pci 0000:aa:02.0: bridge window [io  0x1000-0x0fff] to [bus ac] add_size 1000
Sep 07 01:34:49 hostname-txyuq.foreman.pxe kernel: pci 0000:aa:02.0: bridge window [mem 0x00100000-0x000fffff 64bit pref] to [bus ac] add_size 200000 add_align 100000
Sep 07 01:34:49 hostname-txyuq.foreman.pxe kernel: pci 0000:aa:02.0: bridge window [mem 0x00100000-0x000fffff] to [bus ac] add_size 200000 add_align 100000
Sep 07 01:34:49 hostname-txyuq.foreman.pxe kernel: pci 0000:aa:04.0: bridge window [io  0x1000-0x0fff] to [bus ad] add_size 1000
Sep 07 01:34:49 hostname-txyuq.foreman.pxe kernel: pci 0000:aa:04.0: bridge window [mem 0x00100000-0x000fffff 64bit pref] to [bus ad] add_size 200000 add_align 100000
Sep 07 01:34:49 hostname-txyuq.foreman.pxe kernel: pci 0000:aa:06.0: bridge window [io  0x1000-0x0fff] to [bus ae] add_size 1000
Sep 07 01:34:49 hostname-txyuq.foreman.pxe kernel: pci 0000:aa:06.0: bridge window [mem 0x00100000-0x000fffff 64bit pref] to [bus ae] add_size 200000 add_align 100000
Sep 07 01:34:49 hostname-txyuq.foreman.pxe kernel: pci 0000:aa:06.0: bridge window [mem 0x00100000-0x000fffff] to [bus ae] add_size 200000 add_align 100000
Sep 07 01:34:49 hostname-txyuq.foreman.pxe kernel: pci 0000:aa:00.0: BAR 14: assigned [mem 0xb0100000-0xb02fffff]
Sep 07 01:34:49 hostname-txyuq.foreman.pxe kernel: pci 0000:aa:00.0: BAR 15: assigned [mem 0x314000000000-0x3140001fffff 64bit pref]
Sep 07 01:34:49 hostname-txyuq.foreman.pxe kernel: pci 0000:aa:02.0: BAR 14: assigned [mem 0xb0300000-0xb04fffff]
Sep 07 01:34:49 hostname-txyuq.foreman.pxe kernel: pci 0000:aa:02.0: BAR 15: assigned [mem 0x314000200000-0x3140003fffff 64bit pref]
Sep 07 01:34:49 hostname-txyuq.foreman.pxe kernel: pci 0000:aa:04.0: BAR 15: assigned [mem 0x314000400000-0x3140005fffff 64bit pref]
Sep 07 01:34:49 hostname-txyuq.foreman.pxe kernel: pci 0000:aa:06.0: BAR 14: assigned [mem 0xb0500000-0xb06fffff]
Sep 07 01:34:49 hostname-txyuq.foreman.pxe kernel: pci 0000:aa:06.0: BAR 15: assigned [mem 0x314000600000-0x3140007fffff 64bit pref]
Sep 07 01:34:49 hostname-txyuq.foreman.pxe kernel: pci 0000:aa:00.0: BAR 13: assigned [io  0x70000-0x70fff]
Sep 07 01:34:49 hostname-txyuq.foreman.pxe kernel: pci 0000:aa:02.0: BAR 13: assigned [io  0x71000-0x71fff]
Sep 07 01:34:49 hostname-txyuq.foreman.pxe kernel: pci 0000:aa:04.0: BAR 13: assigned [io  0x72000-0x72fff]
Sep 07 01:34:49 hostname-txyuq.foreman.pxe kernel: pci 0000:aa:06.0: BAR 13: assigned [io  0x73000-0x73fff]
Sep 07 01:34:49 hostname-txyuq.foreman.pxe kernel: pci 0000:aa:00.0: PCI bridge to [bus ab]
Sep 07 01:34:49 hostname-txyuq.foreman.pxe kernel: pci 0000:aa:00.0:   bridge window [io  0x70000-0x70fff]
Sep 07 01:34:49 hostname-txyuq.foreman.pxe kernel: pci 0000:aa:00.0:   bridge window [mem 0xb0100000-0xb02fffff]
Sep 07 01:34:49 hostname-txyuq.foreman.pxe kernel: pci 0000:aa:00.0:   bridge window [mem 0x314000000000-0x3140001fffff 64bit pref]
Sep 07 01:34:49 hostname-txyuq.foreman.pxe kernel: pci 0000:aa:02.0: PCI bridge to [bus ac]
Sep 07 01:34:49 hostname-txyuq.foreman.pxe kernel: pci 0000:aa:02.0:   bridge window [io  0x71000-0x71fff]
Sep 07 01:34:49 hostname-txyuq.foreman.pxe kernel: pci 0000:aa:02.0:   bridge window [mem 0xb0300000-0xb04fffff]
Sep 07 01:34:49 hostname-txyuq.foreman.pxe kernel: pci 0000:aa:02.0:   bridge window [mem 0x314000200000-0x3140003fffff 64bit pref]
Sep 07 01:34:49 hostname-txyuq.foreman.pxe kernel: pci 0000:ad:00.0: BAR 6: assigned [mem 0xb0000000-0xb001ffff pref]
Sep 07 01:34:49 hostname-txyuq.foreman.pxe kernel: pci 0000:aa:04.0: PCI bridge to [bus ad]
Sep 07 01:34:49 hostname-txyuq.foreman.pxe kernel: pci 0000:aa:04.0:   bridge window [io  0x72000-0x72fff]
Sep 07 01:34:49 hostname-txyuq.foreman.pxe kernel: pci 0000:aa:04.0:   bridge window [mem 0xb0000000-0xb00fffff]
Sep 07 01:34:49 hostname-txyuq.foreman.pxe kernel: pci 0000:aa:04.0:   bridge window [mem 0x314000400000-0x3140005fffff 64bit pref]
Sep 07 01:34:49 hostname-txyuq.foreman.pxe kernel: pci 0000:aa:06.0: PCI bridge to [bus ae]
Sep 07 01:34:49 hostname-txyuq.foreman.pxe kernel: pci 0000:aa:06.0:   bridge window [io  0x73000-0x73fff]
Sep 07 01:34:49 hostname-txyuq.foreman.pxe kernel: pci 0000:aa:06.0:   bridge window [mem 0xb0500000-0xb06fffff]
Sep 07 01:34:49 hostname-txyuq.foreman.pxe kernel: pci 0000:aa:06.0:   bridge window [mem 0x314000600000-0x3140007fffff 64bit pref]
Sep 07 01:34:49 hostname-txyuq.foreman.pxe kernel: pci_bus 0000:aa: resource 4 [mem 0x314000000000-0x31dfffffffff pref window]
Sep 07 01:34:49 hostname-txyuq.foreman.pxe kernel: pci_bus 0000:aa: resource 5 [mem 0xb0000000-0xb7dfffff window]
Sep 07 01:34:49 hostname-txyuq.foreman.pxe kernel: pci_bus 0000:aa: resource 6 [io  0x70000-0x7ffff window]
Sep 07 01:34:49 hostname-txyuq.foreman.pxe kernel: pci_bus 0000:ab: resource 0 [io  0x70000-0x70fff]
Sep 07 01:34:49 hostname-txyuq.foreman.pxe kernel: pci_bus 0000:ab: resource 1 [mem 0xb0100000-0xb02fffff]
Sep 07 01:34:49 hostname-txyuq.foreman.pxe kernel: pci_bus 0000:ab: resource 2 [mem 0x314000000000-0x3140001fffff 64bit pref]
Sep 07 01:34:49 hostname-txyuq.foreman.pxe kernel: pci_bus 0000:ac: resource 0 [io  0x71000-0x71fff]
Sep 07 01:34:49 hostname-txyuq.foreman.pxe kernel: pci_bus 0000:ac: resource 1 [mem 0xb0300000-0xb04fffff]
Sep 07 01:34:49 hostname-txyuq.foreman.pxe kernel: pci_bus 0000:ac: resource 2 [mem 0x314000200000-0x3140003fffff 64bit pref]
Sep 07 01:34:49 hostname-txyuq.foreman.pxe kernel: pci_bus 0000:ad: resource 0 [io  0x72000-0x72fff]
Sep 07 01:34:49 hostname-txyuq.foreman.pxe kernel: pci_bus 0000:ad: resource 1 [mem 0xb0000000-0xb00fffff]
Sep 07 01:34:49 hostname-txyuq.foreman.pxe kernel: pci_bus 0000:ad: resource 2 [mem 0x314000400000-0x3140005fffff 64bit pref]
Sep 07 01:34:49 hostname-txyuq.foreman.pxe kernel: pci_bus 0000:ae: resource 0 [io  0x73000-0x73fff]
Sep 07 01:34:49 hostname-txyuq.foreman.pxe kernel: pci_bus 0000:ae: resource 1 [mem 0xb0500000-0xb06fffff]
Sep 07 01:34:49 hostname-txyuq.foreman.pxe kernel: pci_bus 0000:ae: resource 2 [mem 0x314000600000-0x3140007fffff 64bit pref]
Sep 07 01:34:49 hostname-txyuq.foreman.pxe kernel: ACPI: PCI Root Bridge [PC38] (domain 0000 [bus c0-d4])
Sep 07 01:34:49 hostname-txyuq.foreman.pxe kernel: acpi PNP0A08:12: _OSC: OS supports [ExtendedConfig ASPM ClockPM Segments MSI EDR HPX-Type3]
Sep 07 01:34:49 hostname-txyuq.foreman.pxe kernel: acpi PNP0A08:12: _OSC: platform does not support [SHPCHotplug AER LTR DPC]
Sep 07 01:34:49 hostname-txyuq.foreman.pxe kernel: acpi PNP0A08:12: _OSC: OS now controls [PCIeHotplug PME PCIeCapability]
Sep 07 01:34:49 hostname-txyuq.foreman.pxe kernel: acpi PNP0A08:12: ECAM area [mem 0xdc000000-0xdd4fffff] reserved by PNP0C02:00
Sep 07 01:34:49 hostname-txyuq.foreman.pxe kernel: acpi PNP0A08:12: ECAM at [mem 0xdc000000-0xdd4fffff] for [bus c0-d4]
Sep 07 01:34:49 hostname-txyuq.foreman.pxe kernel: ACPI: Remapped I/O 0x00000000bff00000 to [io  0x80000-0x8ffff window]
Sep 07 01:34:49 hostname-txyuq.foreman.pxe kernel: PCI host bridge to bus 0000:c0
Sep 07 01:34:49 hostname-txyuq.foreman.pxe kernel: pci_bus 0000:c0: root bus resource [mem 0x320000000000-0x329fffffffff pref window]
Sep 07 01:34:49 hostname-txyuq.foreman.pxe kernel: pci_bus 0000:c0: root bus resource [mem 0xb8000000-0xb9ffffff window]
Sep 07 01:34:49 hostname-txyuq.foreman.pxe kernel: pci_bus 0000:c0: root bus resource [io  0x80000-0x8ffff window] (bus address [0xbff00000-0xbff0ffff])
Sep 07 01:34:49 hostname-txyuq.foreman.pxe kernel: pci_bus 0000:c0: root bus resource [bus c0-d4]
Sep 07 01:34:49 hostname-txyuq.foreman.pxe kernel: pci 0000:c0:00.0: [19e5:a120] type 01 class 0x060400
Sep 07 01:34:49 hostname-txyuq.foreman.pxe kernel: pci 0000:c0:00.0: PME# supported from D0 D1 D2 D3hot D3cold
Sep 07 01:34:49 hostname-txyuq.foreman.pxe kernel: pci 0000:c1:00.0: [19e5:0225] type 00 class 0x020000
Sep 07 01:34:49 hostname-txyuq.foreman.pxe kernel: pci 0000:c1:00.0: reg 0x10: [mem 0xb8a00000-0xb8a0ffff pref]
Sep 07 01:34:49 hostname-txyuq.foreman.pxe kernel: pci 0000:c1:00.0: reg 0x14: [mem 0xb8c30000-0xb8c3ffff]
Sep 07 01:34:49 hostname-txyuq.foreman.pxe kernel: pci 0000:c1:00.0: reg 0x18: [mem 0xb8c40000-0xb8c47fff pref]
Sep 07 01:34:49 hostname-txyuq.foreman.pxe kernel: pci 0000:c1:00.0: reg 0x1c: [mem 0xb8c20000-0xb8c2ffff]
Sep 07 01:34:49 hostname-txyuq.foreman.pxe kernel: pci 0000:c1:00.0: reg 0x20: [mem 0x32001ad50000-0x32001ad5ffff 64bit pref]
Sep 07 01:34:49 hostname-txyuq.foreman.pxe kernel: pci 0000:c1:00.0: PME# supported from D0 D3hot
Sep 07 01:34:49 hostname-txyuq.foreman.pxe kernel: pci 0000:c1:00.1: [19e5:0225] type 00 class 0x020000
Sep 07 01:34:49 hostname-txyuq.foreman.pxe kernel: pci 0000:c1:00.1: reg 0x10: [mem 0xb8a10000-0xb8a1ffff pref]
Sep 07 01:34:49 hostname-txyuq.foreman.pxe kernel: pci 0000:c1:00.1: reg 0x14: [mem 0xb8c10000-0xb8c1ffff]
Sep 07 01:34:49 hostname-txyuq.foreman.pxe kernel: pci 0000:c1:00.1: reg 0x18: [mem 0xb8c48000-0xb8c4ffff pref]
Sep 07 01:34:49 hostname-txyuq.foreman.pxe kernel: pci 0000:c1:00.1: reg 0x1c: [mem 0xb8c00000-0xb8c0ffff]
Sep 07 01:34:49 hostname-txyuq.foreman.pxe kernel: pci 0000:c1:00.1: reg 0x20: [mem 0x320000400000-0x3200007fffff 64bit pref]
Sep 07 01:34:49 hostname-txyuq.foreman.pxe kernel: pci 0000:c1:00.1: reg 0x30: [mem 0xfff00000-0xffffffff pref]
Sep 07 01:34:49 hostname-txyuq.foreman.pxe kernel: pci 0000:c1:00.1: PME# supported from D0 D3hot
Sep 07 01:34:49 hostname-txyuq.foreman.pxe kernel: pci 0000:c1:00.1: reg 0x224: [mem 0x32001ab50000-0x32001ab53fff 64bit pref]
Sep 07 01:34:49 hostname-txyuq.foreman.pxe kernel: pci 0000:c1:00.1: VF(n) BAR0 space: [mem 0x32001ab50000-0x32001abcffff 64bit pref] (contains BAR0 for 32 VFs)
Sep 07 01:34:49 hostname-txyuq.foreman.pxe kernel: pci 0000:c1:00.1: reg 0x22c: [mem 0x32001a950000-0x32001a957fff 64bit pref]
Sep 07 01:34:49 hostname-txyuq.foreman.pxe kernel: pci 0000:c1:00.1: VF(n) BAR2 space: [mem 0x32001a950000-0x32001aa4ffff 64bit pref] (contains BAR2 for 32 VFs)
Sep 07 01:34:49 hostname-txyuq.foreman.pxe kernel: pci 0000:c1:00.1: reg 0x234: [mem 0x320002800000-0x3200028fffff 64bit pref]
Sep 07 01:34:49 hostname-txyuq.foreman.pxe kernel: pci 0000:c1:00.1: VF(n) BAR4 space: [mem 0x320002800000-0x3200047fffff 64bit pref] (contains BAR4 for 32 VFs)
Sep 07 01:34:49 hostname-txyuq.foreman.pxe kernel: pci 0000:c1:00.2: [19e5:0225] type 00 class 0x020000
Sep 07 01:34:49 hostname-txyuq.foreman.pxe kernel: pci 0000:c1:00.2: reg 0x10: [mem 0xb8a20000-0xb8a2ffff pref]
Sep 07 01:34:49 hostname-txyuq.foreman.pxe kernel: pci 0000:c1:00.2: reg 0x14: [mem 0xb8bf0000-0xb8bfffff]
Sep 07 01:34:49 hostname-txyuq.foreman.pxe kernel: pci 0000:c1:00.2: reg 0x18: [mem 0xb8c50000-0xb8c57fff pref]
Sep 07 01:34:49 hostname-txyuq.foreman.pxe kernel: pci 0000:c1:00.2: reg 0x1c: [mem 0xb8be0000-0xb8beffff]
Sep 07 01:34:49 hostname-txyuq.foreman.pxe kernel: pci 0000:c1:00.2: reg 0x20: [mem 0x320000000000-0x3200003fffff 64bit pref]
Sep 07 01:34:49 hostname-txyuq.foreman.pxe kernel: pci 0000:c1:00.2: PME# supported from D0 D3hot
Sep 07 01:34:49 hostname-txyuq.foreman.pxe kernel: pci 0000:c1:00.2: reg 0x224: [mem 0x32001a750000-0x32001a753fff 64bit pref]
Sep 07 01:34:49 hostname-txyuq.foreman.pxe kernel: pci 0000:c1:00.2: VF(n) BAR0 space: [mem 0x32001a750000-0x32001a7cffff 64bit pref] (contains BAR0 for 32 VFs)
Sep 07 01:34:49 hostname-txyuq.foreman.pxe kernel: pci 0000:c1:00.2: reg 0x22c: [mem 0x32001a550000-0x32001a557fff 64bit pref]
Sep 07 01:34:49 hostname-txyuq.foreman.pxe kernel: pci 0000:c1:00.2: VF(n) BAR2 space: [mem 0x32001a550000-0x32001a64ffff 64bit pref] (contains BAR2 for 32 VFs)
Sep 07 01:34:49 hostname-txyuq.foreman.pxe kernel: pci 0000:c1:00.2: reg 0x234: [mem 0x320000800000-0x3200008fffff 64bit pref]
Sep 07 01:34:49 hostname-txyuq.foreman.pxe kernel: pci 0000:c1:00.2: VF(n) BAR4 space: [mem 0x320000800000-0x3200027fffff 64bit pref] (contains BAR4 for 32 VFs)
Sep 07 01:34:49 hostname-txyuq.foreman.pxe kernel: pci 0000:c1:00.3: [1af4:0996] type 00 class 0x020000
Sep 07 01:34:49 hostname-txyuq.foreman.pxe kernel: pci 0000:c1:00.3: reg 0x10: [mem 0xb8a30000-0xb8a3ffff pref]
Sep 07 01:34:49 hostname-txyuq.foreman.pxe kernel: pci 0000:c1:00.3: reg 0x14: [mem 0xb8bd0000-0xb8bdffff]
Sep 07 01:34:49 hostname-txyuq.foreman.pxe kernel: pci 0000:c1:00.3: reg 0x18: [mem 0xb8c58000-0xb8c5ffff pref]
Sep 07 01:34:49 hostname-txyuq.foreman.pxe kernel: pci 0000:c1:00.3: reg 0x1c: [mem 0xb8bc0000-0xb8bcffff]
Sep 07 01:34:49 hostname-txyuq.foreman.pxe kernel: pci 0000:c1:00.3: reg 0x20: [mem 0x32001a540000-0x32001a54ffff 64bit pref]
Sep 07 01:34:49 hostname-txyuq.foreman.pxe kernel: pci 0000:c1:00.3: reg 0x30: [mem 0xfff00000-0xffffffff pref]
Sep 07 01:34:49 hostname-txyuq.foreman.pxe kernel: pci 0000:c1:00.3: PME# supported from D0 D3hot
Sep 07 01:34:49 hostname-txyuq.foreman.pxe kernel: pci 0000:c1:00.3: reg 0x224: [mem 0x320019640000-0x320019643fff 64bit pref]
Sep 07 01:34:49 hostname-txyuq.foreman.pxe kernel: pci 0000:c1:00.3: VF(n) BAR0 space: [mem 0x320019640000-0x3200199fffff 64bit pref] (contains BAR0 for 240 VFs)
Sep 07 01:34:49 hostname-txyuq.foreman.pxe kernel: pci 0000:c1:00.3: reg 0x22c: [mem 0x320018740000-0x320018747fff 64bit pref]
Sep 07 01:34:49 hostname-txyuq.foreman.pxe kernel: pci 0000:c1:00.3: VF(n) BAR2 space: [mem 0x320018740000-0x320018ebffff 64bit pref] (contains BAR2 for 240 VFs)
Sep 07 01:34:49 hostname-txyuq.foreman.pxe kernel: pci 0000:c1:00.3: reg 0x234: [mem 0x320017840000-0x320017843fff 64bit pref]
Sep 07 01:34:49 hostname-txyuq.foreman.pxe kernel: pci 0000:c1:00.3: VF(n) BAR4 space: [mem 0x320017840000-0x320017bfffff 64bit pref] (contains BAR4 for 240 VFs)
Sep 07 01:34:49 hostname-txyuq.foreman.pxe kernel: pci 0000:c1:00.4: [1af4:0996] type 00 class 0x020000
Sep 07 01:34:49 hostname-txyuq.foreman.pxe kernel: pci 0000:c1:00.4: reg 0x10: [mem 0xb8a40000-0xb8a4ffff pref]
Sep 07 01:34:49 hostname-txyuq.foreman.pxe kernel: pci 0000:c1:00.4: reg 0x14: [mem 0xb8bb0000-0xb8bbffff]
Sep 07 01:34:49 hostname-txyuq.foreman.pxe kernel: pci 0000:c1:00.4: reg 0x18: [mem 0xb8c60000-0xb8c67fff pref]
Sep 07 01:34:49 hostname-txyuq.foreman.pxe kernel: pci 0000:c1:00.4: reg 0x1c: [mem 0xb8ba0000-0xb8baffff]
Sep 07 01:34:49 hostname-txyuq.foreman.pxe kernel: pci 0000:c1:00.4: reg 0x20: [mem 0x320017830000-0x32001783ffff 64bit pref]
Sep 07 01:34:49 hostname-txyuq.foreman.pxe kernel: pci 0000:c1:00.4: reg 0x30: [mem 0xfff00000-0xffffffff pref]
Sep 07 01:34:49 hostname-txyuq.foreman.pxe kernel: pci 0000:c1:00.4: PME# supported from D0 D3hot
Sep 07 01:34:49 hostname-txyuq.foreman.pxe kernel: pci 0000:c1:00.4: reg 0x224: [mem 0x320016930000-0x320016933fff 64bit pref]
Sep 07 01:34:49 hostname-txyuq.foreman.pxe kernel: pci 0000:c1:00.4: VF(n) BAR0 space: [mem 0x320016930000-0x320016ceffff 64bit pref] (contains BAR0 for 240 VFs)
Sep 07 01:34:49 hostname-txyuq.foreman.pxe kernel: pci 0000:c1:00.4: reg 0x22c: [mem 0x320015a30000-0x320015a37fff 64bit pref]
Sep 07 01:34:49 hostname-txyuq.foreman.pxe kernel: pci 0000:c1:00.4: VF(n) BAR2 space: [mem 0x320015a30000-0x3200161affff 64bit pref] (contains BAR2 for 240 VFs)
Sep 07 01:34:49 hostname-txyuq.foreman.pxe kernel: pci 0000:c1:00.4: reg 0x234: [mem 0x320014b30000-0x320014b33fff 64bit pref]
Sep 07 01:34:49 hostname-txyuq.foreman.pxe kernel: pci 0000:c1:00.4: VF(n) BAR4 space: [mem 0x320014b30000-0x320014eeffff 64bit pref] (contains BAR4 for 240 VFs)
Sep 07 01:34:49 hostname-txyuq.foreman.pxe kernel: pci 0000:c1:00.5: [1af4:0996] type 00 class 0x020000
Sep 07 01:34:49 hostname-txyuq.foreman.pxe kernel: pci 0000:c1:00.5: reg 0x10: [mem 0xb8a50000-0xb8a5ffff pref]
Sep 07 01:34:49 hostname-txyuq.foreman.pxe kernel: pci 0000:c1:00.5: reg 0x14: [mem 0xb8b90000-0xb8b9ffff]
Sep 07 01:34:49 hostname-txyuq.foreman.pxe kernel: pci 0000:c1:00.5: reg 0x18: [mem 0xb8c68000-0xb8c6ffff pref]
Sep 07 01:34:49 hostname-txyuq.foreman.pxe kernel: pci 0000:c1:00.5: reg 0x1c: [mem 0xb8b80000-0xb8b8ffff]
Sep 07 01:34:49 hostname-txyuq.foreman.pxe kernel: pci 0000:c1:00.5: reg 0x20: [mem 0x320014b20000-0x320014b2ffff 64bit pref]
Sep 07 01:34:49 hostname-txyuq.foreman.pxe kernel: pci 0000:c1:00.5: reg 0x30: [mem 0xfff00000-0xffffffff pref]
Sep 07 01:34:49 hostname-txyuq.foreman.pxe kernel: pci 0000:c1:00.5: PME# supported from D0 D3hot
Sep 07 01:34:49 hostname-txyuq.foreman.pxe kernel: pci 0000:c1:00.5: reg 0x224: [mem 0x320013c20000-0x320013c23fff 64bit pref]
Sep 07 01:34:49 hostname-txyuq.foreman.pxe kernel: pci 0000:c1:00.5: VF(n) BAR0 space: [mem 0x320013c20000-0x320013fdffff 64bit pref] (contains BAR0 for 240 VFs)
Sep 07 01:34:49 hostname-txyuq.foreman.pxe kernel: pci 0000:c1:00.5: reg 0x22c: [mem 0x320012d20000-0x320012d27fff 64bit pref]
Sep 07 01:34:49 hostname-txyuq.foreman.pxe kernel: pci 0000:c1:00.5: VF(n) BAR2 space: [mem 0x320012d20000-0x32001349ffff 64bit pref] (contains BAR2 for 240 VFs)
Sep 07 01:34:49 hostname-txyuq.foreman.pxe kernel: pci 0000:c1:00.5: reg 0x234: [mem 0x320011e20000-0x320011e23fff 64bit pref]
Sep 07 01:34:49 hostname-txyuq.foreman.pxe kernel: pci 0000:c1:00.5: VF(n) BAR4 space: [mem 0x320011e20000-0x3200121dffff 64bit pref] (contains BAR4 for 240 VFs)
Sep 07 01:34:49 hostname-txyuq.foreman.pxe kernel: pci 0000:c1:00.6: [1af4:0996] type 00 class 0x020000
Sep 07 01:34:49 hostname-txyuq.foreman.pxe kernel: pci 0000:c1:00.6: reg 0x10: [mem 0xb8a60000-0xb8a6ffff pref]
Sep 07 01:34:49 hostname-txyuq.foreman.pxe kernel: pci 0000:c1:00.6: reg 0x14: [mem 0xb8b70000-0xb8b7ffff]
Sep 07 01:34:49 hostname-txyuq.foreman.pxe kernel: pci 0000:c1:00.6: reg 0x18: [mem 0xb8c70000-0xb8c77fff pref]
Sep 07 01:34:49 hostname-txyuq.foreman.pxe kernel: pci 0000:c1:00.6: reg 0x1c: [mem 0xb8b60000-0xb8b6ffff]
Sep 07 01:34:49 hostname-txyuq.foreman.pxe kernel: pci 0000:c1:00.6: reg 0x20: [mem 0x320011e10000-0x320011e1ffff 64bit pref]
Sep 07 01:34:49 hostname-txyuq.foreman.pxe kernel: pci 0000:c1:00.6: reg 0x30: [mem 0xfff00000-0xffffffff pref]
Sep 07 01:34:49 hostname-txyuq.foreman.pxe kernel: pci 0000:c1:00.6: PME# supported from D0 D3hot
Sep 07 01:34:49 hostname-txyuq.foreman.pxe kernel: pci 0000:c1:00.6: reg 0x224: [mem 0x320011690000-0x320011693fff 64bit pref]
Sep 07 01:34:49 hostname-txyuq.foreman.pxe kernel: pci 0000:c1:00.6: VF(n) BAR0 space: [mem 0x320011690000-0x32001186ffff 64bit pref] (contains BAR0 for 120 VFs)
Sep 07 01:34:49 hostname-txyuq.foreman.pxe kernel: pci 0000:c1:00.6: reg 0x22c: [mem 0x320010f10000-0x320010f17fff 64bit pref]
Sep 07 01:34:49 hostname-txyuq.foreman.pxe kernel: pci 0000:c1:00.6: VF(n) BAR2 space: [mem 0x320010f10000-0x3200112cffff 64bit pref] (contains BAR2 for 120 VFs)
Sep 07 01:34:49 hostname-txyuq.foreman.pxe kernel: pci 0000:c1:00.6: reg 0x234: [mem 0x320010790000-0x320010793fff 64bit pref]
Sep 07 01:34:49 hostname-txyuq.foreman.pxe kernel: pci 0000:c1:00.6: VF(n) BAR4 space: [mem 0x320010790000-0x32001096ffff 64bit pref] (contains BAR4 for 120 VFs)
Sep 07 01:34:49 hostname-txyuq.foreman.pxe kernel: pci 0000:c1:00.7: [1af4:0998] type 00 class 0x020000
Sep 07 01:34:49 hostname-txyuq.foreman.pxe kernel: pci 0000:c1:00.7: reg 0x10: [mem 0xb8a70000-0xb8a7ffff pref]
Sep 07 01:34:49 hostname-txyuq.foreman.pxe kernel: pci 0000:c1:00.7: reg 0x14: [mem 0xb8b50000-0xb8b5ffff]
Sep 07 01:34:49 hostname-txyuq.foreman.pxe kernel: pci 0000:c1:00.7: reg 0x18: [mem 0xb8c78000-0xb8c7ffff pref]
Sep 07 01:34:49 hostname-txyuq.foreman.pxe kernel: pci 0000:c1:00.7: reg 0x1c: [mem 0xb8b40000-0xb8b4ffff]
Sep 07 01:34:49 hostname-txyuq.foreman.pxe kernel: pci 0000:c1:00.7: reg 0x20: [mem 0x320010780000-0x32001078ffff 64bit pref]
Sep 07 01:34:49 hostname-txyuq.foreman.pxe kernel: pci 0000:c1:00.7: reg 0x30: [mem 0xfff00000-0xffffffff pref]
Sep 07 01:34:49 hostname-txyuq.foreman.pxe kernel: pci 0000:c1:00.7: PME# supported from D0 D3hot
Sep 07 01:34:49 hostname-txyuq.foreman.pxe kernel: pci 0000:c1:00.7: reg 0x224: [mem 0x32000f790000-0x32000f793fff 64bit pref]
Sep 07 01:34:49 hostname-txyuq.foreman.pxe kernel: pci 0000:c1:00.7: VF(n) BAR0 space: [mem 0x32000f790000-0x32000fb8bfff 64bit pref] (contains BAR0 for 255 VFs)
Sep 07 01:34:49 hostname-txyuq.foreman.pxe kernel: pci 0000:c1:00.7: reg 0x22c: [mem 0x32000e7a0000-0x32000e7a7fff 64bit pref]
Sep 07 01:34:49 hostname-txyuq.foreman.pxe kernel: pci 0000:c1:00.7: VF(n) BAR2 space: [mem 0x32000e7a0000-0x32000ef97fff 64bit pref] (contains BAR2 for 255 VFs)
Sep 07 01:34:49 hostname-txyuq.foreman.pxe kernel: pci 0000:c1:00.7: reg 0x234: [mem 0x32000d7b0000-0x32000d7b3fff 64bit pref]
Sep 07 01:34:49 hostname-txyuq.foreman.pxe kernel: pci 0000:c1:00.7: VF(n) BAR4 space: [mem 0x32000d7b0000-0x32000dbabfff 64bit pref] (contains BAR4 for 255 VFs)
Sep 07 01:34:49 hostname-txyuq.foreman.pxe kernel: pci 0000:c1:01.0: [1af4:0997] type 00 class 0x020000
Sep 07 01:34:49 hostname-txyuq.foreman.pxe kernel: pci 0000:c1:01.0: reg 0x10: [mem 0xb8a80000-0xb8a8ffff pref]
Sep 07 01:34:49 hostname-txyuq.foreman.pxe kernel: pci 0000:c1:01.0: reg 0x14: [mem 0xb8b30000-0xb8b3ffff]
Sep 07 01:34:49 hostname-txyuq.foreman.pxe kernel: pci 0000:c1:01.0: reg 0x18: [mem 0xb8c80000-0xb8c87fff pref]
Sep 07 01:34:49 hostname-txyuq.foreman.pxe kernel: pci 0000:c1:01.0: reg 0x1c: [mem 0xb8b20000-0xb8b2ffff]
Sep 07 01:34:49 hostname-txyuq.foreman.pxe kernel: pci 0000:c1:01.0: reg 0x20: [mem 0x32000d7a0000-0x32000d7affff 64bit pref]
Sep 07 01:34:49 hostname-txyuq.foreman.pxe kernel: pci 0000:c1:01.0: reg 0x30: [mem 0xfff00000-0xffffffff pref]
Sep 07 01:34:49 hostname-txyuq.foreman.pxe kernel: pci 0000:c1:01.0: PME# supported from D0 D3hot
Sep 07 01:34:49 hostname-txyuq.foreman.pxe kernel: pci 0000:c1:01.0: reg 0x224: [mem 0x32000c7b0000-0x32000c7b3fff 64bit pref]
Sep 07 01:34:49 hostname-txyuq.foreman.pxe kernel: pci 0000:c1:01.0: VF(n) BAR0 space: [mem 0x32000c7b0000-0x32000cbabfff 64bit pref] (contains BAR0 for 255 VFs)
Sep 07 01:34:49 hostname-txyuq.foreman.pxe kernel: pci 0000:c1:01.0: reg 0x22c: [mem 0x32000b7c0000-0x32000b7c7fff 64bit pref]
Sep 07 01:34:49 hostname-txyuq.foreman.pxe kernel: pci 0000:c1:01.0: VF(n) BAR2 space: [mem 0x32000b7c0000-0x32000bfb7fff 64bit pref] (contains BAR2 for 255 VFs)
Sep 07 01:34:49 hostname-txyuq.foreman.pxe kernel: pci 0000:c1:01.0: reg 0x234: [mem 0x32000a7d0000-0x32000a7d3fff 64bit pref]
Sep 07 01:34:49 hostname-txyuq.foreman.pxe kernel: pci 0000:c1:01.0: VF(n) BAR4 space: [mem 0x32000a7d0000-0x32000abcbfff 64bit pref] (contains BAR4 for 255 VFs)
Sep 07 01:34:49 hostname-txyuq.foreman.pxe kernel: pci 0000:c1:01.1: [1af4:0997] type 00 class 0x020000
Sep 07 01:34:49 hostname-txyuq.foreman.pxe kernel: pci 0000:c1:01.1: reg 0x10: [mem 0xb8a90000-0xb8a9ffff pref]
Sep 07 01:34:49 hostname-txyuq.foreman.pxe kernel: pci 0000:c1:01.1: reg 0x14: [mem 0xb8b10000-0xb8b1ffff]
Sep 07 01:34:49 hostname-txyuq.foreman.pxe kernel: pci 0000:c1:01.1: reg 0x18: [mem 0xb8c88000-0xb8c8ffff pref]
Sep 07 01:34:49 hostname-txyuq.foreman.pxe kernel: pci 0000:c1:01.1: reg 0x1c: [mem 0xb8b00000-0xb8b0ffff]
Sep 07 01:34:49 hostname-txyuq.foreman.pxe kernel: pci 0000:c1:01.1: reg 0x20: [mem 0x32000a7c0000-0x32000a7cffff 64bit pref]
Sep 07 01:34:49 hostname-txyuq.foreman.pxe kernel: pci 0000:c1:01.1: reg 0x30: [mem 0xfff00000-0xffffffff pref]
Sep 07 01:34:49 hostname-txyuq.foreman.pxe kernel: pci 0000:c1:01.1: PME# supported from D0 D3hot
Sep 07 01:34:49 hostname-txyuq.foreman.pxe kernel: pci 0000:c1:01.1: reg 0x224: [mem 0x3200097d0000-0x3200097d3fff 64bit pref]
Sep 07 01:34:49 hostname-txyuq.foreman.pxe kernel: pci 0000:c1:01.1: VF(n) BAR0 space: [mem 0x3200097d0000-0x320009bcbfff 64bit pref] (contains BAR0 for 255 VFs)
Sep 07 01:34:49 hostname-txyuq.foreman.pxe kernel: pci 0000:c1:01.1: reg 0x22c: [mem 0x3200087e0000-0x3200087e7fff 64bit pref]
Sep 07 01:34:49 hostname-txyuq.foreman.pxe kernel: pci 0000:c1:01.1: VF(n) BAR2 space: [mem 0x3200087e0000-0x320008fd7fff 64bit pref] (contains BAR2 for 255 VFs)
Sep 07 01:34:49 hostname-txyuq.foreman.pxe kernel: pci 0000:c1:01.1: reg 0x234: [mem 0x3200077f0000-0x3200077f3fff 64bit pref]
Sep 07 01:34:49 hostname-txyuq.foreman.pxe kernel: pci 0000:c1:01.1: VF(n) BAR4 space: [mem 0x3200077f0000-0x320007bebfff 64bit pref] (contains BAR4 for 255 VFs)
Sep 07 01:34:49 hostname-txyuq.foreman.pxe kernel: pci 0000:c1:01.2: [1af4:0997] type 00 class 0x020000
Sep 07 01:34:49 hostname-txyuq.foreman.pxe kernel: pci 0000:c1:01.2: reg 0x10: [mem 0xb8aa0000-0xb8aaffff pref]
Sep 07 01:34:49 hostname-txyuq.foreman.pxe kernel: pci 0000:c1:01.2: reg 0x14: [mem 0xb8af0000-0xb8afffff]
Sep 07 01:34:49 hostname-txyuq.foreman.pxe kernel: pci 0000:c1:01.2: reg 0x18: [mem 0xb8c90000-0xb8c97fff pref]
Sep 07 01:34:49 hostname-txyuq.foreman.pxe kernel: pci 0000:c1:01.2: reg 0x1c: [mem 0xb8ae0000-0xb8aeffff]
Sep 07 01:34:49 hostname-txyuq.foreman.pxe kernel: pci 0000:c1:01.2: reg 0x20: [mem 0x3200077e0000-0x3200077effff 64bit pref]
Sep 07 01:34:49 hostname-txyuq.foreman.pxe kernel: pci 0000:c1:01.2: reg 0x30: [mem 0xfff00000-0xffffffff pref]
Sep 07 01:34:49 hostname-txyuq.foreman.pxe kernel: pci 0000:c1:01.2: PME# supported from D0 D3hot
Sep 07 01:34:49 hostname-txyuq.foreman.pxe kernel: pci 0000:c1:01.2: reg 0x224: [mem 0x3200067f0000-0x3200067f3fff 64bit pref]
Sep 07 01:34:49 hostname-txyuq.foreman.pxe kernel: pci 0000:c1:01.2: VF(n) BAR0 space: [mem 0x3200067f0000-0x320006bebfff 64bit pref] (contains BAR0 for 255 VFs)
Sep 07 01:34:49 hostname-txyuq.foreman.pxe kernel: pci 0000:c1:01.2: reg 0x22c: [mem 0x320005800000-0x320005807fff 64bit pref]
Sep 07 01:34:49 hostname-txyuq.foreman.pxe kernel: pci 0000:c1:01.2: VF(n) BAR2 space: [mem 0x320005800000-0x320005ff7fff 64bit pref] (contains BAR2 for 255 VFs)
Sep 07 01:34:49 hostname-txyuq.foreman.pxe kernel: pci 0000:c1:01.2: reg 0x234: [mem 0x320004810000-0x320004813fff 64bit pref]
Sep 07 01:34:49 hostname-txyuq.foreman.pxe kernel: pci 0000:c1:01.2: VF(n) BAR4 space: [mem 0x320004810000-0x320004c0bfff 64bit pref] (contains BAR4 for 255 VFs)
Sep 07 01:34:49 hostname-txyuq.foreman.pxe kernel: pci 0000:c1:01.3: [1af4:1053] type 00 class 0x020000
Sep 07 01:34:49 hostname-txyuq.foreman.pxe kernel: pci 0000:c1:01.3: reg 0x10: [mem 0xb8ab0000-0xb8abffff pref]
Sep 07 01:34:49 hostname-txyuq.foreman.pxe kernel: pci 0000:c1:01.3: reg 0x14: [mem 0xb8ad0000-0xb8adffff]
Sep 07 01:34:49 hostname-txyuq.foreman.pxe kernel: pci 0000:c1:01.3: reg 0x18: [mem 0xb8c98000-0xb8c9ffff pref]
Sep 07 01:34:49 hostname-txyuq.foreman.pxe kernel: pci 0000:c1:01.3: reg 0x1c: [mem 0xb8ac0000-0xb8acffff]
Sep 07 01:34:49 hostname-txyuq.foreman.pxe kernel: pci 0000:c1:01.3: reg 0x20: [mem 0x320004800000-0x32000480ffff 64bit pref]
Sep 07 01:34:49 hostname-txyuq.foreman.pxe kernel: pci 0000:c1:01.3: reg 0x30: [mem 0xfff00000-0xffffffff pref]
Sep 07 01:34:49 hostname-txyuq.foreman.pxe kernel: pci 0000:c1:01.3: PME# supported from D0 D3hot
Sep 07 01:34:49 hostname-txyuq.foreman.pxe kernel: pci_bus 0000:c0: on NUMA node 2
Sep 07 01:34:49 hostname-txyuq.foreman.pxe kernel: pci 0000:c0:00.0: PCI bridge to [bus c1-c8]
Sep 07 01:34:49 hostname-txyuq.foreman.pxe kernel: pci 0000:c0:00.0:   bridge window [mem 0xb8000000-0xb8cfffff]
Sep 07 01:34:49 hostname-txyuq.foreman.pxe kernel: pci 0000:c0:00.0:   bridge window [mem 0x320000000000-0x32001adfffff 64bit pref]
Sep 07 01:34:49 hostname-txyuq.foreman.pxe kernel: pci 0000:c1:00.1: can't claim BAR 6 [mem 0xfff00000-0xffffffff pref]: no compatible bridge window
Sep 07 01:34:49 hostname-txyuq.foreman.pxe kernel: pci 0000:c1:00.3: can't claim BAR 6 [mem 0xfff00000-0xffffffff pref]: no compatible bridge window
Sep 07 01:34:49 hostname-txyuq.foreman.pxe kernel: pci 0000:c1:00.4: can't claim BAR 6 [mem 0xfff00000-0xffffffff pref]: no compatible bridge window
Sep 07 01:34:49 hostname-txyuq.foreman.pxe kernel: pci 0000:c1:00.5: can't claim BAR 6 [mem 0xfff00000-0xffffffff pref]: no compatible bridge window
Sep 07 01:34:49 hostname-txyuq.foreman.pxe kernel: pci 0000:c1:00.6: can't claim BAR 6 [mem 0xfff00000-0xffffffff pref]: no compatible bridge window
Sep 07 01:34:49 hostname-txyuq.foreman.pxe kernel: pci 0000:c1:00.7: can't claim BAR 6 [mem 0xfff00000-0xffffffff pref]: no compatible bridge window
Sep 07 01:34:49 hostname-txyuq.foreman.pxe kernel: pci 0000:c1:01.0: can't claim BAR 6 [mem 0xfff00000-0xffffffff pref]: no compatible bridge window
Sep 07 01:34:49 hostname-txyuq.foreman.pxe kernel: pci 0000:c1:01.1: can't claim BAR 6 [mem 0xfff00000-0xffffffff pref]: no compatible bridge window
Sep 07 01:34:49 hostname-txyuq.foreman.pxe kernel: pci 0000:c1:01.2: can't claim BAR 6 [mem 0xfff00000-0xffffffff pref]: no compatible bridge window
Sep 07 01:34:49 hostname-txyuq.foreman.pxe kernel: pci 0000:c1:01.3: can't claim BAR 6 [mem 0xfff00000-0xffffffff pref]: no compatible bridge window
Sep 07 01:34:49 hostname-txyuq.foreman.pxe kernel: pci 0000:c1:00.1: BAR 6: assigned [mem 0xb8000000-0xb80fffff pref]
Sep 07 01:34:49 hostname-txyuq.foreman.pxe kernel: pci 0000:c1:00.3: BAR 6: assigned [mem 0xb8100000-0xb81fffff pref]
Sep 07 01:34:49 hostname-txyuq.foreman.pxe kernel: pci 0000:c1:00.4: BAR 6: assigned [mem 0xb8200000-0xb82fffff pref]
Sep 07 01:34:49 hostname-txyuq.foreman.pxe kernel: pci 0000:c1:00.5: BAR 6: assigned [mem 0xb8300000-0xb83fffff pref]
Sep 07 01:34:49 hostname-txyuq.foreman.pxe kernel: pci 0000:c1:00.6: BAR 6: assigned [mem 0xb8400000-0xb84fffff pref]
Sep 07 01:34:49 hostname-txyuq.foreman.pxe kernel: pci 0000:c1:00.7: BAR 6: assigned [mem 0xb8500000-0xb85fffff pref]
Sep 07 01:34:49 hostname-txyuq.foreman.pxe kernel: pci 0000:c1:01.0: BAR 6: assigned [mem 0xb8600000-0xb86fffff pref]
Sep 07 01:34:49 hostname-txyuq.foreman.pxe kernel: pci 0000:c1:01.1: BAR 6: assigned [mem 0xb8700000-0xb87fffff pref]
Sep 07 01:34:49 hostname-txyuq.foreman.pxe kernel: pci 0000:c1:01.2: BAR 6: assigned [mem 0xb8800000-0xb88fffff pref]
Sep 07 01:34:49 hostname-txyuq.foreman.pxe kernel: pci 0000:c1:01.3: BAR 6: assigned [mem 0xb8900000-0xb89fffff pref]
Sep 07 01:34:49 hostname-txyuq.foreman.pxe kernel: pci 0000:c0:00.0: PCI bridge to [bus c1-c8]
Sep 07 01:34:49 hostname-txyuq.foreman.pxe kernel: pci 0000:c0:00.0:   bridge window [mem 0xb8000000-0xb8cfffff]
Sep 07 01:34:49 hostname-txyuq.foreman.pxe kernel: pci 0000:c0:00.0:   bridge window [mem 0x320000000000-0x32001adfffff 64bit pref]
Sep 07 01:34:49 hostname-txyuq.foreman.pxe kernel: pci_bus 0000:c0: resource 4 [mem 0x320000000000-0x329fffffffff pref window]
Sep 07 01:34:49 hostname-txyuq.foreman.pxe kernel: pci_bus 0000:c0: resource 5 [mem 0xb8000000-0xb9ffffff window]
Sep 07 01:34:49 hostname-txyuq.foreman.pxe kernel: pci_bus 0000:c0: resource 6 [io  0x80000-0x8ffff window]
Sep 07 01:34:49 hostname-txyuq.foreman.pxe kernel: pci_bus 0000:c1: resource 1 [mem 0xb8000000-0xb8cfffff]
Sep 07 01:34:49 hostname-txyuq.foreman.pxe kernel: pci_bus 0000:c1: resource 2 [mem 0x320000000000-0x32001adfffff 64bit pref]
Sep 07 01:34:49 hostname-txyuq.foreman.pxe kernel: ACPI: PCI Root Bridge [PC39] (domain 0000 [bus d5-e9])
Sep 07 01:34:49 hostname-txyuq.foreman.pxe kernel: acpi PNP0A08:13: _OSC: OS supports [ExtendedConfig ASPM ClockPM Segments MSI EDR HPX-Type3]
Sep 07 01:34:49 hostname-txyuq.foreman.pxe kernel: acpi PNP0A08:13: _OSC: platform does not support [SHPCHotplug AER LTR DPC]
Sep 07 01:34:49 hostname-txyuq.foreman.pxe kernel: acpi PNP0A08:13: _OSC: OS now controls [PCIeHotplug PME PCIeCapability]
Sep 07 01:34:49 hostname-txyuq.foreman.pxe kernel: acpi PNP0A08:13: ECAM area [mem 0xdd500000-0xde9fffff] reserved by PNP0C02:00
Sep 07 01:34:49 hostname-txyuq.foreman.pxe kernel: acpi PNP0A08:13: ECAM at [mem 0xdd500000-0xde9fffff] for [bus d5-e9]
Sep 07 01:34:49 hostname-txyuq.foreman.pxe kernel: ACPI: Remapped I/O 0x00000000bff10000 to [io  0x90000-0x9ffff window]
Sep 07 01:34:49 hostname-txyuq.foreman.pxe kernel: PCI host bridge to bus 0000:d5
Sep 07 01:34:49 hostname-txyuq.foreman.pxe kernel: pci_bus 0000:d5: root bus resource [mem 0x32a000000000-0x333fffffffff pref window]
Sep 07 01:34:49 hostname-txyuq.foreman.pxe kernel: pci_bus 0000:d5: root bus resource [mem 0xba000000-0xbfdfffff window]
Sep 07 01:34:49 hostname-txyuq.foreman.pxe kernel: pci_bus 0000:d5: root bus resource [io  0x90000-0x9ffff window] (bus address [0xbff10000-0xbff1ffff])
Sep 07 01:34:49 hostname-txyuq.foreman.pxe kernel: pci_bus 0000:d5: root bus resource [bus d5-e9]
Sep 07 01:34:49 hostname-txyuq.foreman.pxe kernel: pci 0000:d5:00.0: [19e5:a120] type 01 class 0x060400
Sep 07 01:34:49 hostname-txyuq.foreman.pxe kernel: pci 0000:d5:00.0: PME# supported from D0 D1 D2 D3hot D3cold
Sep 07 01:34:49 hostname-txyuq.foreman.pxe kernel: pci 0000:d5:02.0: [19e5:a120] type 01 class 0x060400
Sep 07 01:34:49 hostname-txyuq.foreman.pxe kernel: pci 0000:d5:02.0: PME# supported from D0 D1 D2 D3hot D3cold
Sep 07 01:34:49 hostname-txyuq.foreman.pxe kernel: pci 0000:d5:04.0: [19e5:a120] type 01 class 0x060400
Sep 07 01:34:49 hostname-txyuq.foreman.pxe kernel: pci 0000:d5:04.0: PME# supported from D0 D1 D2 D3hot D3cold
Sep 07 01:34:49 hostname-txyuq.foreman.pxe kernel: pci 0000:d5:06.0: [19e5:a120] type 01 class 0x060400
Sep 07 01:34:49 hostname-txyuq.foreman.pxe kernel: pci 0000:d5:06.0: PME# supported from D0 D1 D2 D3hot D3cold
Sep 07 01:34:49 hostname-txyuq.foreman.pxe kernel: pci 0000:d6:00.0: [19e5:37d4] type 00 class 0x010802
Sep 07 01:34:49 hostname-txyuq.foreman.pxe kernel: pci 0000:d6:00.0: reg 0x10: [mem 0xba340000-0xba34ffff 64bit]
Sep 07 01:34:49 hostname-txyuq.foreman.pxe kernel: pci 0000:d6:00.0: reg 0x24: [mem 0xba320000-0xba33ffff]
Sep 07 01:34:49 hostname-txyuq.foreman.pxe kernel: pci 0000:d6:00.0: reg 0x30: [mem 0xfffe0000-0xffffffff pref]
Sep 07 01:34:49 hostname-txyuq.foreman.pxe kernel: pci 0000:d6:00.0: PME# supported from D0 D1 D2 D3hot D3cold
Sep 07 01:34:49 hostname-txyuq.foreman.pxe kernel: pci 0000:d7:00.0: [19e5:37d4] type 00 class 0x010802
Sep 07 01:34:49 hostname-txyuq.foreman.pxe kernel: pci 0000:d7:00.0: reg 0x10: [mem 0xba240000-0xba24ffff 64bit]
Sep 07 01:34:49 hostname-txyuq.foreman.pxe kernel: pci 0000:d7:00.0: reg 0x24: [mem 0xba220000-0xba23ffff]
Sep 07 01:34:49 hostname-txyuq.foreman.pxe kernel: pci 0000:d7:00.0: reg 0x30: [mem 0xfffe0000-0xffffffff pref]
Sep 07 01:34:49 hostname-txyuq.foreman.pxe kernel: pci 0000:d7:00.0: PME# supported from D0 D1 D2 D3hot D3cold
Sep 07 01:34:49 hostname-txyuq.foreman.pxe kernel: pci 0000:d8:00.0: [19e5:37d4] type 00 class 0x010802
Sep 07 01:34:49 hostname-txyuq.foreman.pxe kernel: pci 0000:d8:00.0: reg 0x10: [mem 0xba140000-0xba14ffff 64bit]
Sep 07 01:34:49 hostname-txyuq.foreman.pxe kernel: pci 0000:d8:00.0: reg 0x24: [mem 0xba120000-0xba13ffff]
Sep 07 01:34:49 hostname-txyuq.foreman.pxe kernel: pci 0000:d8:00.0: reg 0x30: [mem 0xfffe0000-0xffffffff pref]
Sep 07 01:34:49 hostname-txyuq.foreman.pxe kernel: pci 0000:d8:00.0: PME# supported from D0 D1 D2 D3hot D3cold
Sep 07 01:34:49 hostname-txyuq.foreman.pxe kernel: pci 0000:d9:00.0: [19e5:37d4] type 00 class 0x010802
Sep 07 01:34:49 hostname-txyuq.foreman.pxe kernel: pci 0000:d9:00.0: reg 0x10: [mem 0xba040000-0xba04ffff 64bit]
Sep 07 01:34:49 hostname-txyuq.foreman.pxe kernel: pci 0000:d9:00.0: reg 0x24: [mem 0xba020000-0xba03ffff]
Sep 07 01:34:49 hostname-txyuq.foreman.pxe kernel: pci 0000:d9:00.0: reg 0x30: [mem 0xfffe0000-0xffffffff pref]
Sep 07 01:34:49 hostname-txyuq.foreman.pxe kernel: pci 0000:d9:00.0: PME# supported from D0 D1 D2 D3hot D3cold
Sep 07 01:34:49 hostname-txyuq.foreman.pxe kernel: pci_bus 0000:d5: on NUMA node 2
Sep 07 01:34:49 hostname-txyuq.foreman.pxe kernel: pci 0000:d5:00.0: PCI bridge to [bus d6]
Sep 07 01:34:49 hostname-txyuq.foreman.pxe kernel: pci 0000:d5:00.0:   bridge window [mem 0xba300000-0xba3fffff]
Sep 07 01:34:49 hostname-txyuq.foreman.pxe kernel: pci 0000:d5:02.0: PCI bridge to [bus d7]
Sep 07 01:34:49 hostname-txyuq.foreman.pxe kernel: pci 0000:d5:02.0:   bridge window [mem 0xba200000-0xba2fffff]
Sep 07 01:34:49 hostname-txyuq.foreman.pxe kernel: pci 0000:d5:04.0: PCI bridge to [bus d8]
Sep 07 01:34:49 hostname-txyuq.foreman.pxe kernel: pci 0000:d5:04.0:   bridge window [mem 0xba100000-0xba1fffff]
Sep 07 01:34:49 hostname-txyuq.foreman.pxe kernel: pci 0000:d5:06.0: PCI bridge to [bus d9]
Sep 07 01:34:49 hostname-txyuq.foreman.pxe kernel: pci 0000:d5:06.0:   bridge window [mem 0xba000000-0xba0fffff]
Sep 07 01:34:49 hostname-txyuq.foreman.pxe kernel: pci 0000:d6:00.0: can't claim BAR 6 [mem 0xfffe0000-0xffffffff pref]: no compatible bridge window
Sep 07 01:34:49 hostname-txyuq.foreman.pxe kernel: pci 0000:d7:00.0: can't claim BAR 6 [mem 0xfffe0000-0xffffffff pref]: no compatible bridge window
Sep 07 01:34:49 hostname-txyuq.foreman.pxe kernel: pci 0000:d8:00.0: can't claim BAR 6 [mem 0xfffe0000-0xffffffff pref]: no compatible bridge window
Sep 07 01:34:49 hostname-txyuq.foreman.pxe kernel: pci 0000:d9:00.0: can't claim BAR 6 [mem 0xfffe0000-0xffffffff pref]: no compatible bridge window
Sep 07 01:34:49 hostname-txyuq.foreman.pxe kernel: pci 0000:d5:00.0: bridge window [io  0x1000-0x0fff] to [bus d6] add_size 1000
Sep 07 01:34:49 hostname-txyuq.foreman.pxe kernel: pci 0000:d5:00.0: bridge window [mem 0x00100000-0x000fffff 64bit pref] to [bus d6] add_size 200000 add_align 100000
Sep 07 01:34:49 hostname-txyuq.foreman.pxe kernel: pci 0000:d5:02.0: bridge window [io  0x1000-0x0fff] to [bus d7] add_size 1000
Sep 07 01:34:49 hostname-txyuq.foreman.pxe kernel: pci 0000:d5:02.0: bridge window [mem 0x00100000-0x000fffff 64bit pref] to [bus d7] add_size 200000 add_align 100000
Sep 07 01:34:49 hostname-txyuq.foreman.pxe kernel: pci 0000:d5:04.0: bridge window [io  0x1000-0x0fff] to [bus d8] add_size 1000
Sep 07 01:34:49 hostname-txyuq.foreman.pxe kernel: pci 0000:d5:04.0: bridge window [mem 0x00100000-0x000fffff 64bit pref] to [bus d8] add_size 200000 add_align 100000
Sep 07 01:34:49 hostname-txyuq.foreman.pxe kernel: pci 0000:d5:06.0: bridge window [io  0x1000-0x0fff] to [bus d9] add_size 1000
Sep 07 01:34:49 hostname-txyuq.foreman.pxe kernel: pci 0000:d5:06.0: bridge window [mem 0x00100000-0x000fffff 64bit pref] to [bus d9] add_size 200000 add_align 100000
Sep 07 01:34:49 hostname-txyuq.foreman.pxe kernel: pci 0000:d5:00.0: BAR 15: assigned [mem 0x32a000000000-0x32a0001fffff 64bit pref]
Sep 07 01:34:49 hostname-txyuq.foreman.pxe kernel: pci 0000:d5:02.0: BAR 15: assigned [mem 0x32a000200000-0x32a0003fffff 64bit pref]
Sep 07 01:34:49 hostname-txyuq.foreman.pxe kernel: pci 0000:d5:04.0: BAR 15: assigned [mem 0x32a000400000-0x32a0005fffff 64bit pref]
Sep 07 01:34:49 hostname-txyuq.foreman.pxe kernel: pci 0000:d5:06.0: BAR 15: assigned [mem 0x32a000600000-0x32a0007fffff 64bit pref]
Sep 07 01:34:49 hostname-txyuq.foreman.pxe kernel: pci 0000:d5:00.0: BAR 13: assigned [io  0x90000-0x90fff]
Sep 07 01:34:49 hostname-txyuq.foreman.pxe kernel: pci 0000:d5:02.0: BAR 13: assigned [io  0x91000-0x91fff]
Sep 07 01:34:49 hostname-txyuq.foreman.pxe kernel: pci 0000:d5:04.0: BAR 13: assigned [io  0x92000-0x92fff]
Sep 07 01:34:49 hostname-txyuq.foreman.pxe kernel: pci 0000:d5:06.0: BAR 13: assigned [io  0x93000-0x93fff]
Sep 07 01:34:49 hostname-txyuq.foreman.pxe kernel: pci 0000:d6:00.0: BAR 6: assigned [mem 0xba300000-0xba31ffff pref]
Sep 07 01:34:49 hostname-txyuq.foreman.pxe kernel: pci 0000:d5:00.0: PCI bridge to [bus d6]
Sep 07 01:34:49 hostname-txyuq.foreman.pxe kernel: pci 0000:d5:00.0:   bridge window [io  0x90000-0x90fff]
Sep 07 01:34:49 hostname-txyuq.foreman.pxe kernel: pci 0000:d5:00.0:   bridge window [mem 0xba300000-0xba3fffff]
Sep 07 01:34:49 hostname-txyuq.foreman.pxe kernel: pci 0000:d5:00.0:   bridge window [mem 0x32a000000000-0x32a0001fffff 64bit pref]
Sep 07 01:34:49 hostname-txyuq.foreman.pxe kernel: pci 0000:d7:00.0: BAR 6: assigned [mem 0xba200000-0xba21ffff pref]
Sep 07 01:34:49 hostname-txyuq.foreman.pxe kernel: pci 0000:d5:02.0: PCI bridge to [bus d7]
Sep 07 01:34:49 hostname-txyuq.foreman.pxe kernel: pci 0000:d5:02.0:   bridge window [io  0x91000-0x91fff]
Sep 07 01:34:49 hostname-txyuq.foreman.pxe kernel: pci 0000:d5:02.0:   bridge window [mem 0xba200000-0xba2fffff]
Sep 07 01:34:49 hostname-txyuq.foreman.pxe kernel: pci 0000:d5:02.0:   bridge window [mem 0x32a000200000-0x32a0003fffff 64bit pref]
Sep 07 01:34:49 hostname-txyuq.foreman.pxe kernel: pci 0000:d8:00.0: BAR 6: assigned [mem 0xba100000-0xba11ffff pref]
Sep 07 01:34:49 hostname-txyuq.foreman.pxe kernel: pci 0000:d5:04.0: PCI bridge to [bus d8]
Sep 07 01:34:49 hostname-txyuq.foreman.pxe kernel: pci 0000:d5:04.0:   bridge window [io  0x92000-0x92fff]
Sep 07 01:34:49 hostname-txyuq.foreman.pxe kernel: pci 0000:d5:04.0:   bridge window [mem 0xba100000-0xba1fffff]
Sep 07 01:34:49 hostname-txyuq.foreman.pxe kernel: pci 0000:d5:04.0:   bridge window [mem 0x32a000400000-0x32a0005fffff 64bit pref]
Sep 07 01:34:49 hostname-txyuq.foreman.pxe kernel: pci 0000:d9:00.0: BAR 6: assigned [mem 0xba000000-0xba01ffff pref]
Sep 07 01:34:49 hostname-txyuq.foreman.pxe kernel: pci 0000:d5:06.0: PCI bridge to [bus d9]
Sep 07 01:34:49 hostname-txyuq.foreman.pxe kernel: pci 0000:d5:06.0:   bridge window [io  0x93000-0x93fff]
Sep 07 01:34:49 hostname-txyuq.foreman.pxe kernel: pci 0000:d5:06.0:   bridge window [mem 0xba000000-0xba0fffff]
Sep 07 01:34:49 hostname-txyuq.foreman.pxe kernel: pci 0000:d5:06.0:   bridge window [mem 0x32a000600000-0x32a0007fffff 64bit pref]
Sep 07 01:34:49 hostname-txyuq.foreman.pxe kernel: pci_bus 0000:d5: resource 4 [mem 0x32a000000000-0x333fffffffff pref window]
Sep 07 01:34:49 hostname-txyuq.foreman.pxe kernel: pci_bus 0000:d5: resource 5 [mem 0xba000000-0xbfdfffff window]
Sep 07 01:34:49 hostname-txyuq.foreman.pxe kernel: pci_bus 0000:d5: resource 6 [io  0x90000-0x9ffff window]
Sep 07 01:34:49 hostname-txyuq.foreman.pxe kernel: pci_bus 0000:d6: resource 0 [io  0x90000-0x90fff]
Sep 07 01:34:49 hostname-txyuq.foreman.pxe kernel: pci_bus 0000:d6: resource 1 [mem 0xba300000-0xba3fffff]
Sep 07 01:34:49 hostname-txyuq.foreman.pxe kernel: pci_bus 0000:d6: resource 2 [mem 0x32a000000000-0x32a0001fffff 64bit pref]
Sep 07 01:34:49 hostname-txyuq.foreman.pxe kernel: pci_bus 0000:d7: resource 0 [io  0x91000-0x91fff]
Sep 07 01:34:49 hostname-txyuq.foreman.pxe kernel: pci_bus 0000:d7: resource 1 [mem 0xba200000-0xba2fffff]
Sep 07 01:34:49 hostname-txyuq.foreman.pxe kernel: pci_bus 0000:d7: resource 2 [mem 0x32a000200000-0x32a0003fffff 64bit pref]
Sep 07 01:34:49 hostname-txyuq.foreman.pxe kernel: pci_bus 0000:d8: resource 0 [io  0x92000-0x92fff]
Sep 07 01:34:49 hostname-txyuq.foreman.pxe kernel: pci_bus 0000:d8: resource 1 [mem 0xba100000-0xba1fffff]
Sep 07 01:34:49 hostname-txyuq.foreman.pxe kernel: pci_bus 0000:d8: resource 2 [mem 0x32a000400000-0x32a0005fffff 64bit pref]
Sep 07 01:34:49 hostname-txyuq.foreman.pxe kernel: pci_bus 0000:d9: resource 0 [io  0x93000-0x93fff]
Sep 07 01:34:49 hostname-txyuq.foreman.pxe kernel: pci_bus 0000:d9: resource 1 [mem 0xba000000-0xba0fffff]
Sep 07 01:34:49 hostname-txyuq.foreman.pxe kernel: pci_bus 0000:d9: resource 2 [mem 0x32a000600000-0x32a0007fffff 64bit pref]
Sep 07 01:34:49 hostname-txyuq.foreman.pxe kernel: ACPI: PCI Root Bridge [PC20] (domain 0000 [bus 6e])
Sep 07 01:34:49 hostname-txyuq.foreman.pxe kernel: acpi PNP0A08:14: _OSC: OS supports [ExtendedConfig ASPM ClockPM Segments MSI EDR HPX-Type3]
Sep 07 01:34:49 hostname-txyuq.foreman.pxe kernel: acpi PNP0A08:14: _OSC: platform does not support [PCIeHotplug SHPCHotplug PME AER LTR DPC]
Sep 07 01:34:49 hostname-txyuq.foreman.pxe kernel: acpi PNP0A08:14: _OSC: OS now controls [PCIeCapability]
Sep 07 01:34:49 hostname-txyuq.foreman.pxe kernel: acpi PNP0A08:14: ECAM area [mem 0xd6e00000-0xd6efffff] reserved by PNP0C02:00
Sep 07 01:34:49 hostname-txyuq.foreman.pxe kernel: acpi PNP0A08:14: ECAM at [mem 0xd6e00000-0xd6efffff] for [bus 6e]
Sep 07 01:34:49 hostname-txyuq.foreman.pxe kernel: PCI host bridge to bus 0000:6e
Sep 07 01:34:49 hostname-txyuq.foreman.pxe kernel: pci_bus 0000:6e: root bus resource [mem 0x200310000000-0x200313ffffff pref window]
Sep 07 01:34:49 hostname-txyuq.foreman.pxe kernel: pci_bus 0000:6e: root bus resource [bus 6e]
Sep 07 01:34:49 hostname-txyuq.foreman.pxe kernel: pci 0000:6e:00.0: [19e5:a12d] type 00 class 0x088000
Sep 07 01:34:49 hostname-txyuq.foreman.pxe kernel: pci 0000:6e:00.0: reg 0x18: [mem 0x200310013000-0x200310013fff 64bit pref]
Sep 07 01:34:49 hostname-txyuq.foreman.pxe kernel: pci 0000:6e:01.0: [19e5:a12e] type 00 class 0x088000
Sep 07 01:34:49 hostname-txyuq.foreman.pxe kernel: pci 0000:6e:01.0: reg 0x18: [mem 0x200310012000-0x200310012fff 64bit pref]
Sep 07 01:34:49 hostname-txyuq.foreman.pxe kernel: pci 0000:6e:08.0: [19e5:a12d] type 00 class 0x088000
Sep 07 01:34:49 hostname-txyuq.foreman.pxe kernel: pci 0000:6e:08.0: reg 0x18: [mem 0x200310011000-0x200310011fff 64bit pref]
Sep 07 01:34:49 hostname-txyuq.foreman.pxe kernel: pci 0000:6e:09.0: [19e5:a12e] type 00 class 0x088000
Sep 07 01:34:49 hostname-txyuq.foreman.pxe kernel: pci 0000:6e:09.0: reg 0x18: [mem 0x200310010000-0x200310010fff 64bit pref]
Sep 07 01:34:49 hostname-txyuq.foreman.pxe kernel: pci 0000:6e:0b.0: [19e5:a122] type 00 class 0x088000
Sep 07 01:34:49 hostname-txyuq.foreman.pxe kernel: pci 0000:6e:0b.0: reg 0x18: [mem 0x200310000000-0x20031000ffff 64bit pref]
Sep 07 01:34:49 hostname-txyuq.foreman.pxe kernel: pci_bus 0000:6e: on NUMA node 3
Sep 07 01:34:49 hostname-txyuq.foreman.pxe kernel: pci_bus 0000:6e: resource 4 [mem 0x200310000000-0x200313ffffff pref window]
Sep 07 01:34:49 hostname-txyuq.foreman.pxe kernel: ACPI: PCI Root Bridge [PC21] (domain 0000 [bus 6f])
Sep 07 01:34:49 hostname-txyuq.foreman.pxe kernel: acpi PNP0A08:15: _OSC: OS supports [ExtendedConfig ASPM ClockPM Segments MSI EDR HPX-Type3]
Sep 07 01:34:49 hostname-txyuq.foreman.pxe kernel: acpi PNP0A08:15: _OSC: platform does not support [PCIeHotplug SHPCHotplug PME AER LTR DPC]
Sep 07 01:34:49 hostname-txyuq.foreman.pxe kernel: acpi PNP0A08:15: _OSC: OS now controls [PCIeCapability]
Sep 07 01:34:49 hostname-txyuq.foreman.pxe kernel: acpi PNP0A08:15: ECAM area [mem 0xd6f00000-0xd6ffffff] reserved by PNP0C02:00
Sep 07 01:34:49 hostname-txyuq.foreman.pxe kernel: acpi PNP0A08:15: ECAM at [mem 0xd6f00000-0xd6ffffff] for [bus 6f]
Sep 07 01:34:49 hostname-txyuq.foreman.pxe kernel: PCI host bridge to bus 0000:6f
Sep 07 01:34:49 hostname-txyuq.foreman.pxe kernel: pci_bus 0000:6f: root bus resource [mem 0x208310000000-0x208313ffffff pref window]
Sep 07 01:34:49 hostname-txyuq.foreman.pxe kernel: pci_bus 0000:6f: root bus resource [bus 6f]
Sep 07 01:34:49 hostname-txyuq.foreman.pxe kernel: pci 0000:6f:00.0: [19e5:a12d] type 00 class 0x088000
Sep 07 01:34:49 hostname-txyuq.foreman.pxe kernel: pci 0000:6f:00.0: reg 0x18: [mem 0x208310013000-0x208310013fff 64bit pref]
Sep 07 01:34:49 hostname-txyuq.foreman.pxe kernel: pci 0000:6f:01.0: [19e5:a12e] type 00 class 0x088000
Sep 07 01:34:49 hostname-txyuq.foreman.pxe kernel: pci 0000:6f:01.0: reg 0x18: [mem 0x208310012000-0x208310012fff 64bit pref]
Sep 07 01:34:49 hostname-txyuq.foreman.pxe kernel: pci 0000:6f:08.0: [19e5:a12d] type 00 class 0x088000
Sep 07 01:34:49 hostname-txyuq.foreman.pxe kernel: pci 0000:6f:08.0: reg 0x18: [mem 0x208310011000-0x208310011fff 64bit pref]
Sep 07 01:34:49 hostname-txyuq.foreman.pxe kernel: pci 0000:6f:09.0: [19e5:a12e] type 00 class 0x088000
Sep 07 01:34:49 hostname-txyuq.foreman.pxe kernel: pci 0000:6f:09.0: reg 0x18: [mem 0x208310010000-0x208310010fff 64bit pref]
Sep 07 01:34:49 hostname-txyuq.foreman.pxe kernel: pci 0000:6f:0b.0: [19e5:a122] type 00 class 0x088000
Sep 07 01:34:49 hostname-txyuq.foreman.pxe kernel: pci 0000:6f:0b.0: reg 0x18: [mem 0x208310000000-0x20831000ffff 64bit pref]
Sep 07 01:34:49 hostname-txyuq.foreman.pxe kernel: pci_bus 0000:6f: on NUMA node 2
Sep 07 01:34:49 hostname-txyuq.foreman.pxe kernel: pci_bus 0000:6f: resource 4 [mem 0x208310000000-0x208313ffffff pref window]
Sep 07 01:34:49 hostname-txyuq.foreman.pxe kernel: ACPI: PCI Root Bridge [PC22] (domain 0000 [bus 70-71])
Sep 07 01:34:49 hostname-txyuq.foreman.pxe kernel: acpi PNP0A08:16: _OSC: OS supports [ExtendedConfig ASPM ClockPM Segments MSI EDR HPX-Type3]
Sep 07 01:34:49 hostname-txyuq.foreman.pxe kernel: acpi PNP0A08:16: _OSC: platform does not support [PCIeHotplug SHPCHotplug PME AER LTR DPC]
Sep 07 01:34:49 hostname-txyuq.foreman.pxe kernel: acpi PNP0A08:16: _OSC: OS now controls [PCIeCapability]
Sep 07 01:34:49 hostname-txyuq.foreman.pxe kernel: acpi PNP0A08:16: ECAM area [mem 0xd7000000-0xd71fffff] reserved by PNP0C02:00
Sep 07 01:34:49 hostname-txyuq.foreman.pxe kernel: acpi PNP0A08:16: ECAM at [mem 0xd7000000-0xd71fffff] for [bus 70-71]
Sep 07 01:34:49 hostname-txyuq.foreman.pxe kernel: PCI host bridge to bus 0000:70
Sep 07 01:34:49 hostname-txyuq.foreman.pxe kernel: pci_bus 0000:70: root bus resource [mem 0x200420000000-0x2004303fffff pref window]
Sep 07 01:34:49 hostname-txyuq.foreman.pxe kernel: pci_bus 0000:70: root bus resource [mem 0xe1200000-0xe12fffff window]
Sep 07 01:34:49 hostname-txyuq.foreman.pxe kernel: pci_bus 0000:70: root bus resource [bus 70-71]
Sep 07 01:34:49 hostname-txyuq.foreman.pxe kernel: pci 0000:70:00.0: [19e5:a121] type 01 class 0x060400
Sep 07 01:34:49 hostname-txyuq.foreman.pxe kernel: pci 0000:70:00.0: enabling Extended Tags
Sep 07 01:34:49 hostname-txyuq.foreman.pxe kernel: pci 0000:70:01.0: [19e5:a23c] type 00 class 0x0c0330
Sep 07 01:34:49 hostname-txyuq.foreman.pxe kernel: pci 0000:70:01.0: reg 0x10: [mem 0x200428880000-0x2004288fffff 64bit pref]
Sep 07 01:34:49 hostname-txyuq.foreman.pxe kernel: pci 0000:70:03.0: [19e5:a23d] type 00 class 0x0c0330
Sep 07 01:34:49 hostname-txyuq.foreman.pxe kernel: pci 0000:70:03.0: reg 0x10: [mem 0x200428800000-0x20042887ffff 64bit pref]
Sep 07 01:34:49 hostname-txyuq.foreman.pxe kernel: pci 0000:70:04.0: [19e5:a230] type 00 class 0x010700
Sep 07 01:34:49 hostname-txyuq.foreman.pxe kernel: pci 0000:70:04.0: reg 0x24: [mem 0xe1200000-0xe1207fff]
Sep 07 01:34:49 hostname-txyuq.foreman.pxe kernel: pci 0000:71:00.0: [19e5:a250] type 00 class 0x120000
Sep 07 01:34:49 hostname-txyuq.foreman.pxe kernel: pci 0000:71:00.0: reg 0x18: [mem 0x200420000000-0x2004203fffff 64bit pref]
Sep 07 01:34:49 hostname-txyuq.foreman.pxe kernel: pci 0000:71:00.0: reg 0x20: [mem 0x00000000-0x001fffff 64bit pref]
Sep 07 01:34:49 hostname-txyuq.foreman.pxe kernel: pci 0000:71:00.0: reg 0x22c: [mem 0x00000000-0x0000ffff 64bit pref]
Sep 07 01:34:49 hostname-txyuq.foreman.pxe kernel: pci 0000:71:00.0: VF(n) BAR2 space: [mem 0x00000000-0x003effff 64bit pref] (contains BAR2 for 63 VFs)
Sep 07 01:34:49 hostname-txyuq.foreman.pxe kernel: pci 0000:71:00.0: reg 0x234: [mem 0x00000000-0x001fffff 64bit pref]
Sep 07 01:34:49 hostname-txyuq.foreman.pxe kernel: pci 0000:71:00.0: VF(n) BAR4 space: [mem 0x00000000-0x07dfffff 64bit pref] (contains BAR4 for 63 VFs)
Sep 07 01:34:49 hostname-txyuq.foreman.pxe kernel: pci_bus 0000:70: on NUMA node 3
Sep 07 01:34:49 hostname-txyuq.foreman.pxe kernel: pci 0000:70:00.0: bridge window [mem 0x00200000-0x007fffff 64bit pref] to [bus 71] add_size 8200000 add_align 200000
Sep 07 01:34:49 hostname-txyuq.foreman.pxe kernel: pci 0000:70:00.0: BAR 15: assigned [mem 0x200420000000-0x2004287fffff 64bit pref]
Sep 07 01:34:49 hostname-txyuq.foreman.pxe kernel: pci 0000:70:01.0: BAR 0: assigned [mem 0x200428800000-0x20042887ffff 64bit pref]
Sep 07 01:34:49 hostname-txyuq.foreman.pxe kernel: pci 0000:70:03.0: BAR 0: assigned [mem 0x200428880000-0x2004288fffff 64bit pref]
Sep 07 01:34:49 hostname-txyuq.foreman.pxe kernel: pci 0000:70:04.0: BAR 5: assigned [mem 0xe1200000-0xe1207fff]
Sep 07 01:34:49 hostname-txyuq.foreman.pxe kernel: pci 0000:71:00.0: BAR 2: assigned [mem 0x200420000000-0x2004203fffff 64bit pref]
Sep 07 01:34:49 hostname-txyuq.foreman.pxe kernel: pci 0000:71:00.0: BAR 4: assigned [mem 0x200420400000-0x2004205fffff 64bit pref]
Sep 07 01:34:49 hostname-txyuq.foreman.pxe kernel: pci 0000:71:00.0: BAR 11: assigned [mem 0x200420600000-0x2004283fffff 64bit pref]
Sep 07 01:34:49 hostname-txyuq.foreman.pxe kernel: pci 0000:71:00.0: BAR 9: assigned [mem 0x200428400000-0x2004287effff 64bit pref]
Sep 07 01:34:49 hostname-txyuq.foreman.pxe kernel: pci 0000:70:00.0: PCI bridge to [bus 71]
Sep 07 01:34:49 hostname-txyuq.foreman.pxe kernel: pci 0000:70:00.0:   bridge window [mem 0x200420000000-0x2004287fffff 64bit pref]
Sep 07 01:34:49 hostname-txyuq.foreman.pxe kernel: pci_bus 0000:70: resource 4 [mem 0x200420000000-0x2004303fffff pref window]
Sep 07 01:34:49 hostname-txyuq.foreman.pxe kernel: pci_bus 0000:70: resource 5 [mem 0xe1200000-0xe12fffff window]
Sep 07 01:34:49 hostname-txyuq.foreman.pxe kernel: pci_bus 0000:71: resource 2 [mem 0x200420000000-0x2004287fffff 64bit pref]
Sep 07 01:34:49 hostname-txyuq.foreman.pxe kernel: ACPI: PCI Root Bridge [PC23] (domain 0000 [bus 72-73])
Sep 07 01:34:49 hostname-txyuq.foreman.pxe kernel: acpi PNP0A08:17: _OSC: OS supports [ExtendedConfig ASPM ClockPM Segments MSI EDR HPX-Type3]
Sep 07 01:34:49 hostname-txyuq.foreman.pxe kernel: acpi PNP0A08:17: _OSC: platform does not support [PCIeHotplug SHPCHotplug PME AER LTR DPC]
Sep 07 01:34:49 hostname-txyuq.foreman.pxe kernel: acpi PNP0A08:17: _OSC: OS now controls [PCIeCapability]
Sep 07 01:34:49 hostname-txyuq.foreman.pxe kernel: acpi PNP0A08:17: ECAM area [mem 0xd7200000-0xd73fffff] reserved by PNP0C02:00
Sep 07 01:34:49 hostname-txyuq.foreman.pxe kernel: acpi PNP0A08:17: ECAM at [mem 0xd7200000-0xd73fffff] for [bus 72-73]
Sep 07 01:34:49 hostname-txyuq.foreman.pxe kernel: PCI host bridge to bus 0000:72
Sep 07 01:34:49 hostname-txyuq.foreman.pxe kernel: pci_bus 0000:72: root bus resource [mem 0x208420000000-0x2084303fffff pref window]
Sep 07 01:34:49 hostname-txyuq.foreman.pxe kernel: pci_bus 0000:72: root bus resource [mem 0xe1300000-0xe13fffff window]
Sep 07 01:34:49 hostname-txyuq.foreman.pxe kernel: pci_bus 0000:72: root bus resource [bus 72-73]
Sep 07 01:34:49 hostname-txyuq.foreman.pxe kernel: pci 0000:72:00.0: [19e5:a121] type 01 class 0x060400
Sep 07 01:34:49 hostname-txyuq.foreman.pxe kernel: pci 0000:72:00.0: enabling Extended Tags
Sep 07 01:34:49 hostname-txyuq.foreman.pxe kernel: pci 0000:72:01.0: [19e5:a23c] type 00 class 0x0c0330
Sep 07 01:34:49 hostname-txyuq.foreman.pxe kernel: pci 0000:72:01.0: reg 0x10: [mem 0x208428880000-0x2084288fffff 64bit pref]
Sep 07 01:34:49 hostname-txyuq.foreman.pxe kernel: pci 0000:72:03.0: [19e5:a23d] type 00 class 0x0c0330
Sep 07 01:34:49 hostname-txyuq.foreman.pxe kernel: pci 0000:72:03.0: reg 0x10: [mem 0x208428800000-0x20842887ffff 64bit pref]
Sep 07 01:34:49 hostname-txyuq.foreman.pxe kernel: pci 0000:72:04.0: [19e5:a230] type 00 class 0x010700
Sep 07 01:34:49 hostname-txyuq.foreman.pxe kernel: pci 0000:72:04.0: reg 0x24: [mem 0xe1300000-0xe1307fff]
Sep 07 01:34:49 hostname-txyuq.foreman.pxe kernel: pci 0000:73:00.0: [19e5:a250] type 00 class 0x120000
Sep 07 01:34:49 hostname-txyuq.foreman.pxe kernel: pci 0000:73:00.0: reg 0x18: [mem 0x208420000000-0x2084203fffff 64bit pref]
Sep 07 01:34:49 hostname-txyuq.foreman.pxe kernel: pci 0000:73:00.0: reg 0x20: [mem 0x00000000-0x001fffff 64bit pref]
Sep 07 01:34:49 hostname-txyuq.foreman.pxe kernel: pci 0000:73:00.0: reg 0x22c: [mem 0x00000000-0x0000ffff 64bit pref]
Sep 07 01:34:49 hostname-txyuq.foreman.pxe kernel: pci 0000:73:00.0: VF(n) BAR2 space: [mem 0x00000000-0x003effff 64bit pref] (contains BAR2 for 63 VFs)
Sep 07 01:34:49 hostname-txyuq.foreman.pxe kernel: pci 0000:73:00.0: reg 0x234: [mem 0x00000000-0x001fffff 64bit pref]
Sep 07 01:34:49 hostname-txyuq.foreman.pxe kernel: pci 0000:73:00.0: VF(n) BAR4 space: [mem 0x00000000-0x07dfffff 64bit pref] (contains BAR4 for 63 VFs)
Sep 07 01:34:49 hostname-txyuq.foreman.pxe kernel: pci_bus 0000:72: on NUMA node 2
Sep 07 01:34:49 hostname-txyuq.foreman.pxe kernel: pci 0000:72:00.0: bridge window [mem 0x00200000-0x007fffff 64bit pref] to [bus 73] add_size 8200000 add_align 200000
Sep 07 01:34:49 hostname-txyuq.foreman.pxe kernel: pci 0000:72:00.0: BAR 15: assigned [mem 0x208420000000-0x2084287fffff 64bit pref]
Sep 07 01:34:49 hostname-txyuq.foreman.pxe kernel: pci 0000:72:01.0: BAR 0: assigned [mem 0x208428800000-0x20842887ffff 64bit pref]
Sep 07 01:34:49 hostname-txyuq.foreman.pxe kernel: pci 0000:72:03.0: BAR 0: assigned [mem 0x208428880000-0x2084288fffff 64bit pref]
Sep 07 01:34:49 hostname-txyuq.foreman.pxe kernel: pci 0000:72:04.0: BAR 5: assigned [mem 0xe1300000-0xe1307fff]
Sep 07 01:34:49 hostname-txyuq.foreman.pxe kernel: pci 0000:73:00.0: BAR 2: assigned [mem 0x208420000000-0x2084203fffff 64bit pref]
Sep 07 01:34:49 hostname-txyuq.foreman.pxe kernel: pci 0000:73:00.0: BAR 4: assigned [mem 0x208420400000-0x2084205fffff 64bit pref]
Sep 07 01:34:49 hostname-txyuq.foreman.pxe kernel: pci 0000:73:00.0: BAR 11: assigned [mem 0x208420600000-0x2084283fffff 64bit pref]
Sep 07 01:34:49 hostname-txyuq.foreman.pxe kernel: pci 0000:73:00.0: BAR 9: assigned [mem 0x208428400000-0x2084287effff 64bit pref]
Sep 07 01:34:49 hostname-txyuq.foreman.pxe kernel: pci 0000:72:00.0: PCI bridge to [bus 73]
Sep 07 01:34:49 hostname-txyuq.foreman.pxe kernel: pci 0000:72:00.0:   bridge window [mem 0x208420000000-0x2084287fffff 64bit pref]
Sep 07 01:34:49 hostname-txyuq.foreman.pxe kernel: pci_bus 0000:72: resource 4 [mem 0x208420000000-0x2084303fffff pref window]
Sep 07 01:34:49 hostname-txyuq.foreman.pxe kernel: pci_bus 0000:72: resource 5 [mem 0xe1300000-0xe13fffff window]
Sep 07 01:34:49 hostname-txyuq.foreman.pxe kernel: pci_bus 0000:73: resource 2 [mem 0x208420000000-0x2084287fffff 64bit pref]
Sep 07 01:34:49 hostname-txyuq.foreman.pxe kernel: ACPI: PCI Root Bridge [PC24] (domain 0000 [bus 74-75])
Sep 07 01:34:49 hostname-txyuq.foreman.pxe kernel: acpi PNP0A08:18: _OSC: OS supports [ExtendedConfig ASPM ClockPM Segments MSI EDR HPX-Type3]
Sep 07 01:34:49 hostname-txyuq.foreman.pxe kernel: acpi PNP0A08:18: _OSC: platform does not support [PCIeHotplug SHPCHotplug PME AER LTR DPC]
Sep 07 01:34:49 hostname-txyuq.foreman.pxe kernel: acpi PNP0A08:18: _OSC: OS now controls [PCIeCapability]
Sep 07 01:34:49 hostname-txyuq.foreman.pxe kernel: acpi PNP0A08:18: ECAM area [mem 0xd7400000-0xd75fffff] reserved by PNP0C02:00
Sep 07 01:34:49 hostname-txyuq.foreman.pxe kernel: acpi PNP0A08:18: ECAM at [mem 0xd7400000-0xd75fffff] for [bus 74-75]
Sep 07 01:34:49 hostname-txyuq.foreman.pxe kernel: PCI host bridge to bus 0000:74
Sep 07 01:34:49 hostname-txyuq.foreman.pxe kernel: pci_bus 0000:74: root bus resource [mem 0x244000000000-0x2470000fffff pref window]
Sep 07 01:34:49 hostname-txyuq.foreman.pxe kernel: pci_bus 0000:74: root bus resource [bus 74-75]
Sep 07 01:34:49 hostname-txyuq.foreman.pxe kernel: pci 0000:74:00.0: [19e5:a121] type 01 class 0x060400
Sep 07 01:34:49 hostname-txyuq.foreman.pxe kernel: pci 0000:74:00.0: enabling Extended Tags
Sep 07 01:34:49 hostname-txyuq.foreman.pxe kernel: pci_bus 0000:74: on NUMA node 3
Sep 07 01:34:49 hostname-txyuq.foreman.pxe kernel: pci 0000:74:00.0: PCI bridge to [bus 75]
Sep 07 01:34:49 hostname-txyuq.foreman.pxe kernel: pci_bus 0000:74: resource 4 [mem 0x244000000000-0x2470000fffff pref window]
Sep 07 01:34:49 hostname-txyuq.foreman.pxe kernel: ACPI: PCI Root Bridge [PC25] (domain 0000 [bus 76-77])
Sep 07 01:34:49 hostname-txyuq.foreman.pxe kernel: acpi PNP0A08:19: _OSC: OS supports [ExtendedConfig ASPM ClockPM Segments MSI EDR HPX-Type3]
Sep 07 01:34:49 hostname-txyuq.foreman.pxe kernel: acpi PNP0A08:19: _OSC: platform does not support [PCIeHotplug SHPCHotplug PME AER LTR DPC]
Sep 07 01:34:49 hostname-txyuq.foreman.pxe kernel: acpi PNP0A08:19: _OSC: OS now controls [PCIeCapability]
Sep 07 01:34:49 hostname-txyuq.foreman.pxe kernel: acpi PNP0A08:19: ECAM area [mem 0xd7600000-0xd77fffff] reserved by PNP0C02:00
Sep 07 01:34:49 hostname-txyuq.foreman.pxe kernel: acpi PNP0A08:19: ECAM at [mem 0xd7600000-0xd77fffff] for [bus 76-77]
Sep 07 01:34:49 hostname-txyuq.foreman.pxe kernel: PCI host bridge to bus 0000:76
Sep 07 01:34:49 hostname-txyuq.foreman.pxe kernel: pci_bus 0000:76: root bus resource [mem 0x24c000000000-0x24f0000fffff pref window]
Sep 07 01:34:49 hostname-txyuq.foreman.pxe kernel: pci_bus 0000:76: root bus resource [bus 76-77]
Sep 07 01:34:49 hostname-txyuq.foreman.pxe kernel: pci 0000:76:00.0: [19e5:a121] type 01 class 0x060400
Sep 07 01:34:49 hostname-txyuq.foreman.pxe kernel: pci 0000:76:00.0: enabling Extended Tags
Sep 07 01:34:49 hostname-txyuq.foreman.pxe kernel: pci_bus 0000:76: on NUMA node 2
Sep 07 01:34:49 hostname-txyuq.foreman.pxe kernel: pci 0000:76:00.0: PCI bridge to [bus 77]
Sep 07 01:34:49 hostname-txyuq.foreman.pxe kernel: pci_bus 0000:76: resource 4 [mem 0x24c000000000-0x24f0000fffff pref window]
Sep 07 01:34:49 hostname-txyuq.foreman.pxe kernel: ACPI: PCI Root Bridge [PC26] (domain 0000 [bus 78-7b])
Sep 07 01:34:49 hostname-txyuq.foreman.pxe kernel: acpi PNP0A08:1a: _OSC: OS supports [ExtendedConfig ASPM ClockPM Segments MSI EDR HPX-Type3]
Sep 07 01:34:49 hostname-txyuq.foreman.pxe kernel: acpi PNP0A08:1a: _OSC: platform does not support [PCIeHotplug SHPCHotplug PME AER LTR DPC]
Sep 07 01:34:49 hostname-txyuq.foreman.pxe kernel: acpi PNP0A08:1a: _OSC: OS now controls [PCIeCapability]
Sep 07 01:34:49 hostname-txyuq.foreman.pxe kernel: acpi PNP0A08:1a: ECAM area [mem 0xd7800000-0xd7bfffff] reserved by PNP0C02:00
Sep 07 01:34:49 hostname-txyuq.foreman.pxe kernel: acpi PNP0A08:1a: ECAM at [mem 0xd7800000-0xd7bfffff] for [bus 78-7b]
Sep 07 01:34:49 hostname-txyuq.foreman.pxe kernel: PCI host bridge to bus 0000:78
Sep 07 01:34:49 hostname-txyuq.foreman.pxe kernel: pci_bus 0000:78: root bus resource [mem 0x20014e000000-0x20016fffffff pref window]
Sep 07 01:34:49 hostname-txyuq.foreman.pxe kernel: pci_bus 0000:78: root bus resource [mem 0xe1000000-0xe10fffff window]
Sep 07 01:34:49 hostname-txyuq.foreman.pxe kernel: pci_bus 0000:78: root bus resource [bus 78-7b]
Sep 07 01:34:49 hostname-txyuq.foreman.pxe kernel: pci 0000:78:00.0: [19e5:a121] type 01 class 0x060400
Sep 07 01:34:49 hostname-txyuq.foreman.pxe kernel: pci 0000:78:00.0: enabling Extended Tags
Sep 07 01:34:49 hostname-txyuq.foreman.pxe kernel: pci 0000:78:01.0: [19e5:a121] type 01 class 0x060400
Sep 07 01:34:49 hostname-txyuq.foreman.pxe kernel: pci 0000:78:01.0: enabling Extended Tags
Sep 07 01:34:49 hostname-txyuq.foreman.pxe kernel: pci 0000:78:08.0: [19e5:a12d] type 00 class 0x088000
Sep 07 01:34:49 hostname-txyuq.foreman.pxe kernel: pci 0000:78:08.0: reg 0x18: [mem 0x20015f001000-0x20015f001fff 64bit pref]
Sep 07 01:34:49 hostname-txyuq.foreman.pxe kernel: pci 0000:78:09.0: [19e5:a12e] type 00 class 0x088000
Sep 07 01:34:49 hostname-txyuq.foreman.pxe kernel: pci 0000:78:09.0: reg 0x18: [mem 0x20015f000000-0x20015f000fff 64bit pref]
Sep 07 01:34:49 hostname-txyuq.foreman.pxe kernel: pci 0000:79:00.0: [19e5:a255] type 00 class 0x100000
Sep 07 01:34:49 hostname-txyuq.foreman.pxe kernel: pci 0000:79:00.0: reg 0x18: [mem 0x200156800000-0x200156bfffff 64bit pref]
Sep 07 01:34:49 hostname-txyuq.foreman.pxe kernel: pci 0000:79:00.0: reg 0x20: [mem 0x00000000-0x001fffff 64bit pref]
Sep 07 01:34:49 hostname-txyuq.foreman.pxe kernel: pci 0000:79:00.0: reg 0x22c: [mem 0x00000000-0x0000ffff 64bit pref]
Sep 07 01:34:49 hostname-txyuq.foreman.pxe kernel: pci 0000:79:00.0: VF(n) BAR2 space: [mem 0x00000000-0x003effff 64bit pref] (contains BAR2 for 63 VFs)
Sep 07 01:34:49 hostname-txyuq.foreman.pxe kernel: pci 0000:79:00.0: reg 0x234: [mem 0x00000000-0x001fffff 64bit pref]
Sep 07 01:34:49 hostname-txyuq.foreman.pxe kernel: pci 0000:79:00.0: VF(n) BAR4 space: [mem 0x00000000-0x07dfffff 64bit pref] (contains BAR4 for 63 VFs)
Sep 07 01:34:49 hostname-txyuq.foreman.pxe kernel: pci 0000:7a:00.0: [19e5:a258] type 00 class 0x100000
Sep 07 01:34:49 hostname-txyuq.foreman.pxe kernel: pci 0000:7a:00.0: reg 0x18: [mem 0x20014e000000-0x20014e3fffff 64bit pref]
Sep 07 01:34:49 hostname-txyuq.foreman.pxe kernel: pci 0000:7a:00.0: reg 0x20: [mem 0x00000000-0x001fffff 64bit pref]
Sep 07 01:34:49 hostname-txyuq.foreman.pxe kernel: pci 0000:7a:00.0: reg 0x22c: [mem 0x00000000-0x0000ffff 64bit pref]
Sep 07 01:34:49 hostname-txyuq.foreman.pxe kernel: pci 0000:7a:00.0: VF(n) BAR2 space: [mem 0x00000000-0x003effff 64bit pref] (contains BAR2 for 63 VFs)
Sep 07 01:34:49 hostname-txyuq.foreman.pxe kernel: pci 0000:7a:00.0: reg 0x234: [mem 0x00000000-0x001fffff 64bit pref]
Sep 07 01:34:49 hostname-txyuq.foreman.pxe kernel: pci 0000:7a:00.0: VF(n) BAR4 space: [mem 0x00000000-0x07dfffff 64bit pref] (contains BAR4 for 63 VFs)
Sep 07 01:34:49 hostname-txyuq.foreman.pxe kernel: pci_bus 0000:78: on NUMA node 3
Sep 07 01:34:49 hostname-txyuq.foreman.pxe kernel: pci 0000:78:00.0: bridge window [mem 0x00200000-0x007fffff 64bit pref] to [bus 79] add_size 8200000 add_align 200000
Sep 07 01:34:49 hostname-txyuq.foreman.pxe kernel: pci 0000:78:01.0: bridge window [mem 0x00200000-0x007fffff 64bit pref] to [bus 7a] add_size 8200000 add_align 200000
Sep 07 01:34:49 hostname-txyuq.foreman.pxe kernel: pci 0000:78:00.0: BAR 15: assigned [mem 0x20014e000000-0x2001567fffff 64bit pref]
Sep 07 01:34:49 hostname-txyuq.foreman.pxe kernel: pci 0000:78:01.0: BAR 15: assigned [mem 0x200156800000-0x20015effffff 64bit pref]
Sep 07 01:34:49 hostname-txyuq.foreman.pxe kernel: pci 0000:78:08.0: BAR 2: assigned [mem 0x20015f000000-0x20015f000fff 64bit pref]
Sep 07 01:34:49 hostname-txyuq.foreman.pxe kernel: pci 0000:78:09.0: BAR 2: assigned [mem 0x20015f001000-0x20015f001fff 64bit pref]
Sep 07 01:34:49 hostname-txyuq.foreman.pxe kernel: pci 0000:79:00.0: BAR 2: assigned [mem 0x20014e000000-0x20014e3fffff 64bit pref]
Sep 07 01:34:49 hostname-txyuq.foreman.pxe kernel: pci 0000:79:00.0: BAR 4: assigned [mem 0x20014e400000-0x20014e5fffff 64bit pref]
Sep 07 01:34:49 hostname-txyuq.foreman.pxe kernel: pci 0000:79:00.0: BAR 11: assigned [mem 0x20014e600000-0x2001563fffff 64bit pref]
Sep 07 01:34:49 hostname-txyuq.foreman.pxe kernel: pci 0000:79:00.0: BAR 9: assigned [mem 0x200156400000-0x2001567effff 64bit pref]
Sep 07 01:34:49 hostname-txyuq.foreman.pxe kernel: pci 0000:78:00.0: PCI bridge to [bus 79]
Sep 07 01:34:49 hostname-txyuq.foreman.pxe kernel: pci 0000:78:00.0:   bridge window [mem 0x20014e000000-0x2001567fffff 64bit pref]
Sep 07 01:34:49 hostname-txyuq.foreman.pxe kernel: pci 0000:7a:00.0: BAR 2: assigned [mem 0x200156800000-0x200156bfffff 64bit pref]
Sep 07 01:34:49 hostname-txyuq.foreman.pxe kernel: pci 0000:7a:00.0: BAR 4: assigned [mem 0x200156c00000-0x200156dfffff 64bit pref]
Sep 07 01:34:49 hostname-txyuq.foreman.pxe kernel: pci 0000:7a:00.0: BAR 11: assigned [mem 0x200156e00000-0x20015ebfffff 64bit pref]
Sep 07 01:34:49 hostname-txyuq.foreman.pxe kernel: pci 0000:7a:00.0: BAR 9: assigned [mem 0x20015ec00000-0x20015efeffff 64bit pref]
Sep 07 01:34:49 hostname-txyuq.foreman.pxe kernel: pci 0000:78:01.0: PCI bridge to [bus 7a]
Sep 07 01:34:49 hostname-txyuq.foreman.pxe kernel: pci 0000:78:01.0:   bridge window [mem 0x200156800000-0x20015effffff 64bit pref]
Sep 07 01:34:49 hostname-txyuq.foreman.pxe kernel: pci_bus 0000:78: resource 4 [mem 0x20014e000000-0x20016fffffff pref window]
Sep 07 01:34:49 hostname-txyuq.foreman.pxe kernel: pci_bus 0000:78: resource 5 [mem 0xe1000000-0xe10fffff window]
Sep 07 01:34:49 hostname-txyuq.foreman.pxe kernel: pci_bus 0000:79: resource 2 [mem 0x20014e000000-0x2001567fffff 64bit pref]
Sep 07 01:34:49 hostname-txyuq.foreman.pxe kernel: pci_bus 0000:7a: resource 2 [mem 0x200156800000-0x20015effffff 64bit pref]
Sep 07 01:34:49 hostname-txyuq.foreman.pxe kernel: ACPI: PCI Root Bridge [PC27] (domain 0000 [bus 7c-7f])
Sep 07 01:34:49 hostname-txyuq.foreman.pxe kernel: acpi PNP0A08:1b: _OSC: OS supports [ExtendedConfig ASPM ClockPM Segments MSI EDR HPX-Type3]
Sep 07 01:34:49 hostname-txyuq.foreman.pxe kernel: acpi PNP0A08:1b: _OSC: platform does not support [PCIeHotplug SHPCHotplug PME AER LTR DPC]
Sep 07 01:34:49 hostname-txyuq.foreman.pxe kernel: acpi PNP0A08:1b: _OSC: OS now controls [PCIeCapability]
Sep 07 01:34:49 hostname-txyuq.foreman.pxe kernel: acpi PNP0A08:1b: ECAM area [mem 0xd7c00000-0xd7ffffff] reserved by PNP0C02:00
Sep 07 01:34:49 hostname-txyuq.foreman.pxe kernel: acpi PNP0A08:1b: ECAM at [mem 0xd7c00000-0xd7ffffff] for [bus 7c-7f]
Sep 07 01:34:49 hostname-txyuq.foreman.pxe kernel: PCI host bridge to bus 0000:7c
Sep 07 01:34:49 hostname-txyuq.foreman.pxe kernel: pci_bus 0000:7c: root bus resource [mem 0x20814e000000-0x20816fffffff pref window]
Sep 07 01:34:49 hostname-txyuq.foreman.pxe kernel: pci_bus 0000:7c: root bus resource [mem 0xe1100000-0xe11fffff window]
Sep 07 01:34:49 hostname-txyuq.foreman.pxe kernel: pci_bus 0000:7c: root bus resource [bus 7c-7f]
Sep 07 01:34:49 hostname-txyuq.foreman.pxe kernel: pci 0000:7c:00.0: [19e5:a121] type 01 class 0x060400
Sep 07 01:34:49 hostname-txyuq.foreman.pxe kernel: pci 0000:7c:00.0: enabling Extended Tags
Sep 07 01:34:49 hostname-txyuq.foreman.pxe kernel: pci 0000:7c:01.0: [19e5:a121] type 01 class 0x060400
Sep 07 01:34:49 hostname-txyuq.foreman.pxe kernel: pci 0000:7c:01.0: enabling Extended Tags
Sep 07 01:34:49 hostname-txyuq.foreman.pxe kernel: pci 0000:7c:08.0: [19e5:a12d] type 00 class 0x088000
Sep 07 01:34:49 hostname-txyuq.foreman.pxe kernel: pci 0000:7c:08.0: reg 0x18: [mem 0x20815f001000-0x20815f001fff 64bit pref]
Sep 07 01:34:49 hostname-txyuq.foreman.pxe kernel: pci 0000:7c:09.0: [19e5:a12e] type 00 class 0x088000
Sep 07 01:34:49 hostname-txyuq.foreman.pxe kernel: pci 0000:7c:09.0: reg 0x18: [mem 0x20815f000000-0x20815f000fff 64bit pref]
Sep 07 01:34:49 hostname-txyuq.foreman.pxe kernel: pci 0000:7d:00.0: [19e5:a255] type 00 class 0x100000
Sep 07 01:34:49 hostname-txyuq.foreman.pxe kernel: pci 0000:7d:00.0: reg 0x18: [mem 0x208156800000-0x208156bfffff 64bit pref]
Sep 07 01:34:49 hostname-txyuq.foreman.pxe kernel: pci 0000:7d:00.0: reg 0x20: [mem 0x00000000-0x001fffff 64bit pref]
Sep 07 01:34:49 hostname-txyuq.foreman.pxe kernel: pci 0000:7d:00.0: reg 0x22c: [mem 0x00000000-0x0000ffff 64bit pref]
Sep 07 01:34:49 hostname-txyuq.foreman.pxe kernel: pci 0000:7d:00.0: VF(n) BAR2 space: [mem 0x00000000-0x003effff 64bit pref] (contains BAR2 for 63 VFs)
Sep 07 01:34:49 hostname-txyuq.foreman.pxe kernel: pci 0000:7d:00.0: reg 0x234: [mem 0x00000000-0x001fffff 64bit pref]
Sep 07 01:34:49 hostname-txyuq.foreman.pxe kernel: pci 0000:7d:00.0: VF(n) BAR4 space: [mem 0x00000000-0x07dfffff 64bit pref] (contains BAR4 for 63 VFs)
Sep 07 01:34:49 hostname-txyuq.foreman.pxe kernel: pci 0000:7e:00.0: [19e5:a258] type 00 class 0x100000
Sep 07 01:34:49 hostname-txyuq.foreman.pxe kernel: pci 0000:7e:00.0: reg 0x18: [mem 0x20814e000000-0x20814e3fffff 64bit pref]
Sep 07 01:34:49 hostname-txyuq.foreman.pxe kernel: pci 0000:7e:00.0: reg 0x20: [mem 0x00000000-0x001fffff 64bit pref]
Sep 07 01:34:49 hostname-txyuq.foreman.pxe kernel: pci 0000:7e:00.0: reg 0x22c: [mem 0x00000000-0x0000ffff 64bit pref]
Sep 07 01:34:49 hostname-txyuq.foreman.pxe kernel: pci 0000:7e:00.0: VF(n) BAR2 space: [mem 0x00000000-0x003effff 64bit pref] (contains BAR2 for 63 VFs)
Sep 07 01:34:49 hostname-txyuq.foreman.pxe kernel: pci 0000:7e:00.0: reg 0x234: [mem 0x00000000-0x001fffff 64bit pref]
Sep 07 01:34:49 hostname-txyuq.foreman.pxe kernel: pci 0000:7e:00.0: VF(n) BAR4 space: [mem 0x00000000-0x07dfffff 64bit pref] (contains BAR4 for 63 VFs)
Sep 07 01:34:49 hostname-txyuq.foreman.pxe kernel: pci_bus 0000:7c: on NUMA node 2
Sep 07 01:34:49 hostname-txyuq.foreman.pxe kernel: pci 0000:7c:00.0: bridge window [mem 0x00200000-0x007fffff 64bit pref] to [bus 7d] add_size 8200000 add_align 200000
Sep 07 01:34:49 hostname-txyuq.foreman.pxe kernel: pci 0000:7c:01.0: bridge window [mem 0x00200000-0x007fffff 64bit pref] to [bus 7e] add_size 8200000 add_align 200000
Sep 07 01:34:49 hostname-txyuq.foreman.pxe kernel: pci 0000:7c:00.0: BAR 15: assigned [mem 0x20814e000000-0x2081567fffff 64bit pref]
Sep 07 01:34:49 hostname-txyuq.foreman.pxe kernel: pci 0000:7c:01.0: BAR 15: assigned [mem 0x208156800000-0x20815effffff 64bit pref]
Sep 07 01:34:49 hostname-txyuq.foreman.pxe kernel: pci 0000:7c:08.0: BAR 2: assigned [mem 0x20815f000000-0x20815f000fff 64bit pref]
Sep 07 01:34:49 hostname-txyuq.foreman.pxe kernel: pci 0000:7c:09.0: BAR 2: assigned [mem 0x20815f001000-0x20815f001fff 64bit pref]
Sep 07 01:34:49 hostname-txyuq.foreman.pxe kernel: pci 0000:7d:00.0: BAR 2: assigned [mem 0x20814e000000-0x20814e3fffff 64bit pref]
Sep 07 01:34:49 hostname-txyuq.foreman.pxe kernel: pci 0000:7d:00.0: BAR 4: assigned [mem 0x20814e400000-0x20814e5fffff 64bit pref]
Sep 07 01:34:49 hostname-txyuq.foreman.pxe kernel: pci 0000:7d:00.0: BAR 11: assigned [mem 0x20814e600000-0x2081563fffff 64bit pref]
Sep 07 01:34:49 hostname-txyuq.foreman.pxe kernel: pci 0000:7d:00.0: BAR 9: assigned [mem 0x208156400000-0x2081567effff 64bit pref]
Sep 07 01:34:49 hostname-txyuq.foreman.pxe kernel: pci 0000:7c:00.0: PCI bridge to [bus 7d]
Sep 07 01:34:49 hostname-txyuq.foreman.pxe kernel: pci 0000:7c:00.0:   bridge window [mem 0x20814e000000-0x2081567fffff 64bit pref]
Sep 07 01:34:49 hostname-txyuq.foreman.pxe kernel: pci 0000:7e:00.0: BAR 2: assigned [mem 0x208156800000-0x208156bfffff 64bit pref]
Sep 07 01:34:49 hostname-txyuq.foreman.pxe kernel: pci 0000:7e:00.0: BAR 4: assigned [mem 0x208156c00000-0x208156dfffff 64bit pref]
Sep 07 01:34:49 hostname-txyuq.foreman.pxe kernel: pci 0000:7e:00.0: BAR 11: assigned [mem 0x208156e00000-0x20815ebfffff 64bit pref]
Sep 07 01:34:49 hostname-txyuq.foreman.pxe kernel: pci 0000:7e:00.0: BAR 9: assigned [mem 0x20815ec00000-0x20815efeffff 64bit pref]
Sep 07 01:34:49 hostname-txyuq.foreman.pxe kernel: pci 0000:7c:01.0: PCI bridge to [bus 7e]
Sep 07 01:34:49 hostname-txyuq.foreman.pxe kernel: pci 0000:7c:01.0:   bridge window [mem 0x208156800000-0x20815effffff 64bit pref]
Sep 07 01:34:49 hostname-txyuq.foreman.pxe kernel: pci_bus 0000:7c: resource 4 [mem 0x20814e000000-0x20816fffffff pref window]
Sep 07 01:34:49 hostname-txyuq.foreman.pxe kernel: pci_bus 0000:7c: resource 5 [mem 0xe1100000-0xe11fffff window]
Sep 07 01:34:49 hostname-txyuq.foreman.pxe kernel: pci_bus 0000:7d: resource 2 [mem 0x20814e000000-0x2081567fffff 64bit pref]
Sep 07 01:34:49 hostname-txyuq.foreman.pxe kernel: pci_bus 0000:7e: resource 2 [mem 0x208156800000-0x20815effffff 64bit pref]
Sep 07 01:34:49 hostname-txyuq.foreman.pxe kernel: iommu: Default domain type: Translated
Sep 07 01:34:49 hostname-txyuq.foreman.pxe kernel: iommu: DMA domain TLB invalidation policy: strict mode
Sep 07 01:34:49 hostname-txyuq.foreman.pxe kernel: SCSI subsystem initialized
Sep 07 01:34:49 hostname-txyuq.foreman.pxe kernel: ACPI: bus type USB registered
Sep 07 01:34:49 hostname-txyuq.foreman.pxe kernel: usbcore: registered new interface driver usbfs
Sep 07 01:34:49 hostname-txyuq.foreman.pxe kernel: usbcore: registered new interface driver hub
Sep 07 01:34:49 hostname-txyuq.foreman.pxe kernel: usbcore: registered new device driver usb
Sep 07 01:34:49 hostname-txyuq.foreman.pxe kernel: pps_core: LinuxPPS API ver. 1 registered
Sep 07 01:34:49 hostname-txyuq.foreman.pxe kernel: pps_core: Software ver. 5.3.6 - Copyright 2005-2007 Rodolfo Giometti <giometti@linux.it>
Sep 07 01:34:49 hostname-txyuq.foreman.pxe kernel: PTP clock support registered
Sep 07 01:34:49 hostname-txyuq.foreman.pxe kernel: EDAC MC: Ver: 3.0.0
Sep 07 01:34:49 hostname-txyuq.foreman.pxe kernel: efivars: Registered efivars operations
Sep 07 01:34:49 hostname-txyuq.foreman.pxe kernel: NetLabel: Initializing
Sep 07 01:34:49 hostname-txyuq.foreman.pxe kernel: NetLabel:  domain hash size = 128
Sep 07 01:34:49 hostname-txyuq.foreman.pxe kernel: NetLabel:  protocols = UNLABELED CIPSOv4 CALIPSO
Sep 07 01:34:49 hostname-txyuq.foreman.pxe kernel: NetLabel:  unlabeled traffic allowed by default
Sep 07 01:34:49 hostname-txyuq.foreman.pxe kernel: pci 0000:02:00.0: vgaarb: setting as boot VGA device
Sep 07 01:34:49 hostname-txyuq.foreman.pxe kernel: pci 0000:02:00.0: vgaarb: bridge control possible
Sep 07 01:34:49 hostname-txyuq.foreman.pxe kernel: pci 0000:02:00.0: vgaarb: VGA device added: decodes=io+mem,owns=none,locks=none
Sep 07 01:34:49 hostname-txyuq.foreman.pxe kernel: vgaarb: loaded
Sep 07 01:34:49 hostname-txyuq.foreman.pxe kernel: clocksource: Switched to clocksource arch_sys_counter
Sep 07 01:34:49 hostname-txyuq.foreman.pxe kernel: VFS: Disk quotas dquot_6.6.0
Sep 07 01:34:49 hostname-txyuq.foreman.pxe kernel: VFS: Dquot-cache hash table entries: 512 (order 0, 4096 bytes)
Sep 07 01:34:49 hostname-txyuq.foreman.pxe kernel: pnp: PnP ACPI init
Sep 07 01:34:49 hostname-txyuq.foreman.pxe kernel: system 00:00: [mem 0xd0000000-0xdfffffff] could not be reserved
Sep 07 01:34:49 hostname-txyuq.foreman.pxe kernel: pnp: PnP ACPI: found 1 devices
Sep 07 01:34:49 hostname-txyuq.foreman.pxe kernel: NET: Registered PF_INET protocol family
Sep 07 01:34:49 hostname-txyuq.foreman.pxe kernel: IP idents hash table entries: 262144 (order: 9, 2097152 bytes, vmalloc)
Sep 07 01:34:49 hostname-txyuq.foreman.pxe kernel: tcp_listen_portaddr_hash hash table entries: 65536 (order: 8, 1048576 bytes, vmalloc)
Sep 07 01:34:49 hostname-txyuq.foreman.pxe kernel: Table-perturb hash table entries: 65536 (order: 6, 262144 bytes, vmalloc)
Sep 07 01:34:49 hostname-txyuq.foreman.pxe kernel: TCP established hash table entries: 524288 (order: 10, 4194304 bytes, vmalloc)
Sep 07 01:34:49 hostname-txyuq.foreman.pxe kernel: TCP bind hash table entries: 65536 (order: 9, 2097152 bytes, vmalloc)
Sep 07 01:34:49 hostname-txyuq.foreman.pxe kernel: TCP: Hash tables configured (established 524288 bind 65536)
Sep 07 01:34:49 hostname-txyuq.foreman.pxe kernel: MPTCP token hash table entries: 65536 (order: 8, 1572864 bytes, vmalloc)
Sep 07 01:34:49 hostname-txyuq.foreman.pxe kernel: UDP hash table entries: 65536 (order: 9, 2097152 bytes, vmalloc)
Sep 07 01:34:49 hostname-txyuq.foreman.pxe kernel: UDP-Lite hash table entries: 65536 (order: 9, 2097152 bytes, vmalloc)
Sep 07 01:34:49 hostname-txyuq.foreman.pxe kernel: NET: Registered PF_UNIX/PF_LOCAL protocol family
Sep 07 01:34:49 hostname-txyuq.foreman.pxe kernel: NET: Registered PF_XDP protocol family
Sep 07 01:34:49 hostname-txyuq.foreman.pxe kernel: pci 0000:30:01.0: enabling device (0000 -> 0002)
Sep 07 01:34:49 hostname-txyuq.foreman.pxe kernel: pci 0000:30:03.0: enabling device (0000 -> 0002)
Sep 07 01:34:49 hostname-txyuq.foreman.pxe kernel: pci 0000:32:01.0: enabling device (0000 -> 0002)
Sep 07 01:34:49 hostname-txyuq.foreman.pxe kernel: pci 0000:32:03.0: enabling device (0000 -> 0002)
Sep 07 01:34:49 hostname-txyuq.foreman.pxe kernel: pci 0000:70:01.0: enabling device (0000 -> 0002)
Sep 07 01:34:49 hostname-txyuq.foreman.pxe kernel: pci 0000:70:03.0: enabling device (0000 -> 0002)
Sep 07 01:34:49 hostname-txyuq.foreman.pxe kernel: pci 0000:72:01.0: enabling device (0000 -> 0002)
Sep 07 01:34:49 hostname-txyuq.foreman.pxe kernel: pci 0000:72:03.0: enabling device (0000 -> 0002)
Sep 07 01:34:49 hostname-txyuq.foreman.pxe kernel: PCI: CLS 32 bytes, default 64
Sep 07 01:34:49 hostname-txyuq.foreman.pxe kernel: Trying to unpack rootfs image as initramfs...
Sep 07 01:34:49 hostname-txyuq.foreman.pxe kernel: kvm [1]: detected: Hisi CPU type 'HIP09'
Sep 07 01:34:49 hostname-txyuq.foreman.pxe kernel: kvm [1]: KVM ncsnp disabled
Sep 07 01:34:49 hostname-txyuq.foreman.pxe kernel: kvm [1]: KVM dvmbm disabled
Sep 07 01:34:49 hostname-txyuq.foreman.pxe kernel: kvm [1]: IPA Size Limit: 48 bits
Sep 07 01:34:49 hostname-txyuq.foreman.pxe kernel: kvm [1]: GICv4 support disabled
Sep 07 01:34:49 hostname-txyuq.foreman.pxe kernel: kvm [1]: GICv3: no GICV resource entry
Sep 07 01:34:49 hostname-txyuq.foreman.pxe kernel: kvm [1]: disabling GICv2 emulation
Sep 07 01:34:49 hostname-txyuq.foreman.pxe kernel: kvm [1]: GIC system register CPU interface enabled
Sep 07 01:34:49 hostname-txyuq.foreman.pxe kernel: kvm [1]: vgic interrupt IRQ9
Sep 07 01:34:49 hostname-txyuq.foreman.pxe kernel: kvm [1]: VHE mode initialized successfully
Sep 07 01:34:49 hostname-txyuq.foreman.pxe kernel: kvm [1]: Shadow device disabled
Sep 07 01:34:49 hostname-txyuq.foreman.pxe kernel: Initialise system trusted keyrings
Sep 07 01:34:49 hostname-txyuq.foreman.pxe kernel: Key type blacklist registered
Sep 07 01:34:49 hostname-txyuq.foreman.pxe kernel: workingset: timestamp_bits=38 max_order=29 bucket_order=0
Sep 07 01:34:49 hostname-txyuq.foreman.pxe kernel: zbud: loaded
Sep 07 01:34:49 hostname-txyuq.foreman.pxe kernel: integrity: Platform Keyring initialized
Sep 07 01:34:49 hostname-txyuq.foreman.pxe kernel: NET: Registered PF_ALG protocol family
Sep 07 01:34:49 hostname-txyuq.foreman.pxe kernel: Key type asymmetric registered
Sep 07 01:34:49 hostname-txyuq.foreman.pxe kernel: Asymmetric key parser 'x509' registered
Sep 07 01:34:49 hostname-txyuq.foreman.pxe kernel: Asymmetric key parser 'pgp' registered
Sep 07 01:34:49 hostname-txyuq.foreman.pxe kernel: Block layer SCSI generic (bsg) driver version 0.4 loaded (major 247)
Sep 07 01:34:49 hostname-txyuq.foreman.pxe kernel: io scheduler mq-deadline registered
Sep 07 01:34:49 hostname-txyuq.foreman.pxe kernel: io scheduler kyber registered
Sep 07 01:34:49 hostname-txyuq.foreman.pxe kernel: io scheduler bfq registered
Sep 07 01:34:49 hostname-txyuq.foreman.pxe kernel: pcieport 0000:01:00.0: PME: Signaling with IRQ 27
Sep 07 01:34:49 hostname-txyuq.foreman.pxe kernel: pcieport 0000:01:01.0: PME: Signaling with IRQ 28
Sep 07 01:34:49 hostname-txyuq.foreman.pxe kernel: pcieport 0000:01:02.0: PME: Signaling with IRQ 29
Sep 07 01:34:49 hostname-txyuq.foreman.pxe kernel: pcieport 0000:01:03.0: PME: Signaling with IRQ 30
Sep 07 01:34:49 hostname-txyuq.foreman.pxe kernel: pcieport 0000:40:00.0: PME: Signaling with IRQ 31
Sep 07 01:34:49 hostname-txyuq.foreman.pxe kernel: pcieport 0000:40:00.0: pciehp: Slot #143 AttnBtn- PwrCtrl+ MRL- AttnInd+ PwrInd+ HotPlug+ Surprise+ Interlock- NoCompl- IbPresDis- LLActRep+
Sep 07 01:34:49 hostname-txyuq.foreman.pxe kernel: pcieport 0000:40:02.0: PME: Signaling with IRQ 32
Sep 07 01:34:49 hostname-txyuq.foreman.pxe kernel: pcieport 0000:40:02.0: pciehp: Slot #142 AttnBtn- PwrCtrl+ MRL- AttnInd+ PwrInd+ HotPlug+ Surprise+ Interlock- NoCompl- IbPresDis- LLActRep+
Sep 07 01:34:49 hostname-txyuq.foreman.pxe kernel: pcieport 0000:40:04.0: PME: Signaling with IRQ 33
Sep 07 01:34:49 hostname-txyuq.foreman.pxe kernel: pcieport 0000:40:04.0: pciehp: Slot #141 AttnBtn- PwrCtrl+ MRL- AttnInd+ PwrInd+ HotPlug+ Surprise+ Interlock- NoCompl- IbPresDis- LLActRep+
Sep 07 01:34:49 hostname-txyuq.foreman.pxe kernel: pcieport 0000:40:06.0: PME: Signaling with IRQ 34
Sep 07 01:34:49 hostname-txyuq.foreman.pxe kernel: pcieport 0000:40:06.0: pciehp: Slot #140 AttnBtn- PwrCtrl+ MRL- AttnInd+ PwrInd+ HotPlug+ Surprise+ Interlock- NoCompl- IbPresDis- LLActRep+
Sep 07 01:34:49 hostname-txyuq.foreman.pxe kernel: pcieport 0000:56:00.0: PME: Signaling with IRQ 35
Sep 07 01:34:49 hostname-txyuq.foreman.pxe kernel: pcieport 0000:56:00.0: pciehp: Slot #150 AttnBtn- PwrCtrl+ MRL- AttnInd+ PwrInd+ HotPlug+ Surprise+ Interlock- NoCompl- IbPresDis- LLActRep+
Sep 07 01:34:49 hostname-txyuq.foreman.pxe kernel: pcieport 0000:56:02.0: PME: Signaling with IRQ 36
Sep 07 01:34:49 hostname-txyuq.foreman.pxe kernel: pcieport 0000:56:02.0: pciehp: Slot #151 AttnBtn- PwrCtrl+ MRL- AttnInd+ PwrInd+ HotPlug+ Surprise+ Interlock- NoCompl- IbPresDis- LLActRep+
Sep 07 01:34:49 hostname-txyuq.foreman.pxe kernel: pcieport 0000:56:04.0: PME: Signaling with IRQ 37
Sep 07 01:34:49 hostname-txyuq.foreman.pxe kernel: pcieport 0000:56:04.0: pciehp: Slot #148 AttnBtn- PwrCtrl+ MRL- AttnInd+ PwrInd+ HotPlug+ Surprise+ Interlock- NoCompl- IbPresDis- LLActRep+
Sep 07 01:34:49 hostname-txyuq.foreman.pxe kernel: pcieport 0000:56:06.0: PME: Signaling with IRQ 38
Sep 07 01:34:49 hostname-txyuq.foreman.pxe kernel: pcieport 0000:56:06.0: pciehp: Slot #149 AttnBtn- PwrCtrl+ MRL- AttnInd+ PwrInd+ HotPlug+ Surprise+ Interlock- NoCompl- IbPresDis- LLActRep+
Sep 07 01:34:49 hostname-txyuq.foreman.pxe kernel: pcieport 0000:aa:00.0: PME: Signaling with IRQ 39
Sep 07 01:34:49 hostname-txyuq.foreman.pxe kernel: pcieport 0000:aa:00.0: pciehp: Slot #138 AttnBtn- PwrCtrl+ MRL- AttnInd+ PwrInd+ HotPlug+ Surprise+ Interlock- NoCompl- IbPresDis- LLActRep+
Sep 07 01:34:49 hostname-txyuq.foreman.pxe kernel: pcieport 0000:aa:02.0: PME: Signaling with IRQ 40
Sep 07 01:34:49 hostname-txyuq.foreman.pxe kernel: pcieport 0000:aa:02.0: pciehp: Slot #139 AttnBtn- PwrCtrl+ MRL- AttnInd+ PwrInd+ HotPlug+ Surprise+ Interlock- NoCompl- IbPresDis- LLActRep+
Sep 07 01:34:49 hostname-txyuq.foreman.pxe kernel: pcieport 0000:aa:04.0: PME: Signaling with IRQ 41
Sep 07 01:34:49 hostname-txyuq.foreman.pxe kernel: pcieport 0000:aa:04.0: pciehp: Slot #136 AttnBtn- PwrCtrl+ MRL- AttnInd+ PwrInd+ HotPlug+ Surprise+ Interlock- NoCompl- IbPresDis- LLActRep+
Sep 07 01:34:49 hostname-txyuq.foreman.pxe kernel: pcieport 0000:aa:06.0: PME: Signaling with IRQ 42
Sep 07 01:34:49 hostname-txyuq.foreman.pxe kernel: pcieport 0000:aa:06.0: pciehp: Slot #137 AttnBtn- PwrCtrl+ MRL- AttnInd+ PwrInd+ HotPlug+ Surprise+ Interlock- NoCompl- IbPresDis- LLActRep+
Sep 07 01:34:49 hostname-txyuq.foreman.pxe kernel: pcieport 0000:c0:00.0: PME: Signaling with IRQ 43
Sep 07 01:34:49 hostname-txyuq.foreman.pxe kernel: pcieport 0000:d5:00.0: PME: Signaling with IRQ 44
Sep 07 01:34:49 hostname-txyuq.foreman.pxe kernel: pcieport 0000:d5:00.0: pciehp: Slot #130 AttnBtn- PwrCtrl+ MRL- AttnInd+ PwrInd+ HotPlug+ Surprise+ Interlock- NoCompl- IbPresDis- LLActRep+
Sep 07 01:34:49 hostname-txyuq.foreman.pxe kernel: pcieport 0000:d5:02.0: PME: Signaling with IRQ 45
Sep 07 01:34:49 hostname-txyuq.foreman.pxe kernel: pcieport 0000:d5:02.0: pciehp: Slot #131 AttnBtn- PwrCtrl+ MRL- AttnInd+ PwrInd+ HotPlug+ Surprise+ Interlock- NoCompl- IbPresDis- LLActRep+
Sep 07 01:34:49 hostname-txyuq.foreman.pxe kernel: pcieport 0000:d5:04.0: PME: Signaling with IRQ 46
Sep 07 01:34:49 hostname-txyuq.foreman.pxe kernel: pcieport 0000:d5:04.0: pciehp: Slot #128 AttnBtn- PwrCtrl+ MRL- AttnInd+ PwrInd+ HotPlug+ Surprise+ Interlock- NoCompl- IbPresDis- LLActRep+
Sep 07 01:34:49 hostname-txyuq.foreman.pxe kernel: pcieport 0000:d5:06.0: PME: Signaling with IRQ 47
Sep 07 01:34:49 hostname-txyuq.foreman.pxe kernel: pcieport 0000:d5:06.0: pciehp: Slot #129 AttnBtn- PwrCtrl+ MRL- AttnInd+ PwrInd+ HotPlug+ Surprise+ Interlock- NoCompl- IbPresDis- LLActRep+
Sep 07 01:34:49 hostname-txyuq.foreman.pxe kernel: shpchp: Standard Hot Plug PCI Controller Driver version: 0.4
Sep 07 01:34:49 hostname-txyuq.foreman.pxe kernel: input: Power Button as /devices/LNXSYSTM:00/LNXSYBUS:00/PNP0C0C:00/input/input0
Sep 07 01:34:49 hostname-txyuq.foreman.pxe kernel: ACPI: button: Power Button [PWRB]
Sep 07 01:34:49 hostname-txyuq.foreman.pxe kernel: thermal LNXTHERM:00: registered as thermal_zone0
Sep 07 01:34:49 hostname-txyuq.foreman.pxe kernel: ACPI: thermal: Thermal Zone [TZ00] (47 C)
Sep 07 01:34:49 hostname-txyuq.foreman.pxe kernel: thermal LNXTHERM:01: registered as thermal_zone1
Sep 07 01:34:49 hostname-txyuq.foreman.pxe kernel: ACPI: thermal: Thermal Zone [TZ01] (50 C)
Sep 07 01:34:49 hostname-txyuq.foreman.pxe kernel: thermal LNXTHERM:02: registered as thermal_zone2
Sep 07 01:34:49 hostname-txyuq.foreman.pxe kernel: ACPI: thermal: Thermal Zone [TZ02] (48 C)
Sep 07 01:34:49 hostname-txyuq.foreman.pxe kernel: thermal LNXTHERM:03: registered as thermal_zone3
Sep 07 01:34:49 hostname-txyuq.foreman.pxe kernel: ACPI: thermal: Thermal Zone [TZ03] (46 C)
Sep 07 01:34:49 hostname-txyuq.foreman.pxe kernel: ACPI GTDT: found 1 SBSA generic Watchdog(s).
Sep 07 01:34:49 hostname-txyuq.foreman.pxe kernel: Serial: 8250/16550 driver, 4 ports, IRQ sharing enabled
Sep 07 01:34:49 hostname-txyuq.foreman.pxe kernel: virdev: Register virtdev platform driver succeed.
Sep 07 01:34:49 hostname-txyuq.foreman.pxe kernel: rdac: device handler registered
Sep 07 01:34:49 hostname-txyuq.foreman.pxe kernel: hp_sw: device handler registered
Sep 07 01:34:49 hostname-txyuq.foreman.pxe kernel: emc: device handler registered
Sep 07 01:34:49 hostname-txyuq.foreman.pxe kernel: alua: device handler registered
Sep 07 01:34:49 hostname-txyuq.foreman.pxe kernel: xhci_hcd 0000:30:01.0: xHCI Host Controller
Sep 07 01:34:49 hostname-txyuq.foreman.pxe kernel: xhci_hcd 0000:30:01.0: new USB bus registered, assigned bus number 1
Sep 07 01:34:49 hostname-txyuq.foreman.pxe kernel: xhci_hcd 0000:30:01.0: USB3 root hub has no ports
Sep 07 01:34:49 hostname-txyuq.foreman.pxe kernel: xhci_hcd 0000:30:01.0: hcc params 0x0a000a89 hci version 0x110 quirks 0x8000000000000010
Sep 07 01:34:49 hostname-txyuq.foreman.pxe kernel: xhci_hcd 0000:30:01.0: xHCI Host Controller
Sep 07 01:34:49 hostname-txyuq.foreman.pxe kernel: xhci_hcd 0000:30:01.0: new USB bus registered, assigned bus number 2
Sep 07 01:34:49 hostname-txyuq.foreman.pxe kernel: xhci_hcd 0000:30:01.0: Host supports USB 3.0 SuperSpeed
Sep 07 01:34:50 hostname-txyuq.foreman.pxe kernel: usb usb1: New USB device found, idVendor=1d6b, idProduct=0002, bcdDevice= 6.06
Sep 07 01:34:50 hostname-txyuq.foreman.pxe kernel: usb usb1: New USB device strings: Mfr=3, Product=2, SerialNumber=1
Sep 07 01:34:50 hostname-txyuq.foreman.pxe kernel: usb usb1: Product: xHCI Host Controller
Sep 07 01:34:50 hostname-txyuq.foreman.pxe kernel: usb usb1: Manufacturer: Linux 6.6.0-72.0.0.76.oe2403sp1.aarch64 xhci-hcd
Sep 07 01:34:50 hostname-txyuq.foreman.pxe kernel: usb usb1: SerialNumber: 0000:30:01.0
Sep 07 01:34:50 hostname-txyuq.foreman.pxe kernel: hub 1-0:1.0: USB hub found
Sep 07 01:34:50 hostname-txyuq.foreman.pxe kernel: hub 1-0:1.0: 1 port detected
Sep 07 01:34:50 hostname-txyuq.foreman.pxe kernel: usb usb2: We don't know the algorithms for LPM for this host, disabling LPM.
Sep 07 01:34:50 hostname-txyuq.foreman.pxe kernel: usb usb2: New USB device found, idVendor=1d6b, idProduct=0003, bcdDevice= 6.06
Sep 07 01:34:50 hostname-txyuq.foreman.pxe kernel: usb usb2: New USB device strings: Mfr=3, Product=2, SerialNumber=1
Sep 07 01:34:50 hostname-txyuq.foreman.pxe kernel: usb usb2: Product: xHCI Host Controller
Sep 07 01:34:50 hostname-txyuq.foreman.pxe kernel: usb usb2: Manufacturer: Linux 6.6.0-72.0.0.76.oe2403sp1.aarch64 xhci-hcd
Sep 07 01:34:50 hostname-txyuq.foreman.pxe kernel: usb usb2: SerialNumber: 0000:30:01.0
Sep 07 01:34:50 hostname-txyuq.foreman.pxe kernel: hub 2-0:1.0: USB hub found
Sep 07 01:34:50 hostname-txyuq.foreman.pxe kernel: hub 2-0:1.0: config failed, hub doesn't have any ports! (err -19)
Sep 07 01:34:50 hostname-txyuq.foreman.pxe kernel: xhci_hcd 0000:30:03.0: xHCI Host Controller
Sep 07 01:34:50 hostname-txyuq.foreman.pxe kernel: xhci_hcd 0000:30:03.0: new USB bus registered, assigned bus number 3
Sep 07 01:34:50 hostname-txyuq.foreman.pxe kernel: xhci_hcd 0000:30:03.0: hcc params 0x0a000a89 hci version 0x110 quirks 0x8000000000000010
Sep 07 01:34:50 hostname-txyuq.foreman.pxe kernel: xhci_hcd 0000:30:03.0: xHCI Host Controller
Sep 07 01:34:50 hostname-txyuq.foreman.pxe kernel: xhci_hcd 0000:30:03.0: new USB bus registered, assigned bus number 4
Sep 07 01:34:50 hostname-txyuq.foreman.pxe kernel: xhci_hcd 0000:30:03.0: Host supports USB 3.1 Enhanced SuperSpeed
Sep 07 01:34:50 hostname-txyuq.foreman.pxe kernel: usb usb3: New USB device found, idVendor=1d6b, idProduct=0002, bcdDevice= 6.06
Sep 07 01:34:50 hostname-txyuq.foreman.pxe kernel: usb usb3: New USB device strings: Mfr=3, Product=2, SerialNumber=1
Sep 07 01:34:50 hostname-txyuq.foreman.pxe kernel: usb usb3: Product: xHCI Host Controller
Sep 07 01:34:50 hostname-txyuq.foreman.pxe kernel: usb usb3: Manufacturer: Linux 6.6.0-72.0.0.76.oe2403sp1.aarch64 xhci-hcd
Sep 07 01:34:50 hostname-txyuq.foreman.pxe kernel: usb usb3: SerialNumber: 0000:30:03.0
Sep 07 01:34:50 hostname-txyuq.foreman.pxe kernel: hub 3-0:1.0: USB hub found
Sep 07 01:34:50 hostname-txyuq.foreman.pxe kernel: hub 3-0:1.0: 1 port detected
Sep 07 01:34:50 hostname-txyuq.foreman.pxe kernel: usb usb4: We don't know the algorithms for LPM for this host, disabling LPM.
Sep 07 01:34:50 hostname-txyuq.foreman.pxe kernel: usb usb4: New USB device found, idVendor=1d6b, idProduct=0003, bcdDevice= 6.06
Sep 07 01:34:50 hostname-txyuq.foreman.pxe kernel: usb usb4: New USB device strings: Mfr=3, Product=2, SerialNumber=1
Sep 07 01:34:50 hostname-txyuq.foreman.pxe kernel: usb usb4: Product: xHCI Host Controller
Sep 07 01:34:50 hostname-txyuq.foreman.pxe kernel: usb usb4: Manufacturer: Linux 6.6.0-72.0.0.76.oe2403sp1.aarch64 xhci-hcd
Sep 07 01:34:50 hostname-txyuq.foreman.pxe kernel: usb usb4: SerialNumber: 0000:30:03.0
Sep 07 01:34:50 hostname-txyuq.foreman.pxe kernel: hub 4-0:1.0: USB hub found
Sep 07 01:34:50 hostname-txyuq.foreman.pxe kernel: hub 4-0:1.0: 1 port detected
Sep 07 01:34:50 hostname-txyuq.foreman.pxe kernel: xhci_hcd 0000:32:01.0: xHCI Host Controller
Sep 07 01:34:50 hostname-txyuq.foreman.pxe kernel: xhci_hcd 0000:32:01.0: new USB bus registered, assigned bus number 5
Sep 07 01:34:50 hostname-txyuq.foreman.pxe kernel: xhci_hcd 0000:32:01.0: USB3 root hub has no ports
Sep 07 01:34:50 hostname-txyuq.foreman.pxe kernel: xhci_hcd 0000:32:01.0: hcc params 0x0a000a89 hci version 0x110 quirks 0x8000000000000010
Sep 07 01:34:50 hostname-txyuq.foreman.pxe kernel: xhci_hcd 0000:32:01.0: xHCI Host Controller
Sep 07 01:34:50 hostname-txyuq.foreman.pxe kernel: xhci_hcd 0000:32:01.0: new USB bus registered, assigned bus number 6
Sep 07 01:34:50 hostname-txyuq.foreman.pxe kernel: xhci_hcd 0000:32:01.0: Host supports USB 3.0 SuperSpeed
Sep 07 01:34:50 hostname-txyuq.foreman.pxe kernel: usb usb5: New USB device found, idVendor=1d6b, idProduct=0002, bcdDevice= 6.06
Sep 07 01:34:50 hostname-txyuq.foreman.pxe kernel: usb usb5: New USB device strings: Mfr=3, Product=2, SerialNumber=1
Sep 07 01:34:50 hostname-txyuq.foreman.pxe kernel: usb usb5: Product: xHCI Host Controller
Sep 07 01:34:50 hostname-txyuq.foreman.pxe kernel: usb usb5: Manufacturer: Linux 6.6.0-72.0.0.76.oe2403sp1.aarch64 xhci-hcd
Sep 07 01:34:50 hostname-txyuq.foreman.pxe kernel: usb usb5: SerialNumber: 0000:32:01.0
Sep 07 01:34:50 hostname-txyuq.foreman.pxe kernel: hub 5-0:1.0: USB hub found
Sep 07 01:34:50 hostname-txyuq.foreman.pxe kernel: hub 5-0:1.0: 1 port detected
Sep 07 01:34:50 hostname-txyuq.foreman.pxe kernel: usb usb6: We don't know the algorithms for LPM for this host, disabling LPM.
Sep 07 01:34:50 hostname-txyuq.foreman.pxe kernel: usb usb6: New USB device found, idVendor=1d6b, idProduct=0003, bcdDevice= 6.06
Sep 07 01:34:50 hostname-txyuq.foreman.pxe kernel: usb usb6: New USB device strings: Mfr=3, Product=2, SerialNumber=1
Sep 07 01:34:50 hostname-txyuq.foreman.pxe kernel: usb usb6: Product: xHCI Host Controller
Sep 07 01:34:50 hostname-txyuq.foreman.pxe kernel: usb usb6: Manufacturer: Linux 6.6.0-72.0.0.76.oe2403sp1.aarch64 xhci-hcd
Sep 07 01:34:50 hostname-txyuq.foreman.pxe kernel: usb usb6: SerialNumber: 0000:32:01.0
Sep 07 01:34:50 hostname-txyuq.foreman.pxe kernel: hub 6-0:1.0: USB hub found
Sep 07 01:34:50 hostname-txyuq.foreman.pxe kernel: hub 6-0:1.0: config failed, hub doesn't have any ports! (err -19)
Sep 07 01:34:50 hostname-txyuq.foreman.pxe kernel: xhci_hcd 0000:32:03.0: xHCI Host Controller
Sep 07 01:34:50 hostname-txyuq.foreman.pxe kernel: xhci_hcd 0000:32:03.0: new USB bus registered, assigned bus number 7
Sep 07 01:34:50 hostname-txyuq.foreman.pxe kernel: xhci_hcd 0000:32:03.0: hcc params 0x0a000a89 hci version 0x110 quirks 0x8000000000000010
Sep 07 01:34:50 hostname-txyuq.foreman.pxe kernel: xhci_hcd 0000:32:03.0: xHCI Host Controller
Sep 07 01:34:50 hostname-txyuq.foreman.pxe kernel: xhci_hcd 0000:32:03.0: new USB bus registered, assigned bus number 8
Sep 07 01:34:50 hostname-txyuq.foreman.pxe kernel: xhci_hcd 0000:32:03.0: Host supports USB 3.1 Enhanced SuperSpeed
Sep 07 01:34:50 hostname-txyuq.foreman.pxe kernel: usb usb7: New USB device found, idVendor=1d6b, idProduct=0002, bcdDevice= 6.06
Sep 07 01:34:50 hostname-txyuq.foreman.pxe kernel: usb usb7: New USB device strings: Mfr=3, Product=2, SerialNumber=1
Sep 07 01:34:50 hostname-txyuq.foreman.pxe kernel: usb usb7: Product: xHCI Host Controller
Sep 07 01:34:50 hostname-txyuq.foreman.pxe kernel: usb usb7: Manufacturer: Linux 6.6.0-72.0.0.76.oe2403sp1.aarch64 xhci-hcd
Sep 07 01:34:50 hostname-txyuq.foreman.pxe kernel: usb usb7: SerialNumber: 0000:32:03.0
Sep 07 01:34:50 hostname-txyuq.foreman.pxe kernel: hub 7-0:1.0: USB hub found
Sep 07 01:34:50 hostname-txyuq.foreman.pxe kernel: hub 7-0:1.0: 1 port detected
Sep 07 01:34:50 hostname-txyuq.foreman.pxe kernel: usb usb8: We don't know the algorithms for LPM for this host, disabling LPM.
Sep 07 01:34:50 hostname-txyuq.foreman.pxe kernel: usb usb8: New USB device found, idVendor=1d6b, idProduct=0003, bcdDevice= 6.06
Sep 07 01:34:50 hostname-txyuq.foreman.pxe kernel: usb usb8: New USB device strings: Mfr=3, Product=2, SerialNumber=1
Sep 07 01:34:50 hostname-txyuq.foreman.pxe kernel: usb usb8: Product: xHCI Host Controller
Sep 07 01:34:50 hostname-txyuq.foreman.pxe kernel: usb usb8: Manufacturer: Linux 6.6.0-72.0.0.76.oe2403sp1.aarch64 xhci-hcd
Sep 07 01:34:50 hostname-txyuq.foreman.pxe kernel: usb usb8: SerialNumber: 0000:32:03.0
Sep 07 01:34:50 hostname-txyuq.foreman.pxe kernel: hub 8-0:1.0: USB hub found
Sep 07 01:34:50 hostname-txyuq.foreman.pxe kernel: hub 8-0:1.0: 1 port detected
Sep 07 01:34:50 hostname-txyuq.foreman.pxe kernel: xhci_hcd 0000:70:01.0: xHCI Host Controller
Sep 07 01:34:50 hostname-txyuq.foreman.pxe kernel: xhci_hcd 0000:70:01.0: new USB bus registered, assigned bus number 9
Sep 07 01:34:50 hostname-txyuq.foreman.pxe kernel: xhci_hcd 0000:70:01.0: USB3 root hub has no ports
Sep 07 01:34:50 hostname-txyuq.foreman.pxe kernel: xhci_hcd 0000:70:01.0: hcc params 0x0a000a89 hci version 0x110 quirks 0x8000000000000010
Sep 07 01:34:50 hostname-txyuq.foreman.pxe kernel: xhci_hcd 0000:70:01.0: xHCI Host Controller
Sep 07 01:34:50 hostname-txyuq.foreman.pxe kernel: xhci_hcd 0000:70:01.0: new USB bus registered, assigned bus number 10
Sep 07 01:34:50 hostname-txyuq.foreman.pxe kernel: xhci_hcd 0000:70:01.0: Host supports USB 3.0 SuperSpeed
Sep 07 01:34:50 hostname-txyuq.foreman.pxe kernel: usb usb9: New USB device found, idVendor=1d6b, idProduct=0002, bcdDevice= 6.06
Sep 07 01:34:50 hostname-txyuq.foreman.pxe kernel: usb usb9: New USB device strings: Mfr=3, Product=2, SerialNumber=1
Sep 07 01:34:50 hostname-txyuq.foreman.pxe kernel: usb usb9: Product: xHCI Host Controller
Sep 07 01:34:50 hostname-txyuq.foreman.pxe kernel: usb usb9: Manufacturer: Linux 6.6.0-72.0.0.76.oe2403sp1.aarch64 xhci-hcd
Sep 07 01:34:50 hostname-txyuq.foreman.pxe kernel: usb usb9: SerialNumber: 0000:70:01.0
Sep 07 01:34:50 hostname-txyuq.foreman.pxe kernel: hub 9-0:1.0: USB hub found
Sep 07 01:34:50 hostname-txyuq.foreman.pxe kernel: hub 9-0:1.0: 1 port detected
Sep 07 01:34:50 hostname-txyuq.foreman.pxe kernel: usb usb10: We don't know the algorithms for LPM for this host, disabling LPM.
Sep 07 01:34:50 hostname-txyuq.foreman.pxe kernel: usb usb10: New USB device found, idVendor=1d6b, idProduct=0003, bcdDevice= 6.06
Sep 07 01:34:50 hostname-txyuq.foreman.pxe kernel: usb usb10: New USB device strings: Mfr=3, Product=2, SerialNumber=1
Sep 07 01:34:50 hostname-txyuq.foreman.pxe kernel: usb usb10: Product: xHCI Host Controller
Sep 07 01:34:50 hostname-txyuq.foreman.pxe kernel: usb usb10: Manufacturer: Linux 6.6.0-72.0.0.76.oe2403sp1.aarch64 xhci-hcd
Sep 07 01:34:50 hostname-txyuq.foreman.pxe kernel: usb usb10: SerialNumber: 0000:70:01.0
Sep 07 01:34:50 hostname-txyuq.foreman.pxe kernel: hub 10-0:1.0: USB hub found
Sep 07 01:34:50 hostname-txyuq.foreman.pxe kernel: hub 10-0:1.0: config failed, hub doesn't have any ports! (err -19)
Sep 07 01:34:50 hostname-txyuq.foreman.pxe kernel: xhci_hcd 0000:70:03.0: xHCI Host Controller
Sep 07 01:34:50 hostname-txyuq.foreman.pxe kernel: xhci_hcd 0000:70:03.0: new USB bus registered, assigned bus number 11
Sep 07 01:34:50 hostname-txyuq.foreman.pxe kernel: xhci_hcd 0000:70:03.0: hcc params 0x0a000a89 hci version 0x110 quirks 0x8000000000000010
Sep 07 01:34:50 hostname-txyuq.foreman.pxe kernel: xhci_hcd 0000:70:03.0: xHCI Host Controller
Sep 07 01:34:50 hostname-txyuq.foreman.pxe kernel: xhci_hcd 0000:70:03.0: new USB bus registered, assigned bus number 12
Sep 07 01:34:50 hostname-txyuq.foreman.pxe kernel: xhci_hcd 0000:70:03.0: Host supports USB 3.1 Enhanced SuperSpeed
Sep 07 01:34:50 hostname-txyuq.foreman.pxe kernel: usb usb11: New USB device found, idVendor=1d6b, idProduct=0002, bcdDevice= 6.06
Sep 07 01:34:50 hostname-txyuq.foreman.pxe kernel: usb usb11: New USB device strings: Mfr=3, Product=2, SerialNumber=1
Sep 07 01:34:50 hostname-txyuq.foreman.pxe kernel: usb usb11: Product: xHCI Host Controller
Sep 07 01:34:50 hostname-txyuq.foreman.pxe kernel: usb usb11: Manufacturer: Linux 6.6.0-72.0.0.76.oe2403sp1.aarch64 xhci-hcd
Sep 07 01:34:50 hostname-txyuq.foreman.pxe kernel: usb usb11: SerialNumber: 0000:70:03.0
Sep 07 01:34:50 hostname-txyuq.foreman.pxe kernel: hub 11-0:1.0: USB hub found
Sep 07 01:34:50 hostname-txyuq.foreman.pxe kernel: hub 11-0:1.0: 1 port detected
Sep 07 01:34:50 hostname-txyuq.foreman.pxe kernel: usb usb12: We don't know the algorithms for LPM for this host, disabling LPM.
Sep 07 01:34:50 hostname-txyuq.foreman.pxe kernel: usb usb12: New USB device found, idVendor=1d6b, idProduct=0003, bcdDevice= 6.06
Sep 07 01:34:50 hostname-txyuq.foreman.pxe kernel: usb usb12: New USB device strings: Mfr=3, Product=2, SerialNumber=1
Sep 07 01:34:50 hostname-txyuq.foreman.pxe kernel: usb usb12: Product: xHCI Host Controller
Sep 07 01:34:50 hostname-txyuq.foreman.pxe kernel: usb usb12: Manufacturer: Linux 6.6.0-72.0.0.76.oe2403sp1.aarch64 xhci-hcd
Sep 07 01:34:50 hostname-txyuq.foreman.pxe kernel: usb usb12: SerialNumber: 0000:70:03.0
Sep 07 01:34:50 hostname-txyuq.foreman.pxe kernel: hub 12-0:1.0: USB hub found
Sep 07 01:34:50 hostname-txyuq.foreman.pxe kernel: hub 12-0:1.0: 1 port detected
Sep 07 01:34:50 hostname-txyuq.foreman.pxe kernel: xhci_hcd 0000:72:01.0: xHCI Host Controller
Sep 07 01:34:50 hostname-txyuq.foreman.pxe kernel: xhci_hcd 0000:72:01.0: new USB bus registered, assigned bus number 13
Sep 07 01:34:50 hostname-txyuq.foreman.pxe kernel: xhci_hcd 0000:72:01.0: USB3 root hub has no ports
Sep 07 01:34:50 hostname-txyuq.foreman.pxe kernel: xhci_hcd 0000:72:01.0: hcc params 0x0a000a89 hci version 0x110 quirks 0x8000000000000010
Sep 07 01:34:50 hostname-txyuq.foreman.pxe kernel: xhci_hcd 0000:72:01.0: xHCI Host Controller
Sep 07 01:34:50 hostname-txyuq.foreman.pxe kernel: xhci_hcd 0000:72:01.0: new USB bus registered, assigned bus number 14
Sep 07 01:34:50 hostname-txyuq.foreman.pxe kernel: xhci_hcd 0000:72:01.0: Host supports USB 3.0 SuperSpeed
Sep 07 01:34:50 hostname-txyuq.foreman.pxe kernel: usb usb13: New USB device found, idVendor=1d6b, idProduct=0002, bcdDevice= 6.06
Sep 07 01:34:50 hostname-txyuq.foreman.pxe kernel: usb usb13: New USB device strings: Mfr=3, Product=2, SerialNumber=1
Sep 07 01:34:50 hostname-txyuq.foreman.pxe kernel: usb usb13: Product: xHCI Host Controller
Sep 07 01:34:50 hostname-txyuq.foreman.pxe kernel: usb usb13: Manufacturer: Linux 6.6.0-72.0.0.76.oe2403sp1.aarch64 xhci-hcd
Sep 07 01:34:50 hostname-txyuq.foreman.pxe kernel: usb usb13: SerialNumber: 0000:72:01.0
Sep 07 01:34:50 hostname-txyuq.foreman.pxe kernel: hub 13-0:1.0: USB hub found
Sep 07 01:34:50 hostname-txyuq.foreman.pxe kernel: hub 13-0:1.0: 1 port detected
Sep 07 01:34:50 hostname-txyuq.foreman.pxe kernel: usb usb14: We don't know the algorithms for LPM for this host, disabling LPM.
Sep 07 01:34:50 hostname-txyuq.foreman.pxe kernel: usb usb14: New USB device found, idVendor=1d6b, idProduct=0003, bcdDevice= 6.06
Sep 07 01:34:50 hostname-txyuq.foreman.pxe kernel: usb usb14: New USB device strings: Mfr=3, Product=2, SerialNumber=1
Sep 07 01:34:50 hostname-txyuq.foreman.pxe kernel: usb usb14: Product: xHCI Host Controller
Sep 07 01:34:50 hostname-txyuq.foreman.pxe kernel: usb usb14: Manufacturer: Linux 6.6.0-72.0.0.76.oe2403sp1.aarch64 xhci-hcd
Sep 07 01:34:50 hostname-txyuq.foreman.pxe kernel: usb usb14: SerialNumber: 0000:72:01.0
Sep 07 01:34:50 hostname-txyuq.foreman.pxe kernel: hub 14-0:1.0: USB hub found
Sep 07 01:34:50 hostname-txyuq.foreman.pxe kernel: hub 14-0:1.0: config failed, hub doesn't have any ports! (err -19)
Sep 07 01:34:50 hostname-txyuq.foreman.pxe kernel: xhci_hcd 0000:72:03.0: xHCI Host Controller
Sep 07 01:34:50 hostname-txyuq.foreman.pxe kernel: xhci_hcd 0000:72:03.0: new USB bus registered, assigned bus number 15
Sep 07 01:34:50 hostname-txyuq.foreman.pxe kernel: xhci_hcd 0000:72:03.0: hcc params 0x0a000a89 hci version 0x110 quirks 0x8000000000000010
Sep 07 01:34:50 hostname-txyuq.foreman.pxe kernel: xhci_hcd 0000:72:03.0: xHCI Host Controller
Sep 07 01:34:50 hostname-txyuq.foreman.pxe kernel: xhci_hcd 0000:72:03.0: new USB bus registered, assigned bus number 16
Sep 07 01:34:50 hostname-txyuq.foreman.pxe kernel: xhci_hcd 0000:72:03.0: Host supports USB 3.1 Enhanced SuperSpeed
Sep 07 01:34:50 hostname-txyuq.foreman.pxe kernel: usb usb15: New USB device found, idVendor=1d6b, idProduct=0002, bcdDevice= 6.06
Sep 07 01:34:50 hostname-txyuq.foreman.pxe kernel: usb usb15: New USB device strings: Mfr=3, Product=2, SerialNumber=1
Sep 07 01:34:50 hostname-txyuq.foreman.pxe kernel: usb usb15: Product: xHCI Host Controller
Sep 07 01:34:50 hostname-txyuq.foreman.pxe kernel: usb usb15: Manufacturer: Linux 6.6.0-72.0.0.76.oe2403sp1.aarch64 xhci-hcd
Sep 07 01:34:50 hostname-txyuq.foreman.pxe kernel: usb usb15: SerialNumber: 0000:72:03.0
Sep 07 01:34:50 hostname-txyuq.foreman.pxe kernel: hub 15-0:1.0: USB hub found
Sep 07 01:34:50 hostname-txyuq.foreman.pxe kernel: hub 15-0:1.0: 1 port detected
Sep 07 01:34:50 hostname-txyuq.foreman.pxe kernel: usb usb16: We don't know the algorithms for LPM for this host, disabling LPM.
Sep 07 01:34:50 hostname-txyuq.foreman.pxe kernel: usb usb16: New USB device found, idVendor=1d6b, idProduct=0003, bcdDevice= 6.06
Sep 07 01:34:50 hostname-txyuq.foreman.pxe kernel: usb usb16: New USB device strings: Mfr=3, Product=2, SerialNumber=1
Sep 07 01:34:50 hostname-txyuq.foreman.pxe kernel: usb usb16: Product: xHCI Host Controller
Sep 07 01:34:50 hostname-txyuq.foreman.pxe kernel: usb usb16: Manufacturer: Linux 6.6.0-72.0.0.76.oe2403sp1.aarch64 xhci-hcd
Sep 07 01:34:50 hostname-txyuq.foreman.pxe kernel: usb usb16: SerialNumber: 0000:72:03.0
Sep 07 01:34:50 hostname-txyuq.foreman.pxe kernel: hub 16-0:1.0: USB hub found
Sep 07 01:34:50 hostname-txyuq.foreman.pxe kernel: hub 16-0:1.0: 1 port detected
Sep 07 01:34:50 hostname-txyuq.foreman.pxe kernel: mousedev: PS/2 mouse device common for all mice
Sep 07 01:34:50 hostname-txyuq.foreman.pxe kernel: rtc-efi rtc-efi.0: registered as rtc0
Sep 07 01:34:50 hostname-txyuq.foreman.pxe kernel: rtc-efi rtc-efi.0: setting system clock to 2026-09-07T01:34:49 UTC (1788744889)
Sep 07 01:34:50 hostname-txyuq.foreman.pxe kernel: ghes_edac: This system has 32 DIMM sockets.
Sep 07 01:34:50 hostname-txyuq.foreman.pxe kernel: EDAC MC0: Giving out device to module ghes_edac.c controller ghes_edac: DEV ghes (INTERRUPT)
Sep 07 01:34:50 hostname-txyuq.foreman.pxe kernel: efifb: probing for efifb
Sep 07 01:34:50 hostname-txyuq.foreman.pxe kernel: efifb: framebuffer at 0x80000000, using 1200k, total 1200k
Sep 07 01:34:50 hostname-txyuq.foreman.pxe kernel: efifb: mode is 640x480x32, linelength=2560, pages=1
Sep 07 01:34:50 hostname-txyuq.foreman.pxe kernel: efifb: scrolling: redraw
Sep 07 01:34:50 hostname-txyuq.foreman.pxe kernel: efifb: Truecolor: size=8:8:8:8, shift=24:16:8:0
Sep 07 01:34:50 hostname-txyuq.foreman.pxe kernel: Console: switching to colour frame buffer device 80x30
Sep 07 01:34:50 hostname-txyuq.foreman.pxe kernel: fb0: EFI VGA frame buffer device
Sep 07 01:34:50 hostname-txyuq.foreman.pxe kernel: SMCCC: SOC_ID: ARCH_SOC_ID not implemented, skipping ....
Sep 07 01:34:50 hostname-txyuq.foreman.pxe kernel: hid: raw HID events driver (C) Jiri Kosina
Sep 07 01:34:50 hostname-txyuq.foreman.pxe kernel: usbcore: registered new interface driver usbhid
Sep 07 01:34:50 hostname-txyuq.foreman.pxe kernel: usbhid: USB HID core driver
Sep 07 01:34:50 hostname-txyuq.foreman.pxe kernel: hw perfevents: enabled with armv8_pmuv3_0 PMU driver, 9 counters available
Sep 07 01:34:50 hostname-txyuq.foreman.pxe kernel: Initializing XFRM netlink socket
Sep 07 01:34:50 hostname-txyuq.foreman.pxe kernel: NET: Registered PF_INET6 protocol family
Sep 07 01:34:50 hostname-txyuq.foreman.pxe kernel: Segment Routing with IPv6
Sep 07 01:34:50 hostname-txyuq.foreman.pxe kernel: In-situ OAM (IOAM) with IPv6
Sep 07 01:34:50 hostname-txyuq.foreman.pxe kernel: NET: Registered PF_PACKET protocol family
Sep 07 01:34:50 hostname-txyuq.foreman.pxe kernel: registered taskstats version 1
Sep 07 01:34:50 hostname-txyuq.foreman.pxe kernel: Loading compiled-in X.509 certificates
Sep 07 01:34:50 hostname-txyuq.foreman.pxe kernel: Loaded X.509 cert 'openEuler kernel ICA 1: 90bb67eb4b57eb62bf6f867e4f56bd4e19e7d041'
Sep 07 01:34:50 hostname-txyuq.foreman.pxe kernel: Load PGP public keys
Sep 07 01:34:50 hostname-txyuq.foreman.pxe kernel: Freeing initrd memory: 28724K
Sep 07 01:34:50 hostname-txyuq.foreman.pxe kernel: Key type encrypted registered
Sep 07 01:34:50 hostname-txyuq.foreman.pxe kernel: ima: IMA RoT initializing tpm
Sep 07 01:34:50 hostname-txyuq.foreman.pxe kernel: ima: IMA RoT initializing virtcca
Sep 07 01:34:50 hostname-txyuq.foreman.pxe kernel: ima: No RoT found, activating RoT-bypass!
Sep 07 01:34:50 hostname-txyuq.foreman.pxe kernel: Loading compiled-in module X.509 certificates
Sep 07 01:34:50 hostname-txyuq.foreman.pxe kernel: ima: Allocated hash algorithm: sha256
Sep 07 01:34:50 hostname-txyuq.foreman.pxe kernel: ima: No architecture policies found
Sep 07 01:34:50 hostname-txyuq.foreman.pxe kernel: evm: Initialising EVM extended attributes:
Sep 07 01:34:50 hostname-txyuq.foreman.pxe kernel: evm: security.selinux
Sep 07 01:34:50 hostname-txyuq.foreman.pxe kernel: evm: security.SMACK64 (disabled)
Sep 07 01:34:50 hostname-txyuq.foreman.pxe kernel: evm: security.SMACK64EXEC (disabled)
Sep 07 01:34:50 hostname-txyuq.foreman.pxe kernel: evm: security.SMACK64TRANSMUTE (disabled)
Sep 07 01:34:50 hostname-txyuq.foreman.pxe kernel: evm: security.SMACK64MMAP (disabled)
Sep 07 01:34:50 hostname-txyuq.foreman.pxe kernel: evm: security.apparmor
Sep 07 01:34:50 hostname-txyuq.foreman.pxe kernel: evm: security.ima
Sep 07 01:34:50 hostname-txyuq.foreman.pxe kernel: evm: security.capability
Sep 07 01:34:50 hostname-txyuq.foreman.pxe kernel: evm: HMAC attrs: 0x1
Sep 07 01:34:50 hostname-txyuq.foreman.pxe kernel: clk: Disabling unused clocks
Sep 07 01:34:50 hostname-txyuq.foreman.pxe kernel: SDEI NMI watchdog: SDEI Watchdog registered successfully
Sep 07 01:34:50 hostname-txyuq.foreman.pxe kernel: integrity: Unable to open file: /etc/keys/x509_ima.der (-2)
Sep 07 01:34:50 hostname-txyuq.foreman.pxe kernel: integrity: Unable to open file: /etc/keys/x509_evm.der (-2)
Sep 07 01:34:50 hostname-txyuq.foreman.pxe kernel: usb 1-1: new high-speed USB device number 2 using xhci_hcd
Sep 07 01:34:50 hostname-txyuq.foreman.pxe kernel: usb 3-1: new high-speed USB device number 2 using xhci_hcd
Sep 07 01:34:50 hostname-txyuq.foreman.pxe kernel: Freeing unused kernel memory: 5632K
Sep 07 01:34:50 hostname-txyuq.foreman.pxe kernel: Run /init as init process
Sep 07 01:34:50 hostname-txyuq.foreman.pxe kernel:   with arguments:
Sep 07 01:34:50 hostname-txyuq.foreman.pxe kernel:     /init
Sep 07 01:34:50 hostname-txyuq.foreman.pxe kernel:     nofb
Sep 07 01:34:50 hostname-txyuq.foreman.pxe kernel:   with environment:
Sep 07 01:34:50 hostname-txyuq.foreman.pxe kernel:     HOME=/
Sep 07 01:34:50 hostname-txyuq.foreman.pxe kernel:     TERM=linux
Sep 07 01:34:50 hostname-txyuq.foreman.pxe kernel:     BOOT_IMAGE=/vmlinuz-6.6.0-72.0.0.76.oe2403sp1.aarch64
Sep 07 01:34:50 hostname-txyuq.foreman.pxe kernel:     splash=quiet
Sep 07 01:34:50 hostname-txyuq.foreman.pxe systemd[1]: systemd v255-34.oe2403sp1 running in system mode (+PAM +AUDIT +SELINUX -APPARMOR +IMA -SMACK +SECCOMP +GCRYPT +GNUTLS -OPENSSL +ACL +BLKID -CURL -ELFUTILS -FIDO2 +IDN2 -IDN -IPTC +KMOD +LIBCRYPTSETUP +LIBFDISK +PCRE2 -PWQUALITY +P11KIT -QRENCODE -TPM2 +BZIP2 +LZ4 +XZ +ZLIB -ZSTD -BPF_FRAMEWORK +XKBCOMMON +UTMP +SYSVINIT default-hierarchy=legacy)
Sep 07 01:34:50 hostname-txyuq.foreman.pxe systemd[1]: Detected architecture arm64.
Sep 07 01:34:50 hostname-txyuq.foreman.pxe systemd[1]: Running in initrd.
Sep 07 01:34:50 hostname-txyuq.foreman.pxe systemd[1]: Hostname set to <hostname-txyuq.foreman.pxe>.
Sep 07 01:34:50 hostname-txyuq.foreman.pxe systemd[1]: Queued start job for default target Initrd Default Target.
Sep 07 01:34:50 hostname-txyuq.foreman.pxe systemd[1]: Started Dispatch Password Requests to Console Directory Watch.
Sep 07 01:34:50 hostname-txyuq.foreman.pxe systemd[1]: Reached target Initrd /usr File System.
Sep 07 01:34:50 hostname-txyuq.foreman.pxe systemd[1]: Reached target Path Units.
Sep 07 01:34:50 hostname-txyuq.foreman.pxe systemd[1]: Reached target Slice Units.
Sep 07 01:34:50 hostname-txyuq.foreman.pxe systemd[1]: Reached target Swaps.
Sep 07 01:34:50 hostname-txyuq.foreman.pxe systemd[1]: Reached target Timer Units.
Sep 07 01:34:50 hostname-txyuq.foreman.pxe systemd[1]: Listening on Journal Socket (/dev/log).
Sep 07 01:34:50 hostname-txyuq.foreman.pxe systemd[1]: Listening on Journal Socket.
Sep 07 01:34:50 hostname-txyuq.foreman.pxe systemd[1]: Listening on udev Control Socket.
Sep 07 01:34:50 hostname-txyuq.foreman.pxe systemd[1]: Listening on udev Kernel Socket.
Sep 07 01:34:50 hostname-txyuq.foreman.pxe systemd[1]: Reached target Socket Units.
Sep 07 01:34:50 hostname-txyuq.foreman.pxe systemd[1]: Starting Create List of Static Device Nodes...
Sep 07 01:34:50 hostname-txyuq.foreman.pxe systemd[1]: Started Hardware RNG Entropy Gatherer Daemon.
Sep 07 01:34:50 hostname-txyuq.foreman.pxe kernel: usb 1-1: New USB device found, idVendor=12d1, idProduct=0001, bcdDevice= 1.00
Sep 07 01:34:50 hostname-txyuq.foreman.pxe kernel: usb 1-1: New USB device strings: Mfr=0, Product=1, SerialNumber=2
Sep 07 01:34:50 hostname-txyuq.foreman.pxe kernel: usb 1-1: Product: Keyboard/Mouse KVM 2.0
Sep 07 01:34:50 hostname-txyuq.foreman.pxe kernel: usb 1-1: SerialNumber: 0123456
Sep 07 01:34:50 hostname-txyuq.foreman.pxe systemd[1]: Starting Journal Service...
Sep 07 01:34:50 hostname-txyuq.foreman.pxe systemd[1]: Starting Load Kernel Modules...
Sep 07 01:34:50 hostname-txyuq.foreman.pxe kernel: usb 3-1: New USB device found, idVendor=2109, idProduct=2817, bcdDevice= 7.a3
Sep 07 01:34:50 hostname-txyuq.foreman.pxe kernel: usb 3-1: New USB device strings: Mfr=1, Product=2, SerialNumber=3
Sep 07 01:34:50 hostname-txyuq.foreman.pxe kernel: usb 3-1: Product: USB2.0 Hub             
Sep 07 01:34:50 hostname-txyuq.foreman.pxe kernel: usb 3-1: Manufacturer: VIA Labs, Inc.         
Sep 07 01:34:50 hostname-txyuq.foreman.pxe kernel: usb 3-1: SerialNumber: 000000000
Sep 07 01:34:50 hostname-txyuq.foreman.pxe systemd[1]: Starting Create Static Device Nodes in /dev...
Sep 07 01:34:50 hostname-txyuq.foreman.pxe systemd[1]: Starting Virtual Console Setup...
Sep 07 01:34:50 hostname-txyuq.foreman.pxe systemd[1]: Finished Create List of Static Device Nodes.
Sep 07 01:34:50 hostname-txyuq.foreman.pxe systemd[1]: Finished Create Static Device Nodes in /dev.
Sep 07 01:34:50 hostname-txyuq.foreman.pxe systemd[1]: Reached target Preparation for Local File Systems.
Sep 07 01:34:50 hostname-txyuq.foreman.pxe systemd[1]: Reached target Local File Systems.
Sep 07 01:34:50 hostname-txyuq.foreman.pxe systemd-journald[2143]: Collecting audit messages is disabled.
Sep 07 01:34:50 hostname-txyuq.foreman.pxe kernel: device-mapper: core: CONFIG_IMA_DISABLE_HTABLE is disabled. Duplicate IMA measurements will not be recorded in the IMA log.
Sep 07 01:34:50 hostname-txyuq.foreman.pxe kernel: device-mapper: uevent: version 1.0.3
Sep 07 01:34:50 hostname-txyuq.foreman.pxe kernel: device-mapper: ioctl: 4.48.0-ioctl (2023-03-01) initialised: dm-devel@redhat.com
Sep 07 01:34:50 hostname-txyuq.foreman.pxe kernel: hub 3-1:1.0: USB hub found
Sep 07 01:34:50 hostname-txyuq.foreman.pxe kernel: hub 3-1:1.0: 4 ports detected
Sep 07 01:34:50 hostname-txyuq.foreman.pxe systemd[1]: Finished Load Kernel Modules.
Sep 07 01:34:50 hostname-txyuq.foreman.pxe systemd[1]: Starting Apply Kernel Variables...
Sep 07 01:34:50 hostname-txyuq.foreman.pxe kernel: input: Keyboard/Mouse KVM 2.0 as /devices/pci0000:30/0000:30:01.0/usb1/1-1/1-1:1.0/0003:12D1:0001.0001/input/input1
Sep 07 01:34:50 hostname-txyuq.foreman.pxe systemd[1]: Finished Apply Kernel Variables.
Sep 07 01:34:50 hostname-txyuq.foreman.pxe systemd[1]: Finished Virtual Console Setup.
Sep 07 01:34:50 hostname-txyuq.foreman.pxe systemd[1]: dracut ask for additional cmdline parameters was skipped because no trigger condition checks were met.
Sep 07 01:34:50 hostname-txyuq.foreman.pxe systemd[1]: Starting dracut cmdline hook...
Sep 07 01:34:50 hostname-txyuq.foreman.pxe systemd[1]: Finished dracut cmdline hook.
Sep 07 01:34:50 hostname-txyuq.foreman.pxe kernel: usb 4-1: new SuperSpeed USB device number 2 using xhci_hcd
Sep 07 01:34:50 hostname-txyuq.foreman.pxe systemd[1]: Starting dracut pre-udev hook...
Sep 07 01:34:50 hostname-txyuq.foreman.pxe kernel: usb 4-1: New USB device found, idVendor=2109, idProduct=0817, bcdDevice= 7.a3
Sep 07 01:34:50 hostname-txyuq.foreman.pxe kernel: usb 4-1: New USB device strings: Mfr=1, Product=2, SerialNumber=3
Sep 07 01:34:50 hostname-txyuq.foreman.pxe kernel: usb 4-1: Product: USB3.0 Hub             
Sep 07 01:34:50 hostname-txyuq.foreman.pxe kernel: usb 4-1: Manufacturer: VIA Labs, Inc.         
Sep 07 01:34:50 hostname-txyuq.foreman.pxe kernel: usb 4-1: SerialNumber: 000000000
Sep 07 01:34:50 hostname-txyuq.foreman.pxe systemd[1]: Finished dracut pre-udev hook.
Sep 07 01:34:50 hostname-txyuq.foreman.pxe kernel: hub 4-1:1.0: USB hub found
Sep 07 01:34:50 hostname-txyuq.foreman.pxe kernel: hub 4-1:1.0: 4 ports detected
Sep 07 01:34:50 hostname-txyuq.foreman.pxe systemd[1]: Starting Rule-based Manager for Device Events and Files...
Sep 07 01:34:50 hostname-txyuq.foreman.pxe systemd[1]: Started Rule-based Manager for Device Events and Files.
Sep 07 01:34:50 hostname-txyuq.foreman.pxe systemd[1]: dracut pre-trigger hook was skipped because no trigger condition checks were met.
Sep 07 01:34:50 hostname-txyuq.foreman.pxe systemd[1]: Starting Coldplug All udev Devices...
Sep 07 01:34:50 hostname-txyuq.foreman.pxe kernel: hid-generic 0003:12D1:0001.0001: input,hidraw0: USB HID v2.00 Keyboard [Keyboard/Mouse KVM 2.0] on usb-0000:30:01.0-1/input0
Sep 07 01:34:50 hostname-txyuq.foreman.pxe kernel: input: Keyboard/Mouse KVM 2.0 as /devices/pci0000:30/0000:30:01.0/usb1/1-1/1-1:1.1/0003:12D1:0001.0002/input/input2
Sep 07 01:34:50 hostname-txyuq.foreman.pxe kernel: hid-generic 0003:12D1:0001.0002: input,hidraw1: USB HID v2.00 Mouse [Keyboard/Mouse KVM 2.0] on usb-0000:30:01.0-1/input1
Sep 07 01:34:50 hostname-txyuq.foreman.pxe systemd[1]: Started Journal Service.
Sep 07 01:34:51 hostname-txyuq.foreman.pxe kernel: alg: No test for stdrng (hisi_stdrng)
Sep 07 01:34:51 hostname-txyuq.foreman.pxe kernel: hisi-sfc-v3xx HISI0341:00: hw version 0x360, irq mode.
Sep 07 01:34:51 hostname-txyuq.foreman.pxe kernel: libata version 3.00 loaded.
Sep 07 01:34:51 hostname-txyuq.foreman.pxe kernel: sbsa-gwdt sbsa-gwdt.0: Initialized with 10s timeout @ 100000000 Hz, action=0.
Sep 07 01:34:51 hostname-txyuq.foreman.pxe kernel: ahci 0000:38:05.0: version 3.0
Sep 07 01:34:51 hostname-txyuq.foreman.pxe kernel: ahci 0000:38:05.0: SSS flag set, parallel bus scan disabled
Sep 07 01:34:51 hostname-txyuq.foreman.pxe kernel: ahci 0000:38:05.0: AHCI 0001.0300 32 slots 2 ports 6 Gbps 0x3 impl SATA mode
Sep 07 01:34:51 hostname-txyuq.foreman.pxe kernel: ahci 0000:38:05.0: flags: 64bit ncq sntf stag pm led clo only pmp fbs slum part ccc ems sxs boh 
Sep 07 01:34:51 hostname-txyuq.foreman.pxe kernel: virtio-pci 0000:c1:00.3: enabling device (0140 -> 0142)
Sep 07 01:34:51 hostname-txyuq.foreman.pxe kernel: virtio-pci 0000:c1:00.4: enabling device (0140 -> 0142)
Sep 07 01:34:51 hostname-txyuq.foreman.pxe kernel: virtio-pci 0000:c1:00.5: enabling device (0140 -> 0142)
Sep 07 01:34:51 hostname-txyuq.foreman.pxe kernel: virtio-pci 0000:c1:00.6: enabling device (0140 -> 0142)
Sep 07 01:34:51 hostname-txyuq.foreman.pxe kernel: virtio-pci 0000:c1:00.7: enabling device (0140 -> 0142)
Sep 07 01:34:51 hostname-txyuq.foreman.pxe kernel: virtio-pci 0000:c1:01.0: enabling device (0140 -> 0142)
Sep 07 01:34:51 hostname-txyuq.foreman.pxe kernel: virtio-pci 0000:c1:01.1: enabling device (0140 -> 0142)
Sep 07 01:34:51 hostname-txyuq.foreman.pxe kernel: virtio-pci 0000:c1:01.2: enabling device (0140 -> 0142)
Sep 07 01:34:51 hostname-txyuq.foreman.pxe kernel: virtio-pci 0000:c1:01.3: enabling device (0140 -> 0142)
Sep 07 01:34:51 hostname-txyuq.foreman.pxe kernel: hinic3: [NIC]Intelligent Network Interface Card Driver - version 15.17.1.2
Sep 07 01:34:51 hostname-txyuq.foreman.pxe kernel: hinic3: [COMM]Intelligent Network Interface Card Driver - version 15.17.1.2
Sep 07 01:34:51 hostname-txyuq.foreman.pxe kernel: hinic3 0000:c1:00.0: [COMM]Pcie device probe begin
Sep 07 01:34:51 hostname-txyuq.foreman.pxe kernel: hinic3 0000:c1:00.0: enabling device (0140 -> 0142)
Sep 07 01:34:51 hostname-txyuq.foreman.pxe kernel: nvme nvme2: pci function 0000:42:00.0
Sep 07 01:34:51 hostname-txyuq.foreman.pxe kernel: hinic3 0000:c1:00.0: [COMM]Add new chip hinic0 to global list succeed
Sep 07 01:34:51 hostname-txyuq.foreman.pxe kernel: hinic3 0000:c1:00.0: [COMM]global_func_idx: 0, func_type: 2, host_id: 0, ppf: 0, mpf: 16
Sep 07 01:34:51 hostname-txyuq.foreman.pxe kernel: hinic3 0000:c1:00.0: [COMM]Find profile adapter type: 2
Sep 07 01:34:51 hostname-txyuq.foreman.pxe kernel: hinic3 0000:c1:00.0: [COMM]Cfg mgmt: ceqs=0x8, remain=0x8
Sep 07 01:34:51 hostname-txyuq.foreman.pxe kernel: hinic3 0000:c1:00.0: [COMM]Irq num cfg(64) is less than the needed irq num(68) msix_flex_en 1
Sep 07 01:34:51 hostname-txyuq.foreman.pxe kernel: hinic3 0000:c1:00.0: [COMM]Interrupt type: 0, irq num: 64.
Sep 07 01:34:51 hostname-txyuq.foreman.pxe kernel: nvme nvme1: pci function 0000:59:00.0
Sep 07 01:34:51 hostname-txyuq.foreman.pxe kernel: nvme nvme0: pci function 0000:41:00.0
Sep 07 01:34:51 hostname-txyuq.foreman.pxe kernel: nvme nvme7: pci function 0000:43:00.0
Sep 07 01:34:51 hostname-txyuq.foreman.pxe kernel: nvme nvme6: pci function 0000:d7:00.0
Sep 07 01:34:51 hostname-txyuq.foreman.pxe kernel: nvme nvme9: pci function 0000:44:00.0
Sep 07 01:34:51 hostname-txyuq.foreman.pxe kernel: nvme nvme8: pci function 0000:d8:00.0
Sep 07 01:34:51 hostname-txyuq.foreman.pxe kernel: nvme nvme2: Shutdown timeout set to 8 seconds
Sep 07 01:34:51 hostname-txyuq.foreman.pxe kernel: nvme nvme10: pci function 0000:d9:00.0
Sep 07 01:34:51 hostname-txyuq.foreman.pxe kernel: nvme nvme3: pci function 0000:5a:00.0
Sep 07 01:34:51 hostname-txyuq.foreman.pxe kernel: nvme nvme5: pci function 0000:ad:00.0
Sep 07 01:34:51 hostname-txyuq.foreman.pxe kernel: nvme nvme4: pci function 0000:d6:00.0
Sep 07 01:34:51 hostname-txyuq.foreman.pxe kernel: scsi host0: ahci
Sep 07 01:34:51 hostname-txyuq.foreman.pxe kernel: scsi host1: ahci
Sep 07 01:34:51 hostname-txyuq.foreman.pxe kernel: ata1: SATA max UDMA/133 abar m4096@0xe0000000 port 0xe0000100 irq 71
Sep 07 01:34:51 hostname-txyuq.foreman.pxe kernel: ata2: SATA max UDMA/133 abar m4096@0xe0000000 port 0xe0000180 irq 72
Sep 07 01:34:51 hostname-txyuq.foreman.pxe kernel: nvme nvme1: Shutdown timeout set to 8 seconds
Sep 07 01:34:51 hostname-txyuq.foreman.pxe kernel: hinic3 0000:c1:00.0: [COMM]Request 64 msix vector success.
Sep 07 01:34:51 hostname-txyuq.foreman.pxe kernel: nvme nvme0: Shutdown timeout set to 8 seconds
Sep 07 01:34:51 hostname-txyuq.foreman.pxe kernel: nvme nvme7: Shutdown timeout set to 8 seconds
Sep 07 01:34:51 hostname-txyuq.foreman.pxe kernel: nvme nvme9: Shutdown timeout set to 8 seconds
Sep 07 01:34:51 hostname-txyuq.foreman.pxe kernel: nvme nvme8: Shutdown timeout set to 8 seconds
Sep 07 01:34:51 hostname-txyuq.foreman.pxe kernel: nvme nvme6: Shutdown timeout set to 8 seconds
Sep 07 01:34:51 hostname-txyuq.foreman.pxe kernel: hinic3 0000:c1:00.0: [COMM]Function is reset, flag: 0x140f, channel:0x1
Sep 07 01:34:51 hostname-txyuq.foreman.pxe kernel: nvme nvme10: Shutdown timeout set to 8 seconds
Sep 07 01:34:51 hostname-txyuq.foreman.pxe kernel: hinic3 0000:c1:00.0: [COMM]Comm hw features: 0x70f7, drv features: 0x73f
Sep 07 01:34:51 hostname-txyuq.foreman.pxe kernel: hinic3 0000:c1:00.0: [COMM]global attribute: max_host: 0x5, max_pf: 0x20, vf_id_start: 0x20, mgmt node id: 0x1f, cmdq_num: 0x4
Sep 07 01:34:51 hostname-txyuq.foreman.pxe kernel: nvme nvme5: Shutdown timeout set to 8 seconds
Sep 07 01:34:51 hostname-txyuq.foreman.pxe kernel: nvme nvme4: Shutdown timeout set to 8 seconds
Sep 07 01:34:51 hostname-txyuq.foreman.pxe kernel: nvme nvme3: Shutdown timeout set to 8 seconds
Sep 07 01:34:51 hostname-txyuq.foreman.pxe kernel: hinic3 0000:c1:00.0: [COMM]WQ page size: 0x100000
Sep 07 01:34:51 hostname-txyuq.foreman.pxe kernel: nvme nvme2: 128/0/0 default/read/poll queues
Sep 07 01:34:51 hostname-txyuq.foreman.pxe kernel: hinic3 0000:c1:00.0: [COMM]Get cap from fw, func_idx: 0
Sep 07 01:34:51 hostname-txyuq.foreman.pxe kernel: hinic3 0000:c1:00.0: [COMM]Get public resource capbility: svc_cap_en: 0x1001
Sep 07 01:34:51 hostname-txyuq.foreman.pxe kernel: hinic3 0000:c1:00.0: [COMM]Host_id: 0x0, ep_id: 0x1, er_id: 0x0, port_id: 0x0
Sep 07 01:34:51 hostname-txyuq.foreman.pxe kernel: hinic3 0000:c1:00.0: [COMM]cos_bitmap: 0x1, flexq: 0x1, virtio_vq_size: 0x4000
Sep 07 01:34:51 hostname-txyuq.foreman.pxe kernel: hinic3 0000:c1:00.0: [COMM]Host_total_function: 0x794, host_oq_id_mask_val: 0xb, max_vf: 0x0
Sep 07 01:34:51 hostname-txyuq.foreman.pxe kernel: hinic3 0000:c1:00.0: [COMM]Host_pf_num: 0x10, pf_id_start: 0x0, host_vf_num: 0x784, vf_id_start: 0x20
Sep 07 01:34:51 hostname-txyuq.foreman.pxe kernel: hinic3 0000:c1:00.0: [COMM]host_valid_bitmap: 0x11, master_host_id: 0x4, srv_multi_host_mode: 0x1
Sep 07 01:34:51 hostname-txyuq.foreman.pxe kernel: hinic3 0000:c1:00.0: [COMM]fake_vf_start_id: 0x0, fake_vf_num: 0x0, fake_vf_max_pctx: 0x0
Sep 07 01:34:51 hostname-txyuq.foreman.pxe kernel: hinic3 0000:c1:00.0: [COMM]fake_vf_bfilter_start_addr: 0x0, fake_vf_bfilter_len: 0x0
Sep 07 01:34:51 hostname-txyuq.foreman.pxe kernel: hinic3 0000:c1:00.0: [COMM]L2nic resource capbility, max_sqs: 0x4, max_rqs: 0x4
Sep 07 01:34:51 hostname-txyuq.foreman.pxe kernel: hinic3 0000:c1:00.0: [COMM]Init capability success
Sep 07 01:34:51 hostname-txyuq.foreman.pxe kernel: hinic3 0000:c1:00.0: [COMM]Detect multi-host VM slave host
Sep 07 01:34:51 hostname-txyuq.foreman.pxe kernel: hinic3 0000:c1:00.0: [COMM]Set slave host 0 status 1, reg value: 0x1
Sep 07 01:34:51 hostname-txyuq.foreman.pxe kernel: hinic3 0000:c1:00.0: [CQM]Func init: function[0] type 2(0:PF,1:VF,2:PPF)
Sep 07 01:34:51 hostname-txyuq.foreman.pxe kernel: hinic3 0000:c1:00.0: [CQM]Cap init: total function num 0x794
Sep 07 01:34:51 hostname-txyuq.foreman.pxe kernel: hinic3 0000:c1:00.0: [CQM]Cap init: pf_num 0x10, pf_start 0x0, vf_num 0x784, vf_start 0x20
Sep 07 01:34:51 hostname-txyuq.foreman.pxe kernel: hinic3 0000:c1:00.0: [CQM]timer init: pf_num 0x0, pf_start 0x0, vf_num 0x0, vf_start 0x20
Sep 07 01:34:51 hostname-txyuq.foreman.pxe kernel: hinic3 0000:c1:00.0: [CQM]timer init: need double tw resources, total_timer_num=0x0
Sep 07 01:34:51 hostname-txyuq.foreman.pxe kernel: hinic3 0000:c1:00.0: [CQM]Cap init: timer_enable 1 (1: enable; 0: disable)
Sep 07 01:34:51 hostname-txyuq.foreman.pxe kernel: hinic3 0000:c1:00.0: [CQM]Cap init: bloomfilter_enable 0 (1: enable; 0: disable)
Sep 07 01:34:51 hostname-txyuq.foreman.pxe kernel: hinic3 0000:c1:00.0: [CQM]Cap init: bloomfilter_length 0x0, bloomfilter_addr 0x0
Sep 07 01:34:51 hostname-txyuq.foreman.pxe kernel: hinic3 0000:c1:00.0: [CQM]Cap init: cfg max_conn_num 0x0, max_cache_conn_num 0x0
Sep 07 01:34:51 hostname-txyuq.foreman.pxe kernel: hinic3 0000:c1:00.0: [CQM]Cap init: lb_mode=1
Sep 07 01:34:51 hostname-txyuq.foreman.pxe kernel: hinic3 0000:c1:00.0: [CQM]Cap init: smf_pg=15
Sep 07 01:34:51 hostname-txyuq.foreman.pxe kernel: hinic3 0000:c1:00.0: [CQM]Cap init: fake_func_type=0
Sep 07 01:34:51 hostname-txyuq.foreman.pxe kernel: hinic3 0000:c1:00.0: [CQM]Cap init: fake_cfg_number=0
Sep 07 01:34:51 hostname-txyuq.foreman.pxe kernel: hinic3 0000:c1:00.0: [CQM]Cap init: service type 4097
Sep 07 01:34:51 hostname-txyuq.foreman.pxe kernel: hinic3 0000:c1:00.0: [CQM]Cap init: nic is valid, but nic need not be init by cqm
Sep 07 01:34:51 hostname-txyuq.foreman.pxe kernel: hinic3 0000:c1:00.0: [CQM]Cap init: pagesize_reorder 0
Sep 07 01:34:51 hostname-txyuq.foreman.pxe kernel: hinic3 0000:c1:00.0: [CQM]Cap init: xid_alloc_mode 1, gpa_check_enable 1
Sep 07 01:34:51 hostname-txyuq.foreman.pxe kernel: hinic3 0000:c1:00.0: [CQM]Cap init: qpc_alloc_mode 0, scqc_alloc_mode 0
Sep 07 01:34:51 hostname-txyuq.foreman.pxe kernel: hinic3 0000:c1:00.0: [CQM]Cap init: hash_number 0x0
Sep 07 01:34:51 hostname-txyuq.foreman.pxe kernel: hinic3 0000:c1:00.0: [CQM]Cap init: qpc_num 0x0, qpc_rsvd 0x0, qpc_basic_size 0x0
Sep 07 01:34:51 hostname-txyuq.foreman.pxe kernel: hinic3 0000:c1:00.0: [CQM]Cap init: scqc_num 0x0, scqc_rsvd 0x0, scqc_basic 0x0
Sep 07 01:34:51 hostname-txyuq.foreman.pxe kernel: hinic3 0000:c1:00.0: [CQM]Cap init: srqc_num 0x0, srqc_rsvd 0x0, srqc_basic 0x0
Sep 07 01:34:51 hostname-txyuq.foreman.pxe kernel: hinic3 0000:c1:00.0: [CQM]Cap init: mpt_number 0x0, mpt_reserved 0x0
Sep 07 01:34:51 hostname-txyuq.foreman.pxe kernel: hinic3 0000:c1:00.0: [CQM]Cap init: gid_number 0x0, lun_number 0x0
Sep 07 01:34:51 hostname-txyuq.foreman.pxe kernel: hinic3 0000:c1:00.0: [CQM]Cap init: taskmap_number 0x0, l3i_number 0x0
Sep 07 01:34:51 hostname-txyuq.foreman.pxe kernel: hinic3 0000:c1:00.0: [CQM]Cap init: timer_number 0x0, childc_number 0x0
Sep 07 01:34:51 hostname-txyuq.foreman.pxe kernel: hinic3 0000:c1:00.0: [CQM]Cap init: childc_basic_size 0x0
Sep 07 01:34:51 hostname-txyuq.foreman.pxe kernel: hinic3 0000:c1:00.0: [CQM]Cap init: xid2cid_number 0x0, reorder_number 0x0
Sep 07 01:34:51 hostname-txyuq.foreman.pxe kernel: hinic3 0000:c1:00.0: [CQM]Cap init: ft_enable 1, rdma_enable 0
Sep 07 01:34:51 hostname-txyuq.foreman.pxe kernel: hinic3 0000:c1:00.0: [CQM]no need secure mem
Sep 07 01:34:51 hostname-txyuq.foreman.pxe kernel: hinic3 0000:c1:00.0: [CQM]Cla alloc: cla_type 1, obj_num=0, don't alloc buffer
Sep 07 01:34:51 hostname-txyuq.foreman.pxe kernel: hinic3 0000:c1:00.0: [CQM]Cla alloc: qpc alloc_static=0
Sep 07 01:34:51 hostname-txyuq.foreman.pxe kernel: hinic3 0000:c1:00.0: [CQM]Cla alloc: cla_type 2, obj_num=0, don't alloc buffer
Sep 07 01:34:51 hostname-txyuq.foreman.pxe kernel: hinic3 0000:c1:00.0: [CQM]Cla alloc: scqc alloc_static=0
Sep 07 01:34:51 hostname-txyuq.foreman.pxe kernel: hinic3 0000:c1:00.0: [CQM]Cla alloc: cla_type 3, obj_num=0, don't alloc buffer
Sep 07 01:34:51 hostname-txyuq.foreman.pxe kernel: hinic3 0000:c1:00.0: [CQM]Cla alloc: cla_type 7, obj_num=0, don't alloc buffer
Sep 07 01:34:51 hostname-txyuq.foreman.pxe kernel: hinic3 0000:c1:00.0: [CQM]Cla alloc: cla_type 8, obj_num=0, don't alloc buffer
Sep 07 01:34:51 hostname-txyuq.foreman.pxe kernel: hinic3 0000:c1:00.0: [CQM]Cla alloc: cla_type 9, obj_num=0, don't alloc buffer
Sep 07 01:34:51 hostname-txyuq.foreman.pxe kernel: hinic3 0000:c1:00.0: [CQM]Cla alloc: cla_type 10, obj_num=0, don't alloc buffer
Sep 07 01:34:51 hostname-txyuq.foreman.pxe kernel: hinic3 0000:c1:00.0: [CQM]Cla alloc: cla_type 11, obj_num=0, don't alloc buffer
Sep 07 01:34:51 hostname-txyuq.foreman.pxe kernel: hinic3 0000:c1:00.0: [CQM]Cla alloc: cla_type 11, obj_num=0, don't alloc buffer
Sep 07 01:34:51 hostname-txyuq.foreman.pxe kernel: hinic3 0000:c1:00.0: [CQM]Cla alloc: cla_type 11, obj_num=0, don't alloc buffer
Sep 07 01:34:51 hostname-txyuq.foreman.pxe kernel: hinic3 0000:c1:00.0: [CQM]Cla alloc: cla_type 11, obj_num=0, don't alloc buffer
Sep 07 01:34:51 hostname-txyuq.foreman.pxe kernel: hinic3 0000:c1:00.0: [CQM]Cla alloc: cla_type 12, obj_num=0, don't alloc buffer
Sep 07 01:34:51 hostname-txyuq.foreman.pxe kernel: hinic3 0000:c1:00.0: [CQM]Cla alloc: cla_type 13, obj_num=0, don't alloc buffer
Sep 07 01:34:51 hostname-txyuq.foreman.pxe kernel: hinic3 0000:c1:00.0: [CQM]Cla alloc: cla_type 1, obj_num=0, don't init bat entry
Sep 07 01:34:51 hostname-txyuq.foreman.pxe kernel: hinic3 0000:c1:00.0: [CQM]Cla alloc: cla_type 2, obj_num=0, don't init bat entry
Sep 07 01:34:51 hostname-txyuq.foreman.pxe kernel: hinic3 0000:c1:00.0: [CQM]Cla alloc: cla_type 3, obj_num=0, don't init bat entry
Sep 07 01:34:51 hostname-txyuq.foreman.pxe kernel: hinic3 0000:c1:00.0: [CQM]Cla alloc: cla_type 7, obj_num=0, don't init bat entry
Sep 07 01:34:51 hostname-txyuq.foreman.pxe kernel: hinic3 0000:c1:00.0: [CQM]Cla alloc: cla_type 9, obj_num=0, don't init bat entry
Sep 07 01:34:51 hostname-txyuq.foreman.pxe kernel: hinic3 0000:c1:00.0: [CQM]Cla alloc: cla_type 10, obj_num=0, don't init bat entry
Sep 07 01:34:51 hostname-txyuq.foreman.pxe kernel: hinic3 0000:c1:00.0: [CQM]Cla alloc: cla_type 12, obj_num=0, don't init bat entry
Sep 07 01:34:51 hostname-txyuq.foreman.pxe kernel: hinic3 0000:c1:00.0: [CQM]Cla alloc: cla_type 13, obj_num=0, don't init bat entry
Sep 07 01:34:51 hostname-txyuq.foreman.pxe kernel: hinic3 0000:c1:00.0: [CQM]Cla alloc: cla_type 11, obj_num=0, don't init bat entry
Sep 07 01:34:51 hostname-txyuq.foreman.pxe kernel: hinic3 0000:c1:00.0: [CQM]Bat update: smf_id=0
Sep 07 01:34:51 hostname-txyuq.foreman.pxe kernel: hinic3 0000:c1:00.0: [CQM]Bat update: func_id=65535
Sep 07 01:34:51 hostname-txyuq.foreman.pxe kernel: hinic3 0000:c1:00.0: [CQM]Cla alloc: cla_type 11, obj_num=0, don't init bat entry
Sep 07 01:34:51 hostname-txyuq.foreman.pxe kernel: hinic3 0000:c1:00.0: [CQM]Bat update: smf_id=1
Sep 07 01:34:51 hostname-txyuq.foreman.pxe kernel: hinic3 0000:c1:00.0: [CQM]Bat update: func_id=65535
Sep 07 01:34:51 hostname-txyuq.foreman.pxe kernel: hinic3 0000:c1:00.0: [CQM]Cla alloc: cla_type 11, obj_num=0, don't init bat entry
Sep 07 01:34:51 hostname-txyuq.foreman.pxe kernel: hinic3 0000:c1:00.0: [CQM]Bat update: smf_id=2
Sep 07 01:34:51 hostname-txyuq.foreman.pxe kernel: hinic3 0000:c1:00.0: [CQM]Bat update: func_id=65535
Sep 07 01:34:51 hostname-txyuq.foreman.pxe kernel: hinic3 0000:c1:00.0: [CQM]Cla alloc: cla_type 11, obj_num=0, don't init bat entry
Sep 07 01:34:51 hostname-txyuq.foreman.pxe kernel: hinic3 0000:c1:00.0: [CQM]Bat update: smf_id=3
Sep 07 01:34:51 hostname-txyuq.foreman.pxe kernel: hinic3 0000:c1:00.0: [CQM]Bat update: func_id=65535
Sep 07 01:34:51 hostname-txyuq.foreman.pxe kernel: hinic3 0000:c1:00.0: [CQM]Timer start: func_type=2, timer_enable=1
Sep 07 01:34:51 hostname-txyuq.foreman.pxe kernel: hinic3 0000:c1:00.0: [COMM]PPF ht gpa set: page_addr0.pa=0x290012ebf000, page_addr1.pa=0x290011b60000
Sep 07 01:34:51 hostname-txyuq.foreman.pxe kernel: hinic3 0000:c1:00.0: [CQM]PPF timer start
Sep 07 01:34:51 hostname-txyuq.foreman.pxe kernel: hinic3 0000:c1:00.0: [CQM]Cla alloc: cla_type 0, obj_num=0, don't init bitmap
Sep 07 01:34:51 hostname-txyuq.foreman.pxe kernel: hinic3 0000:c1:00.0: [CQM]Cla alloc: cla_type 1, obj_num=0, don't init bitmap
Sep 07 01:34:51 hostname-txyuq.foreman.pxe kernel: hinic3 0000:c1:00.0: [CQM]Cla alloc: cla_type 2, obj_num=0, don't init bitmap
Sep 07 01:34:51 hostname-txyuq.foreman.pxe kernel: hinic3 0000:c1:00.0: [CQM]Cla alloc: cla_type 3, obj_num=0, don't init bitmap
Sep 07 01:34:51 hostname-txyuq.foreman.pxe kernel: hinic3 0000:c1:00.0: [CQM]Cla alloc: cla_type 7, obj_num=0, don't init bitmap
Sep 07 01:34:51 hostname-txyuq.foreman.pxe kernel: hinic3 0000:c1:00.0: [CQM]Cla alloc: cla_type 8, obj_num=0, don't init bitmap
Sep 07 01:34:51 hostname-txyuq.foreman.pxe kernel: hinic3 0000:c1:00.0: [CQM]Cla alloc: cla_type 9, obj_num=0, don't init bitmap
Sep 07 01:34:51 hostname-txyuq.foreman.pxe kernel: hinic3 0000:c1:00.0: [CQM]Cla alloc: cla_type 10, obj_num=0, don't init bitmap
Sep 07 01:34:51 hostname-txyuq.foreman.pxe kernel: hinic3 0000:c1:00.0: [CQM]Cla alloc: cla_type 11, obj_num=0, don't init bitmap
Sep 07 01:34:51 hostname-txyuq.foreman.pxe kernel: hinic3 0000:c1:00.0: [CQM]Cla alloc: cla_type 12, obj_num=0, don't init bitmap
Sep 07 01:34:51 hostname-txyuq.foreman.pxe kernel: hinic3 0000:c1:00.0: [CQM]Cla alloc: cla_type 13, obj_num=0, don't init bitmap
Sep 07 01:34:51 hostname-txyuq.foreman.pxe kernel: hinic3 0000:c1:00.0: [CQM]Cla alloc: cla_type 14, obj_num=0, don't init bitmap
Sep 07 01:34:51 hostname-txyuq.foreman.pxe kernel: hinic3 0000:c1:00.0: [CQM]Cla alloc: cla_type 14, obj_num=0, don't init bitmap
Sep 07 01:34:51 hostname-txyuq.foreman.pxe kernel: hinic3 0000:c1:00.0: [CQM]Cla alloc: cla_type 14, obj_num=0, don't init bitmap
Sep 07 01:34:51 hostname-txyuq.foreman.pxe kernel: hinic3 0000:c1:00.0: [CQM]Cla alloc: cla_type 14, obj_num=0, don't init bitmap
Sep 07 01:34:51 hostname-txyuq.foreman.pxe kernel: hinic3 0000:c1:00.0: [CQM]Cla alloc: cla_type 14, obj_num=0, don't init bitmap
Sep 07 01:34:51 hostname-txyuq.foreman.pxe kernel: hinic3 0000:c1:00.0: [CQM]Obj table init: cla_table_type 0, obj_num=0, don't init obj table
Sep 07 01:34:51 hostname-txyuq.foreman.pxe kernel: hinic3 0000:c1:00.0: [CQM]Obj table init: cla_table_type 1, obj_num=0, don't init obj table
Sep 07 01:34:51 hostname-txyuq.foreman.pxe kernel: hinic3 0000:c1:00.0: [CQM]Obj table init: cla_table_type 2, obj_num=0, don't init obj table
Sep 07 01:34:51 hostname-txyuq.foreman.pxe kernel: hinic3 0000:c1:00.0: [CQM]Obj table init: cla_table_type 3, obj_num=0, don't init obj table
Sep 07 01:34:51 hostname-txyuq.foreman.pxe kernel: hinic3 0000:c1:00.0: [CQM]Obj table init: cla_table_type 7, obj_num=0, don't init obj table
Sep 07 01:34:51 hostname-txyuq.foreman.pxe kernel: hinic3 0000:c1:00.0: [CQM]Obj table init: cla_table_type 8, obj_num=0, don't init obj table
Sep 07 01:34:51 hostname-txyuq.foreman.pxe kernel: hinic3 0000:c1:00.0: [CQM]Obj table init: cla_table_type 9, obj_num=0, don't init obj table
Sep 07 01:34:51 hostname-txyuq.foreman.pxe kernel: hinic3 0000:c1:00.0: [CQM]Obj table init: cla_table_type 10, obj_num=0, don't init obj table
Sep 07 01:34:51 hostname-txyuq.foreman.pxe kernel: hinic3 0000:c1:00.0: [CQM]Obj table init: cla_table_type 11, obj_num=0, don't init obj table
Sep 07 01:34:51 hostname-txyuq.foreman.pxe kernel: hinic3 0000:c1:00.0: [CQM]Obj table init: cla_table_type 12, obj_num=0, don't init obj table
Sep 07 01:34:51 hostname-txyuq.foreman.pxe kernel: hinic3 0000:c1:00.0: [CQM]Obj table init: cla_table_type 13, obj_num=0, don't init obj table
Sep 07 01:34:51 hostname-txyuq.foreman.pxe kernel: hinic3 0000:c1:00.0: [CQM]Obj table init: cla_table_type 14, obj_num=0, don't init obj table
Sep 07 01:34:51 hostname-txyuq.foreman.pxe kernel: hinic3 0000:c1:00.0: [CQM]Obj table init: cla_table_type 14, obj_num=0, don't init obj table
Sep 07 01:34:51 hostname-txyuq.foreman.pxe kernel: hinic3 0000:c1:00.0: [CQM]Obj table init: cla_table_type 14, obj_num=0, don't init obj table
Sep 07 01:34:51 hostname-txyuq.foreman.pxe kernel: hinic3 0000:c1:00.0: [CQM]Obj table init: cla_table_type 14, obj_num=0, don't init obj table
Sep 07 01:34:51 hostname-txyuq.foreman.pxe kernel: hinic3 0000:c1:00.0: [CQM]Obj table init: cla_table_type 14, obj_num=0, don't init obj table
Sep 07 01:34:51 hostname-txyuq.foreman.pxe kernel: hinic3 0000:c1:00.0: [CQM]Bloomfilter: bf_length=0, don't need to init bloomfilter
Sep 07 01:34:51 hostname-txyuq.foreman.pxe kernel: hinic3 0000:c1:00.0: [COMM]Initialize stateful resource success
Sep 07 01:34:51 hostname-txyuq.foreman.pxe kernel: hinic3 0000:c1:00.0: [COMM]Synchronize UTC time to firmware succeed. UTC time 2026-09-07 01:34:51.
Sep 07 01:34:51 hostname-txyuq.foreman.pxe kernel: hinic3: [COMM]Register nictool_dev to system succeed
Sep 07 01:34:51 hostname-txyuq.foreman.pxe kernel: hinic3 0000:c1:00.0: [COMM]Pcie device probed
Sep 07 01:34:51 hostname-txyuq.foreman.pxe kernel: hinic3 0000:c1:00.1: [COMM]Pcie device probe begin
Sep 07 01:34:52 hostname-txyuq.foreman.pxe kernel: hinic3 0000:c1:00.1: enabling device (0140 -> 0142)
Sep 07 01:34:52 hostname-txyuq.foreman.pxe kernel: hinic3 0000:c1:00.1: [COMM]global_func_idx: 1, func_type: 0, host_id: 0, ppf: 0, mpf: 16
Sep 07 01:34:52 hostname-txyuq.foreman.pxe kernel: hinic3 0000:c1:00.1: [COMM]Find profile adapter type: 2
Sep 07 01:34:52 hostname-txyuq.foreman.pxe kernel: hinic3 0000:c1:00.1: [COMM]Cfg mgmt: ceqs=0x8, remain=0x8
Sep 07 01:34:52 hostname-txyuq.foreman.pxe kernel: hinic3 0000:c1:00.1: [COMM]Irq num cfg(64) is less than the needed irq num(68) msix_flex_en 1
Sep 07 01:34:52 hostname-txyuq.foreman.pxe kernel: hinic3 0000:c1:00.1: [COMM]Interrupt type: 0, irq num: 64.
Sep 07 01:34:52 hostname-txyuq.foreman.pxe kernel: nvme nvme0: 128/0/0 default/read/poll queues
Sep 07 01:34:52 hostname-txyuq.foreman.pxe kernel: nvme nvme8: 128/0/0 default/read/poll queues
Sep 07 01:34:52 hostname-txyuq.foreman.pxe kernel: nvme nvme9: 128/0/0 default/read/poll queues
Sep 07 01:34:52 hostname-txyuq.foreman.pxe kernel: nvme nvme7: 128/0/0 default/read/poll queues
Sep 07 01:34:52 hostname-txyuq.foreman.pxe kernel: nvme nvme10: 128/0/0 default/read/poll queues
Sep 07 01:34:52 hostname-txyuq.foreman.pxe kernel:  nvme8n1:
Sep 07 01:34:52 hostname-txyuq.foreman.pxe kernel: nvme nvme6: 128/0/0 default/read/poll queues
Sep 07 01:34:52 hostname-txyuq.foreman.pxe kernel: nvme nvme5: 128/0/0 default/read/poll queues
Sep 07 01:34:52 hostname-txyuq.foreman.pxe kernel:  nvme9n1:
Sep 07 01:34:52 hostname-txyuq.foreman.pxe kernel: nvme nvme4: 128/0/0 default/read/poll queues
Sep 07 01:34:52 hostname-txyuq.foreman.pxe kernel:  nvme7n1: p1
Sep 07 01:34:52 hostname-txyuq.foreman.pxe kernel:  nvme5n1: p1 p2 p3
Sep 07 01:34:52 hostname-txyuq.foreman.pxe kernel:  nvme10n1:
Sep 07 01:34:52 hostname-txyuq.foreman.pxe kernel:  nvme4n1: p1
Sep 07 01:34:52 hostname-txyuq.foreman.pxe kernel: hinic3 0000:c1:00.1: [COMM]Request 64 msix vector success.
Sep 07 01:34:52 hostname-txyuq.foreman.pxe kernel:  nvme6n1:
Sep 07 01:34:52 hostname-txyuq.foreman.pxe kernel: hinic3 0000:c1:00.1: [COMM]Function is reset, flag: 0x140f, channel:0x1
Sep 07 01:34:52 hostname-txyuq.foreman.pxe kernel: hinic3 0000:c1:00.1: [COMM]Comm hw features: 0x10f3, drv features: 0x73b
Sep 07 01:34:52 hostname-txyuq.foreman.pxe kernel: hinic3 0000:c1:00.1: [COMM]global attribute: max_host: 0x5, max_pf: 0x20, vf_id_start: 0x20, mgmt node id: 0x1f, cmdq_num: 0x4
Sep 07 01:34:52 hostname-txyuq.foreman.pxe kernel: hinic3 0000:c1:00.1: [COMM]WQ page size: 0x100000
Sep 07 01:34:52 hostname-txyuq.foreman.pxe kernel: hinic3 0000:c1:00.1: [COMM]Get cap from fw, func_idx: 1
Sep 07 01:34:52 hostname-txyuq.foreman.pxe kernel: hinic3 0000:c1:00.1: [COMM]Get public resource capbility: svc_cap_en: 0x3
Sep 07 01:34:52 hostname-txyuq.foreman.pxe kernel: hinic3 0000:c1:00.1: [COMM]Host_id: 0x0, ep_id: 0x1, er_id: 0x1, port_id: 0x1
Sep 07 01:34:52 hostname-txyuq.foreman.pxe kernel: hinic3 0000:c1:00.1: [COMM]cos_bitmap: 0x3, flexq: 0x1, virtio_vq_size: 0x4000
Sep 07 01:34:52 hostname-txyuq.foreman.pxe kernel: hinic3 0000:c1:00.1: [COMM]Host_total_function: 0x794, host_oq_id_mask_val: 0xb, max_vf: 0x20
Sep 07 01:34:52 hostname-txyuq.foreman.pxe kernel: hinic3 0000:c1:00.1: [COMM]Host_pf_num: 0x10, pf_id_start: 0x0, host_vf_num: 0x784, vf_id_start: 0x20
Sep 07 01:34:52 hostname-txyuq.foreman.pxe kernel: hinic3 0000:c1:00.1: [COMM]host_valid_bitmap: 0x11, master_host_id: 0x4, srv_multi_host_mode: 0x1
Sep 07 01:34:52 hostname-txyuq.foreman.pxe kernel: hinic3 0000:c1:00.1: [COMM]fake_vf_start_id: 0x0, fake_vf_num: 0x0, fake_vf_max_pctx: 0x0
Sep 07 01:34:52 hostname-txyuq.foreman.pxe kernel: hinic3 0000:c1:00.1: [COMM]fake_vf_bfilter_start_addr: 0x0, fake_vf_bfilter_len: 0x0
Sep 07 01:34:52 hostname-txyuq.foreman.pxe kernel: hinic3 0000:c1:00.1: [COMM]L2nic resource capbility, max_sqs: 0x4, max_rqs: 0x4
Sep 07 01:34:52 hostname-txyuq.foreman.pxe kernel: hinic3 0000:c1:00.1: [COMM]Get rdma resource capbility, Cmtt_start: 0x98, cmtt_end: 0x9f, cmtt_sz: 0x0
Sep 07 01:34:52 hostname-txyuq.foreman.pxe kernel: hinic3 0000:c1:00.1: [COMM]Dmtt_start: 0x98, dmtt_end: 0x9f, dmtt_sz: 0x0
Sep 07 01:34:52 hostname-txyuq.foreman.pxe kernel: hinic3 0000:c1:00.1: [COMM]Get roce resource capbility, type: 0x0
Sep 07 01:34:52 hostname-txyuq.foreman.pxe kernel: hinic3 0000:c1:00.1: [COMM]Max_qps: 0x8000, max_cqs: 0x8000, max_srqs: 0x2000, max_mpts: 0x8000, max_drcts: 0x0
Sep 07 01:34:52 hostname-txyuq.foreman.pxe kernel: hinic3 0000:c1:00.1: [COMM]Wqe_start: 0x60, wqe_end: 0x7f, wqe_sz: 0x0
Sep 07 01:34:52 hostname-txyuq.foreman.pxe kernel: hinic3 0000:c1:00.1: [COMM]Init capability success
Sep 07 01:34:52 hostname-txyuq.foreman.pxe kernel: hinic3 0000:c1:00.1: [COMM]Detect multi-host VM slave host
Sep 07 01:34:52 hostname-txyuq.foreman.pxe kernel: hinic3 0000:c1:00.1: [COMM]Synchronize UTC time to firmware succeed. UTC time 2026-09-07 01:34:52.
Sep 07 01:34:52 hostname-txyuq.foreman.pxe kernel: hinic3 0000:c1:00.1: [COMM]Pcie device probed
Sep 07 01:34:52 hostname-txyuq.foreman.pxe kernel: hinic3 0000:c1:00.2: [COMM]Pcie device probe begin
Sep 07 01:34:52 hostname-txyuq.foreman.pxe kernel: hinic3 0000:c1:00.2: enabling device (0140 -> 0142)
Sep 07 01:34:52 hostname-txyuq.foreman.pxe kernel: hinic3 0000:c1:00.2: [COMM]global_func_idx: 2, func_type: 0, host_id: 0, ppf: 0, mpf: 16
Sep 07 01:34:52 hostname-txyuq.foreman.pxe kernel: hinic3 0000:c1:00.2: [COMM]Find profile adapter type: 2
Sep 07 01:34:52 hostname-txyuq.foreman.pxe kernel: hinic3 0000:c1:00.2: [COMM]Cfg mgmt: ceqs=0x8, remain=0x8
Sep 07 01:34:52 hostname-txyuq.foreman.pxe kernel: hinic3 0000:c1:00.2: [COMM]Irq num cfg(64) is less than the needed irq num(68) msix_flex_en 1
Sep 07 01:34:52 hostname-txyuq.foreman.pxe kernel: hinic3 0000:c1:00.2: [COMM]Interrupt type: 0, irq num: 64.
Sep 07 01:34:52 hostname-txyuq.foreman.pxe kernel: hinic3 0000:c1:00.2: [COMM]Request 64 msix vector success.
Sep 07 01:34:52 hostname-txyuq.foreman.pxe kernel: hinic3 0000:c1:00.2: [COMM]Function is reset, flag: 0x140f, channel:0x1
Sep 07 01:34:52 hostname-txyuq.foreman.pxe kernel: hinic3 0000:c1:00.2: [COMM]Comm hw features: 0x30f3, drv features: 0x73b
Sep 07 01:34:52 hostname-txyuq.foreman.pxe kernel: hinic3 0000:c1:00.2: [COMM]global attribute: max_host: 0x5, max_pf: 0x20, vf_id_start: 0x20, mgmt node id: 0x1f, cmdq_num: 0x4
Sep 07 01:34:52 hostname-txyuq.foreman.pxe kernel: hinic3 0000:c1:00.2: [COMM]WQ page size: 0x100000
Sep 07 01:34:52 hostname-txyuq.foreman.pxe kernel: hinic3 0000:c1:00.2: [COMM]Get cap from fw, func_idx: 2
Sep 07 01:34:52 hostname-txyuq.foreman.pxe kernel: hinic3 0000:c1:00.2: [COMM]Get public resource capbility: svc_cap_en: 0x8001
Sep 07 01:34:52 hostname-txyuq.foreman.pxe kernel: hinic3 0000:c1:00.2: [COMM]Host_id: 0x0, ep_id: 0x1, er_id: 0x2, port_id: 0x0
Sep 07 01:34:52 hostname-txyuq.foreman.pxe kernel: hinic3 0000:c1:00.2: [COMM]cos_bitmap: 0x1, flexq: 0x1, virtio_vq_size: 0x4000
Sep 07 01:34:52 hostname-txyuq.foreman.pxe kernel: hinic3 0000:c1:00.2: [COMM]Host_total_function: 0x794, host_oq_id_mask_val: 0xb, max_vf: 0x20
Sep 07 01:34:52 hostname-txyuq.foreman.pxe kernel: hinic3 0000:c1:00.2: [COMM]Host_pf_num: 0x10, pf_id_start: 0x0, host_vf_num: 0x784, vf_id_start: 0x20
Sep 07 01:34:52 hostname-txyuq.foreman.pxe kernel: hinic3 0000:c1:00.2: [COMM]host_valid_bitmap: 0x11, master_host_id: 0x4, srv_multi_host_mode: 0x1
Sep 07 01:34:52 hostname-txyuq.foreman.pxe kernel: hinic3 0000:c1:00.2: [COMM]fake_vf_start_id: 0x0, fake_vf_num: 0x0, fake_vf_max_pctx: 0x0
Sep 07 01:34:52 hostname-txyuq.foreman.pxe kernel: hinic3 0000:c1:00.2: [COMM]fake_vf_bfilter_start_addr: 0x0, fake_vf_bfilter_len: 0x0
Sep 07 01:34:52 hostname-txyuq.foreman.pxe kernel: hinic3 0000:c1:00.2: [COMM]L2nic resource capbility, max_sqs: 0x4, max_rqs: 0x4
Sep 07 01:34:52 hostname-txyuq.foreman.pxe kernel: hinic3 0000:c1:00.2: [COMM]Get rdma resource capbility, Cmtt_start: 0x98, cmtt_end: 0x9f, cmtt_sz: 0x0
Sep 07 01:34:52 hostname-txyuq.foreman.pxe kernel: hinic3 0000:c1:00.2: [COMM]Dmtt_start: 0x98, dmtt_end: 0x9f, dmtt_sz: 0x0
Sep 07 01:34:52 hostname-txyuq.foreman.pxe kernel: hinic3 0000:c1:00.2: [COMM]Init capability success
Sep 07 01:34:52 hostname-txyuq.foreman.pxe kernel: hinic3 0000:c1:00.2: [COMM]Detect multi-host VM slave host
Sep 07 01:34:52 hostname-txyuq.foreman.pxe kernel: hinic3 0000:c1:00.2: [COMM]Synchronize UTC time to firmware succeed. UTC time 2026-09-07 01:34:52.
Sep 07 01:34:52 hostname-txyuq.foreman.pxe kernel: hinic3 0000:c1:00.2: [COMM]Pcie device probed
Sep 07 01:34:52 hostname-txyuq.foreman.pxe kernel: hinic3 0000:c1:00.0: [NIC]NIC service probe begin
Sep 07 01:34:52 hostname-txyuq.foreman.pxe kernel: hinic3 0000:c1:00.0: [COMM]Function is reset, flag: 0x2000, channel:0x2
Sep 07 01:34:52 hostname-txyuq.foreman.pxe kernel: ata1: SATA link down (SStatus 0 SControl 300)
Sep 07 01:34:52 hostname-txyuq.foreman.pxe kernel: hinic3 0000:c1:00.0: [NIC]Find profile adapter type: 2
Sep 07 01:34:52 hostname-txyuq.foreman.pxe kernel: hinic3 0000:c1:00.0: [COMM]nic features: 0x1ffe7
Sep 07 01:34:52 hostname-txyuq.foreman.pxe kernel: hinic3 0000:c1:00.0: [NIC]Update nic feature to 0x1ffe7
Sep 07 01:34:52 hostname-txyuq.foreman.pxe kernel: hinic3 0000:c1:00.0: [NIC]Support num cos 1, default cos 0
Sep 07 01:34:52 hostname-txyuq.foreman.pxe kernel: hinic3 0000:c1:00.0: [NIC]Reset DCB configuration done
Sep 07 01:34:52 hostname-txyuq.foreman.pxe kernel: hinic3 0000:c1:00.0: [NIC]Enable rx csum success
Sep 07 01:34:52 hostname-txyuq.foreman.pxe kernel: hinic3 0000:c1:00.0: [NIC]Enable tso success
Sep 07 01:34:52 hostname-txyuq.foreman.pxe kernel: hinic3 0000:c1:00.0: [NIC]Set LRO max coalesce packet size to 32K
Sep 07 01:34:52 hostname-txyuq.foreman.pxe kernel: hinic3 0000:c1:00.0: [NIC]Set LRO timer to 16
Sep 07 01:34:52 hostname-txyuq.foreman.pxe kernel: hinic3 0000:c1:00.0: [NIC]Disable lro success
Sep 07 01:34:52 hostname-txyuq.foreman.pxe kernel: hinic3 0000:c1:00.0: [NIC]Enable rxvlan success
Sep 07 01:34:52 hostname-txyuq.foreman.pxe kernel: hinic3 0000:c1:00.0: [NIC]Enable rx vlan filter success
Sep 07 01:34:52 hostname-txyuq.foreman.pxe kernel: hinic3 0000:c1:00.0: [NIC]NIC service probed
Sep 07 01:34:52 hostname-txyuq.foreman.pxe kernel: hinic3 0000:c1:00.0: [COMM]Attach nic driver to pcie device succeed
Sep 07 01:34:52 hostname-txyuq.foreman.pxe kernel: hinic3 0000:c1:00.1: [NIC]NIC service probe begin
Sep 07 01:34:52 hostname-txyuq.foreman.pxe kernel: hinic3 0000:c1:00.1: [COMM]Function is reset, flag: 0x2000, channel:0x2
Sep 07 01:34:52 hostname-txyuq.foreman.pxe kernel: hinic3 0000:c1:00.1: [NIC]Find profile adapter type: 2
Sep 07 01:34:52 hostname-txyuq.foreman.pxe kernel: hinic3 0000:c1:00.1: [COMM]nic features: 0x1ffe7
Sep 07 01:34:52 hostname-txyuq.foreman.pxe kernel: hinic3 0000:c1:00.1: [NIC]Update nic feature to 0x1ffe7
Sep 07 01:34:52 hostname-txyuq.foreman.pxe kernel: hinic3 0000:c1:00.1: [NIC]Support num cos 2, default cos 1
Sep 07 01:34:52 hostname-txyuq.foreman.pxe kernel: hinic3 0000:c1:00.1: [COMM]DCB off, default cos 1, pcp2cos 11111111
Sep 07 01:34:52 hostname-txyuq.foreman.pxe kernel: hinic3 0000:c1:00.1: [NIC]Reset DCB configuration done
Sep 07 01:34:52 hostname-txyuq.foreman.pxe kernel: hinic3 0000:c1:00.1: [NIC]Enable rx csum success
Sep 07 01:34:52 hostname-txyuq.foreman.pxe kernel: hinic3 0000:c1:00.1: [NIC]Enable tso success
Sep 07 01:34:52 hostname-txyuq.foreman.pxe kernel: hinic3 0000:c1:00.1: [NIC]Set LRO max coalesce packet size to 32K
Sep 07 01:34:52 hostname-txyuq.foreman.pxe kernel: hinic3 0000:c1:00.1: [NIC]Set LRO timer to 16
Sep 07 01:34:52 hostname-txyuq.foreman.pxe kernel: hinic3 0000:c1:00.1: [NIC]Disable lro success
Sep 07 01:34:52 hostname-txyuq.foreman.pxe kernel: hinic3 0000:c1:00.1: [NIC]Enable rxvlan success
Sep 07 01:34:52 hostname-txyuq.foreman.pxe kernel: hinic3 0000:c1:00.1: [NIC]Enable rx vlan filter success
Sep 07 01:34:52 hostname-txyuq.foreman.pxe kernel: hinic3 0000:c1:00.1: [NIC]NIC service probed
Sep 07 01:34:52 hostname-txyuq.foreman.pxe kernel: hinic3 0000:c1:00.1: [COMM]Attach nic driver to pcie device succeed
Sep 07 01:34:52 hostname-txyuq.foreman.pxe kernel: hinic3 0000:c1:00.2: [NIC]NIC service probe begin
Sep 07 01:34:52 hostname-txyuq.foreman.pxe kernel: hinic3 0000:c1:00.2: [COMM]Function is reset, flag: 0x2000, channel:0x2
Sep 07 01:34:52 hostname-txyuq.foreman.pxe kernel: hinic3 0000:c1:00.2: [NIC]Find profile adapter type: 2
Sep 07 01:34:52 hostname-txyuq.foreman.pxe kernel: hinic3 0000:c1:00.2: [COMM]nic features: 0x1ffe7
Sep 07 01:34:52 hostname-txyuq.foreman.pxe kernel: hinic3 0000:c1:00.2: [NIC]Update nic feature to 0x1ffe7
Sep 07 01:34:52 hostname-txyuq.foreman.pxe kernel: hinic3 0000:c1:00.2: [NIC]Support num cos 1, default cos 0
Sep 07 01:34:52 hostname-txyuq.foreman.pxe kernel: hinic3 0000:c1:00.2: [NIC]Reset DCB configuration done
Sep 07 01:34:52 hostname-txyuq.foreman.pxe kernel: hinic3 0000:c1:00.2: [NIC]Enable rx csum success
Sep 07 01:34:52 hostname-txyuq.foreman.pxe kernel: hinic3 0000:c1:00.2: [NIC]Enable tso success
Sep 07 01:34:52 hostname-txyuq.foreman.pxe kernel: hinic3 0000:c1:00.2: [NIC]Set LRO max coalesce packet size to 32K
Sep 07 01:34:52 hostname-txyuq.foreman.pxe kernel: hinic3 0000:c1:00.2: [NIC]Set LRO timer to 16
Sep 07 01:34:52 hostname-txyuq.foreman.pxe kernel: hinic3 0000:c1:00.2: [NIC]Disable lro success
Sep 07 01:34:52 hostname-txyuq.foreman.pxe kernel: hinic3 0000:c1:00.2: [NIC]Enable rxvlan success
Sep 07 01:34:52 hostname-txyuq.foreman.pxe kernel: hinic3 0000:c1:00.2: [NIC]Enable rx vlan filter success
Sep 07 01:34:52 hostname-txyuq.foreman.pxe kernel: hinic3 0000:c1:00.2: [NIC]NIC service probed
Sep 07 01:34:52 hostname-txyuq.foreman.pxe kernel: hinic3 0000:c1:00.2: [COMM]Attach nic driver to pcie device succeed
Sep 07 01:34:52 hostname-txyuq.foreman.pxe kernel: hinic3: [COMM]Register nic driver succeed
Sep 07 01:34:52 hostname-txyuq.foreman.pxe kernel: nvme nvme1: 128/0/0 default/read/poll queues
Sep 07 01:34:52 hostname-txyuq.foreman.pxe kernel:  nvme1n1: p1 p2 p3
Sep 07 01:34:52 hostname-txyuq.foreman.pxe kernel: nvme nvme3: 128/0/0 default/read/poll queues
Sep 07 01:34:53 hostname-txyuq.foreman.pxe kernel:  nvme3n1: p1 p2 p3
Sep 07 01:34:53 hostname-txyuq.foreman.pxe kernel: ata2: SATA link down (SStatus 0 SControl 300)
Sep 07 01:34:53 hostname-txyuq.foreman.pxe kernel: hinic3 0000:c1:00.1 enp193s0f1: renamed from eth1
Sep 07 01:34:53 hostname-txyuq.foreman.pxe kernel: hisi_sas_v3_hw 0000:30:04.0: enabling device (0000 -> 0002)
Sep 07 01:34:55 hostname-txyuq.foreman.pxe kernel: scsi host2: hisi_sas_v3_hw
Sep 07 01:34:55 hostname-txyuq.foreman.pxe kernel: hisi_sec2 0000:39:00.0: flag[3], icv[2]
Sep 07 01:34:55 hostname-txyuq.foreman.pxe kernel: hisi_sec2 0000:39:00.0: flag[3], icv[2]
Sep 07 01:34:55 hostname-txyuq.foreman.pxe kernel: hisi_sec2 0000:39:00.0: flag[3], icv[2]
Sep 07 01:34:55 hostname-txyuq.foreman.pxe kernel: hisi_sec2 0000:39:00.0: flag[3], icv[2]
Sep 07 01:34:55 hostname-txyuq.foreman.pxe kernel: hisi_sec2 0000:39:00.0: flag[3], icv[2]
Sep 07 01:34:55 hostname-txyuq.foreman.pxe kernel: hisi_sec2 0000:39:00.0: flag[3], icv[2]
Sep 07 01:34:55 hostname-txyuq.foreman.pxe kernel: hisi_sec2 0000:39:00.0: flag[3], icv[2]
Sep 07 01:34:55 hostname-txyuq.foreman.pxe kernel: hisi_sec2 0000:39:00.0: flag[3], icv[2]
Sep 07 01:34:55 hostname-txyuq.foreman.pxe kernel: hisi_sec2 0000:39:00.0: flag[3], icv[2]
Sep 07 01:34:55 hostname-txyuq.foreman.pxe kernel: hisi_sec2 0000:39:00.0: flag[3], icv[2]
Sep 07 01:34:55 hostname-txyuq.foreman.pxe kernel: hinic3 0000:c1:00.0 enp193s0f0: renamed from eth0
Sep 07 01:34:55 hostname-txyuq.foreman.pxe kernel: hinic3 0000:c1:00.2 enp193s0f2: renamed from eth2
Sep 07 01:34:55 hostname-txyuq.foreman.pxe kernel: hisi_sas_v3_hw 0000:30:04.0: neither _PS0 nor _PR0 is defined
Sep 07 01:34:55 hostname-txyuq.foreman.pxe kernel: scsi host3: hisi_sas_v3_hw
Sep 07 01:34:56 hostname-txyuq.foreman.pxe kernel: hisi_sas_v3_hw 0000:32:04.0: neither _PS0 nor _PR0 is defined
Sep 07 01:34:56 hostname-txyuq.foreman.pxe kernel: hisi_sas_v3_hw 0000:70:04.0: enabling device (0000 -> 0002)
Sep 07 01:34:58 hostname-txyuq.foreman.pxe kernel: scsi host4: hisi_sas_v3_hw
Sep 07 01:34:58 hostname-txyuq.foreman.pxe kernel: hisi_sas_v3_hw 0000:70:04.0: neither _PS0 nor _PR0 is defined
Sep 07 01:34:58 hostname-txyuq.foreman.pxe kernel: hisi_sas_v3_hw 0000:72:04.0: enabling device (0000 -> 0002)
Sep 07 01:35:00 hostname-txyuq.foreman.pxe kernel: scsi host5: hisi_sas_v3_hw
Sep 07 01:35:00 hostname-txyuq.foreman.pxe kernel: hisi_sas_v3_hw 0000:72:04.0: neither _PS0 nor _PR0 is defined
Sep 07 01:35:01 hostname-txyuq.foreman.pxe kernel: device-mapper: ioctl: lvm[3110]: dm-0 (vg_sda-lv_root) is created successfully
Sep 07 01:35:01 hostname-txyuq.foreman.pxe kernel: device-mapper: ioctl: lvm[3117]: dm-1 (vg_sda-lv_swap) is created successfully
Sep 07 01:35:01 hostname-txyuq.foreman.pxe kernel: SGI XFS with ACLs, security attributes, quota, no debug enabled
Sep 07 01:35:01 hostname-txyuq.foreman.pxe kernel: XFS (dm-0): Mounting V5 Filesystem 1ea0e1ee-19de-4d7e-884f-34bf5b1f3c1b
Sep 07 01:35:01 hostname-txyuq.foreman.pxe kernel: XFS (dm-0): Ending clean mount
Sep 07 01:35:02 hostname-txyuq.foreman.pxe systemd-journald[2143]: Received SIGTERM from PID 1 (systemd).
Sep 07 01:35:02 hostname-txyuq.foreman.pxe kernel: SELinux:  policy capability network_peer_controls=1
Sep 07 01:35:02 hostname-txyuq.foreman.pxe kernel: SELinux:  policy capability open_perms=1
Sep 07 01:35:02 hostname-txyuq.foreman.pxe kernel: SELinux:  policy capability extended_socket_class=1
Sep 07 01:35:02 hostname-txyuq.foreman.pxe kernel: SELinux:  policy capability always_check_network=0
Sep 07 01:35:02 hostname-txyuq.foreman.pxe kernel: SELinux:  policy capability cgroup_seclabel=1
Sep 07 01:35:02 hostname-txyuq.foreman.pxe kernel: SELinux:  policy capability nnp_nosuid_transition=1
Sep 07 01:35:02 hostname-txyuq.foreman.pxe kernel: SELinux:  policy capability genfs_seclabel_symlinks=1
Sep 07 01:35:02 hostname-txyuq.foreman.pxe kernel: SELinux:  policy capability ioctl_skip_cloexec=0
Sep 07 01:35:02 hostname-txyuq.foreman.pxe kernel: audit: type=1403 audit(1788744902.176:2): auid=4294967295 ses=4294967295 lsm=selinux res=1
Sep 07 01:35:02 hostname-txyuq.foreman.pxe systemd[1]: Successfully loaded SELinux policy in 257.092ms.
Sep 07 01:35:02 hostname-txyuq.foreman.pxe systemd[1]: Relabeled /dev, /dev/shm, /run, /sys/fs/cgroup in 38.014ms.
Sep 07 01:35:02 hostname-txyuq.foreman.pxe systemd[1]: systemd v255-34.oe2403sp1 running in system mode (+PAM +AUDIT +SELINUX -APPARMOR +IMA -SMACK +SECCOMP +GCRYPT +GNUTLS -OPENSSL +ACL +BLKID -CURL -ELFUTILS -FIDO2 +IDN2 -IDN -IPTC +KMOD +LIBCRYPTSETUP +LIBFDISK +PCRE2 -PWQUALITY +P11KIT -QRENCODE -TPM2 +BZIP2 +LZ4 +XZ +ZLIB -ZSTD -BPF_FRAMEWORK +XKBCOMMON +UTMP +SYSVINIT default-hierarchy=legacy)
Sep 07 01:35:02 hostname-txyuq.foreman.pxe systemd[1]: Detected architecture arm64.
Sep 07 01:35:02 hostname-txyuq.foreman.pxe systemd-rc-local-generator[3204]: /etc/rc.d/rc.local is not marked executable, skipping.
Sep 07 01:35:02 hostname-txyuq.foreman.pxe systemd[1]: /usr/lib/systemd/system/docker.socket:5: ListenStream= references a path below legacy directory /var/run/, updating /var/run/docker.sock → /run/docker.sock; please update the unit file accordingly.
Sep 07 01:35:02 hostname-txyuq.foreman.pxe systemd[1]: /usr/lib/systemd/system/dbus.socket:5: ListenStream= references a path below legacy directory /var/run/, updating /var/run/dbus/system_bus_socket → /run/dbus/system_bus_socket; please update the unit file accordingly.
Sep 07 01:35:02 hostname-txyuq.foreman.pxe kernel: audit: type=1400 audit(1788744902.416:3): avc:  denied  { create } for  pid=1 comm="systemd" scontext=system_u:system_r:init_t:s0 tcontext=system_u:system_r:init_t:s0 tclass=netlink_netfilter_socket permissive=1
Sep 07 01:35:02 hostname-txyuq.foreman.pxe kernel: audit: type=1400 audit(1788744902.428:4): avc:  denied  { getopt } for  pid=1 comm="systemd" scontext=system_u:system_r:init_t:s0 tcontext=system_u:system_r:init_t:s0 tclass=netlink_netfilter_socket permissive=1
Sep 07 01:35:02 hostname-txyuq.foreman.pxe kernel: audit: type=1400 audit(1788744902.428:5): avc:  denied  { setopt } for  pid=1 comm="systemd" scontext=system_u:system_r:init_t:s0 tcontext=system_u:system_r:init_t:s0 tclass=netlink_netfilter_socket permissive=1
Sep 07 01:35:02 hostname-txyuq.foreman.pxe kernel: audit: type=1400 audit(1788744902.428:6): avc:  denied  { bind } for  pid=1 comm="systemd" scontext=system_u:system_r:init_t:s0 tcontext=system_u:system_r:init_t:s0 tclass=netlink_netfilter_socket permissive=1
Sep 07 01:35:02 hostname-txyuq.foreman.pxe kernel: audit: type=1400 audit(1788744902.428:7): avc:  denied  { getattr } for  pid=1 comm="systemd" scontext=system_u:system_r:init_t:s0 tcontext=system_u:system_r:init_t:s0 tclass=netlink_netfilter_socket permissive=1
Sep 07 01:35:02 hostname-txyuq.foreman.pxe systemd[1]: initrd-switch-root.service: Deactivated successfully.
Sep 07 01:35:02 hostname-txyuq.foreman.pxe systemd[1]: Stopped Switch Root.
Sep 07 01:35:02 hostname-txyuq.foreman.pxe systemd[1]: systemd-journald.service: Scheduled restart job, restart counter is at 1.
Sep 07 01:35:02 hostname-txyuq.foreman.pxe systemd[1]: Created slice Slice /system/getty.
Sep 07 01:35:02 hostname-txyuq.foreman.pxe systemd[1]: Created slice Slice /system/serial-getty.
Sep 07 01:35:02 hostname-txyuq.foreman.pxe systemd[1]: Created slice Slice /system/sshd-keygen.
Sep 07 01:35:02 hostname-txyuq.foreman.pxe systemd[1]: Created slice Slice /system/systemd-fsck.
Sep 07 01:35:02 hostname-txyuq.foreman.pxe systemd[1]: Created slice Slice /system/systemd-journald.
Sep 07 01:35:02 hostname-txyuq.foreman.pxe systemd[1]: Created slice Slice /system/systemd-journald-varlink.
Sep 07 01:35:02 hostname-txyuq.foreman.pxe systemd[1]: Created slice User and Session Slice.
Sep 07 01:35:02 hostname-txyuq.foreman.pxe systemd[1]: Started Dispatch Password Requests to Console Directory Watch.
Sep 07 01:35:02 hostname-txyuq.foreman.pxe systemd[1]: Started Forward Password Requests to Wall Directory Watch.
Sep 07 01:35:02 hostname-txyuq.foreman.pxe systemd[1]: Set up automount Arbitrary Executable File Formats File System Automount Point.
Sep 07 01:35:02 hostname-txyuq.foreman.pxe systemd[1]: Reached target Local Encrypted Volumes.
Sep 07 01:35:02 hostname-txyuq.foreman.pxe systemd[1]: Stopped target Switch Root.
Sep 07 01:35:02 hostname-txyuq.foreman.pxe systemd[1]: Stopped target Initrd File Systems.
Sep 07 01:35:02 hostname-txyuq.foreman.pxe systemd[1]: Stopped target Initrd Root File System.
Sep 07 01:35:02 hostname-txyuq.foreman.pxe systemd[1]: Reached target Local Integrity Protected Volumes.
Sep 07 01:35:02 hostname-txyuq.foreman.pxe systemd[1]: Reached target Path Units.
Sep 07 01:35:02 hostname-txyuq.foreman.pxe systemd[1]: Reached target Remote File Systems.
Sep 07 01:35:02 hostname-txyuq.foreman.pxe systemd[1]: Reached target Slice Units.
Sep 07 01:35:02 hostname-txyuq.foreman.pxe systemd[1]: Reached target Swaps.
Sep 07 01:35:02 hostname-txyuq.foreman.pxe systemd[1]: Reached target Local Verity Protected Volumes.
Sep 07 01:35:02 hostname-txyuq.foreman.pxe systemd[1]: Listening on Device-mapper event daemon FIFOs.
Sep 07 01:35:02 hostname-txyuq.foreman.pxe systemd[1]: Listening on LVM2 poll daemon socket.
Sep 07 01:35:02 hostname-txyuq.foreman.pxe systemd[1]: Listening on Process Core Dump Socket.
Sep 07 01:35:02 hostname-txyuq.foreman.pxe systemd[1]: Listening on initctl Compatibility Named Pipe.
Sep 07 01:35:02 hostname-txyuq.foreman.pxe systemd[1]: Listening on udev Control Socket.
Sep 07 01:35:02 hostname-txyuq.foreman.pxe systemd[1]: Listening on udev Kernel Socket.
Sep 07 01:35:02 hostname-txyuq.foreman.pxe systemd[1]: Mounting Huge Pages File System...
Sep 07 01:35:02 hostname-txyuq.foreman.pxe systemd[1]: Mounting POSIX Message Queue File System...
Sep 07 01:35:02 hostname-txyuq.foreman.pxe systemd[1]: Mounting Kernel Debug File System...
Sep 07 01:35:02 hostname-txyuq.foreman.pxe systemd[1]: Mounting Kernel Trace File System...
Sep 07 01:35:02 hostname-txyuq.foreman.pxe systemd[1]: Mounting Temporary Directory /tmp...
Sep 07 01:35:02 hostname-txyuq.foreman.pxe systemd[1]: Starting Create List of Static Device Nodes...
Sep 07 01:35:02 hostname-txyuq.foreman.pxe systemd[1]: Starting Monitoring of LVM2 mirrors, snapshots etc. using dmeventd or progress polling...
Sep 07 01:35:02 hostname-txyuq.foreman.pxe systemd[1]: Starting Load Kernel Module configfs...
Sep 07 01:35:02 hostname-txyuq.foreman.pxe systemd[1]: Starting Load Kernel Module drm...
Sep 07 01:35:02 hostname-txyuq.foreman.pxe systemd[1]: Starting Load Kernel Module fuse...
Sep 07 01:35:02 hostname-txyuq.foreman.pxe systemd[1]: systemd-fsck-root.service: Deactivated successfully.
Sep 07 01:35:02 hostname-txyuq.foreman.pxe systemd[1]: Stopped File System Check on Root Device.
Sep 07 01:35:02 hostname-txyuq.foreman.pxe systemd[1]: Starting Journal Service...
Sep 07 01:35:02 hostname-txyuq.foreman.pxe systemd[1]: Starting Load Kernel Modules...
Sep 07 01:35:02 hostname-txyuq.foreman.pxe systemd[1]: Starting Generate network units from Kernel command line...
Sep 07 01:35:02 hostname-txyuq.foreman.pxe systemd[1]: Starting Remount Root and Kernel File Systems...
Sep 07 01:35:02 hostname-txyuq.foreman.pxe systemd[1]: Starting Coldplug All udev Devices...
Sep 07 01:35:02 hostname-txyuq.foreman.pxe systemd[1]: Mounted Huge Pages File System.
Sep 07 01:35:02 hostname-txyuq.foreman.pxe systemd[1]: Mounted POSIX Message Queue File System.
Sep 07 01:35:02 hostname-txyuq.foreman.pxe systemd[1]: Mounted Kernel Debug File System.
Sep 07 01:35:02 hostname-txyuq.foreman.pxe systemd[1]: Mounted Kernel Trace File System.
Sep 07 01:35:02 hostname-txyuq.foreman.pxe systemd[1]: Mounted Temporary Directory /tmp.
Sep 07 01:35:02 hostname-txyuq.foreman.pxe systemd[1]: Finished Create List of Static Device Nodes.
Sep 07 01:35:02 hostname-txyuq.foreman.pxe systemd[1]: modprobe@configfs.service: Deactivated successfully.
Sep 07 01:35:02 hostname-txyuq.foreman.pxe systemd[1]: Finished Load Kernel Module configfs.
Sep 07 01:35:02 hostname-txyuq.foreman.pxe kernel: fuse: init (API version 7.39)
Sep 07 01:35:02 hostname-txyuq.foreman.pxe systemd[1]: Starting Create Static Device Nodes in /dev gracefully...
Sep 07 01:35:02 hostname-txyuq.foreman.pxe systemd[1]: modprobe@fuse.service: Deactivated successfully.
Sep 07 01:35:02 hostname-txyuq.foreman.pxe systemd[1]: Finished Load Kernel Module fuse.
Sep 07 01:35:02 hostname-txyuq.foreman.pxe systemd[1]: Finished Generate network units from Kernel command line.
Sep 07 01:35:02 hostname-txyuq.foreman.pxe systemd[1]: Reached target Preparation for Network.
Sep 07 01:35:02 hostname-txyuq.foreman.pxe systemd[1]: Mounting FUSE Control File System...
Sep 07 01:35:02 hostname-txyuq.foreman.pxe systemd-journald[3225]: Collecting audit messages is disabled.
Sep 07 01:35:02 hostname-txyuq.foreman.pxe systemd[1]: Finished Remount Root and Kernel File Systems.
Sep 07 01:35:02 hostname-txyuq.foreman.pxe systemd[1]: Rebuild Hardware Database was skipped because of an unmet condition check (ConditionNeedsUpdate=/etc).
Sep 07 01:35:02 hostname-txyuq.foreman.pxe systemd[1]: Starting Load/Save OS Random Seed...
Sep 07 01:35:02 hostname-txyuq.foreman.pxe systemd[1]: Mounted FUSE Control File System.
Sep 07 01:35:02 hostname-txyuq.foreman.pxe systemd[1]: Started Journal Service.
Sep 07 01:35:02 hostname-txyuq.foreman.pxe kernel: ACPI: bus type drm_connector registered
Sep 07 01:35:02 hostname-txyuq.foreman.pxe systemd-journald[3225]: Received client request to flush runtime journal.
Sep 07 01:35:02 hostname-txyuq.foreman.pxe systemd-journald[3225]: /var/log/journal/235b20931f3544d89c29d86673dc2b09/system.journal: Journal file uses a different sequence number ID, rotating.
Sep 07 01:35:02 hostname-txyuq.foreman.pxe systemd-journald[3225]: Rotating system journal.
Sep 07 01:35:02 hostname-txyuq.foreman.pxe kernel: bridge: filtering via arp/ip/ip6tables is no longer available by default. Update your scripts to load br_netfilter if you need this.
Sep 07 01:35:02 hostname-txyuq.foreman.pxe kernel: Bridge firewalling registered
Sep 07 01:35:02 hostname-txyuq.foreman.pxe kernel: NET: Registered PF_VSOCK protocol family
Sep 07 01:35:02 hostname-txyuq.foreman.pxe kernel: tun: Universal TUN/TAP device driver, 1.6
Sep 07 01:35:04 hostname-txyuq.foreman.pxe kernel: XFS (nvme1n1p2): Mounting V5 Filesystem 01419ba2-2dc9-4bb4-b95f-d39928d31b66
Sep 07 01:35:04 hostname-txyuq.foreman.pxe kernel: XFS (nvme7n1p1): Mounting V5 Filesystem d985663d-d25a-4bea-9f01-55936f5e0627
Sep 07 01:35:04 hostname-txyuq.foreman.pxe kernel: XFS (nvme1n1p2): Starting recovery (logdev: internal)
Sep 07 01:35:04 hostname-txyuq.foreman.pxe kernel: XFS (nvme1n1p2): Ending recovery (logdev: internal)
Sep 07 01:35:04 hostname-txyuq.foreman.pxe kernel: XFS (nvme7n1p1): Starting recovery (logdev: internal)
Sep 07 01:35:04 hostname-txyuq.foreman.pxe kernel: XFS (nvme7n1p1): Ending recovery (logdev: internal)
Sep 07 01:35:04 hostname-txyuq.foreman.pxe kernel: hisi_ptp HISI0411:00: ptp probe start
Sep 07 01:35:04 hostname-txyuq.foreman.pxe kernel: hisi_ptp HISI0411:00: waiting for devices...rx total:4, now:1. tx total:1, now:0
Sep 07 01:35:04 hostname-txyuq.foreman.pxe kernel: hisi_ptp HISI0411:01: ptp probe start
Sep 07 01:35:04 hostname-txyuq.foreman.pxe kernel: hisi_ptp HISI0411:01: waiting for devices...rx total:4, now:2. tx total:1, now:0
Sep 07 01:35:04 hostname-txyuq.foreman.pxe kernel: hisi_ptp HISI0411:02: ptp probe start
Sep 07 01:35:04 hostname-txyuq.foreman.pxe kernel: hisi_ptp HISI0411:02: waiting for devices...rx total:4, now:3. tx total:1, now:0
Sep 07 01:35:04 hostname-txyuq.foreman.pxe kernel: hisi_ptp HISI0411:03: ptp probe start
Sep 07 01:35:04 hostname-txyuq.foreman.pxe kernel: hisi_ptp HISI0411:03: waiting for devices...rx total:4, now:4. tx total:1, now:0
Sep 07 01:35:04 hostname-txyuq.foreman.pxe kernel: hisi ptp platform driver inited, version: 22.10.2
Sep 07 01:35:04 hostname-txyuq.foreman.pxe kernel: hisi_pcie_pmu 0000:2e:00.0: enabling device (0000 -> 0002)
Sep 07 01:35:04 hostname-txyuq.foreman.pxe kernel: hisi_ptt 0000:2e:01.0: enabling device (0000 -> 0002)
Sep 07 01:35:04 hostname-txyuq.foreman.pxe kernel: hisi_pcie_pmu 0000:2e:08.0: enabling device (0000 -> 0002)
Sep 07 01:35:04 hostname-txyuq.foreman.pxe kernel: hisi_ptt 0000:2e:09.0: enabling device (0000 -> 0002)
Sep 07 01:35:04 hostname-txyuq.foreman.pxe kernel: hisi_pcie_pmu 0000:2f:00.0: enabling device (0000 -> 0002)
Sep 07 01:35:04 hostname-txyuq.foreman.pxe kernel: hisi_ptt 0000:2f:01.0: enabling device (0000 -> 0002)
Sep 07 01:35:04 hostname-txyuq.foreman.pxe kernel: hisi_pcie_pmu 0000:2f:08.0: enabling device (0000 -> 0002)
Sep 07 01:35:04 hostname-txyuq.foreman.pxe kernel: hisi_ptt 0000:2f:09.0: enabling device (0000 -> 0002)
Sep 07 01:35:04 hostname-txyuq.foreman.pxe kernel: hisi_pcie_pmu 0000:38:08.0: enabling device (0000 -> 0002)
Sep 07 01:35:04 hostname-txyuq.foreman.pxe kernel: hisi_ptt 0000:38:09.0: enabling device (0000 -> 0002)
Sep 07 01:35:04 hostname-txyuq.foreman.pxe kernel: hisi_pcie_pmu 0000:3c:08.0: enabling device (0000 -> 0002)
Sep 07 01:35:04 hostname-txyuq.foreman.pxe kernel: hisi_ptt 0000:3c:09.0: enabling device (0000 -> 0002)
Sep 07 01:35:04 hostname-txyuq.foreman.pxe kernel: hisi_pcie_pmu 0000:6e:00.0: enabling device (0000 -> 0002)
Sep 07 01:35:04 hostname-txyuq.foreman.pxe kernel: hisi_ptt 0000:6e:01.0: enabling device (0000 -> 0002)
Sep 07 01:35:04 hostname-txyuq.foreman.pxe kernel: hisi_pcie_pmu 0000:6e:08.0: enabling device (0000 -> 0002)
Sep 07 01:35:04 hostname-txyuq.foreman.pxe kernel: hisi_ptt 0000:6e:09.0: enabling device (0000 -> 0002)
Sep 07 01:35:04 hostname-txyuq.foreman.pxe kernel: hisi_pcie_pmu 0000:6f:00.0: enabling device (0000 -> 0002)
Sep 07 01:35:04 hostname-txyuq.foreman.pxe kernel: hisi_ptt 0000:6f:01.0: enabling device (0000 -> 0002)
Sep 07 01:35:04 hostname-txyuq.foreman.pxe kernel: hisi_pcie_pmu 0000:6f:08.0: enabling device (0000 -> 0002)
Sep 07 01:35:04 hostname-txyuq.foreman.pxe kernel: hisi_ptt 0000:6f:09.0: enabling device (0000 -> 0002)
Sep 07 01:35:04 hostname-txyuq.foreman.pxe kernel: hisi_pcie_pmu 0000:78:08.0: enabling device (0000 -> 0002)
Sep 07 01:35:04 hostname-txyuq.foreman.pxe kernel: hisi_ptt 0000:78:09.0: enabling device (0000 -> 0002)
Sep 07 01:35:04 hostname-txyuq.foreman.pxe kernel: hisi_pcie_pmu 0000:7c:08.0: enabling device (0000 -> 0002)
Sep 07 01:35:04 hostname-txyuq.foreman.pxe kernel: hisi_ptt 0000:7c:09.0: enabling device (0000 -> 0002)
Sep 07 01:35:04 hostname-txyuq.foreman.pxe kernel: arm-smmu-v3-pmcg arm-smmu-v3-pmcg.0.auto: option mask 0x2
Sep 07 01:35:04 hostname-txyuq.foreman.pxe kernel: arm-smmu-v3-pmcg arm-smmu-v3-pmcg.0.auto: Registered PMU @ 0x0000000300120000 using 8 counters with Individual filter settings
Sep 07 01:35:04 hostname-txyuq.foreman.pxe kernel: arm-smmu-v3-pmcg arm-smmu-v3-pmcg.1.auto: option mask 0x2
Sep 07 01:35:04 hostname-txyuq.foreman.pxe kernel: arm-smmu-v3-pmcg arm-smmu-v3-pmcg.1.auto: Registered PMU @ 0x0000000401220000 using 8 counters with Individual filter settings
Sep 07 01:35:04 hostname-txyuq.foreman.pxe kernel: arm-smmu-v3-pmcg arm-smmu-v3-pmcg.2.auto: option mask 0x2
Sep 07 01:35:04 hostname-txyuq.foreman.pxe kernel: arm-smmu-v3-pmcg arm-smmu-v3-pmcg.2.auto: Registered PMU @ 0x0000000200120000 using 8 counters with Individual filter settings
Sep 07 01:35:04 hostname-txyuq.foreman.pxe kernel: arm-smmu-v3-pmcg arm-smmu-v3-pmcg.3.auto: option mask 0x2
Sep 07 01:35:04 hostname-txyuq.foreman.pxe kernel: arm-smmu-v3-pmcg arm-smmu-v3-pmcg.3.auto: Registered PMU @ 0x0000000100120000 using 8 counters with Individual filter settings
Sep 07 01:35:04 hostname-txyuq.foreman.pxe kernel: arm-smmu-v3-pmcg arm-smmu-v3-pmcg.4.auto: option mask 0x2
Sep 07 01:35:04 hostname-txyuq.foreman.pxe kernel: arm-smmu-v3-pmcg arm-smmu-v3-pmcg.4.auto: Registered PMU @ 0x0000008300120000 using 8 counters with Individual filter settings
Sep 07 01:35:04 hostname-txyuq.foreman.pxe kernel: arm-smmu-v3-pmcg arm-smmu-v3-pmcg.5.auto: option mask 0x2
Sep 07 01:35:04 hostname-txyuq.foreman.pxe kernel: arm-smmu-v3-pmcg arm-smmu-v3-pmcg.5.auto: Registered PMU @ 0x0000008401220000 using 8 counters with Individual filter settings
Sep 07 01:35:04 hostname-txyuq.foreman.pxe kernel: arm-smmu-v3-pmcg arm-smmu-v3-pmcg.6.auto: option mask 0x2
Sep 07 01:35:04 hostname-txyuq.foreman.pxe kernel: arm-smmu-v3-pmcg arm-smmu-v3-pmcg.6.auto: Registered PMU @ 0x0000008200120000 using 8 counters with Individual filter settings
Sep 07 01:35:04 hostname-txyuq.foreman.pxe kernel: arm-smmu-v3-pmcg arm-smmu-v3-pmcg.7.auto: option mask 0x2
Sep 07 01:35:04 hostname-txyuq.foreman.pxe kernel: arm-smmu-v3-pmcg arm-smmu-v3-pmcg.7.auto: Registered PMU @ 0x0000008100120000 using 8 counters with Individual filter settings
Sep 07 01:35:04 hostname-txyuq.foreman.pxe kernel: arm-smmu-v3-pmcg arm-smmu-v3-pmcg.8.auto: option mask 0x2
Sep 07 01:35:04 hostname-txyuq.foreman.pxe kernel: arm-smmu-v3-pmcg arm-smmu-v3-pmcg.8.auto: Registered PMU @ 0x0000200300120000 using 8 counters with Individual filter settings
Sep 07 01:35:04 hostname-txyuq.foreman.pxe kernel: arm-smmu-v3-pmcg arm-smmu-v3-pmcg.9.auto: option mask 0x2
Sep 07 01:35:04 hostname-txyuq.foreman.pxe kernel: arm-smmu-v3-pmcg arm-smmu-v3-pmcg.9.auto: Registered PMU @ 0x0000200401220000 using 8 counters with Individual filter settings
Sep 07 01:35:04 hostname-txyuq.foreman.pxe kernel: arm-smmu-v3-pmcg arm-smmu-v3-pmcg.10.auto: option mask 0x2
Sep 07 01:35:04 hostname-txyuq.foreman.pxe kernel: arm-smmu-v3-pmcg arm-smmu-v3-pmcg.10.auto: Registered PMU @ 0x0000200200120000 using 8 counters with Individual filter settings
Sep 07 01:35:04 hostname-txyuq.foreman.pxe kernel: arm-smmu-v3-pmcg arm-smmu-v3-pmcg.11.auto: option mask 0x2
Sep 07 01:35:04 hostname-txyuq.foreman.pxe kernel: arm-smmu-v3-pmcg arm-smmu-v3-pmcg.11.auto: Registered PMU @ 0x0000200100120000 using 8 counters with Individual filter settings
Sep 07 01:35:04 hostname-txyuq.foreman.pxe kernel: arm-smmu-v3-pmcg arm-smmu-v3-pmcg.12.auto: option mask 0x2
Sep 07 01:35:04 hostname-txyuq.foreman.pxe kernel: arm-smmu-v3-pmcg arm-smmu-v3-pmcg.12.auto: Registered PMU @ 0x0000208300120000 using 8 counters with Individual filter settings
Sep 07 01:35:04 hostname-txyuq.foreman.pxe kernel: arm-smmu-v3-pmcg arm-smmu-v3-pmcg.13.auto: option mask 0x2
Sep 07 01:35:04 hostname-txyuq.foreman.pxe kernel: arm-smmu-v3-pmcg arm-smmu-v3-pmcg.13.auto: Registered PMU @ 0x0000208401220000 using 8 counters with Individual filter settings
Sep 07 01:35:04 hostname-txyuq.foreman.pxe kernel: arm-smmu-v3-pmcg arm-smmu-v3-pmcg.14.auto: option mask 0x2
Sep 07 01:35:04 hostname-txyuq.foreman.pxe kernel: arm-smmu-v3-pmcg arm-smmu-v3-pmcg.14.auto: Registered PMU @ 0x0000208200120000 using 8 counters with Individual filter settings
Sep 07 01:35:04 hostname-txyuq.foreman.pxe kernel: arm-smmu-v3-pmcg arm-smmu-v3-pmcg.15.auto: option mask 0x2
Sep 07 01:35:04 hostname-txyuq.foreman.pxe kernel: arm-smmu-v3-pmcg arm-smmu-v3-pmcg.15.auto: Registered PMU @ 0x0000208100120000 using 8 counters with Individual filter settings
Sep 07 01:35:04 hostname-txyuq.foreman.pxe kernel: IPMI message handler: version 39.2
Sep 07 01:35:04 hostname-txyuq.foreman.pxe kernel: vmw_vsock_virtio_transport: probe of virtio0 failed with error -22
Sep 07 01:35:04 hostname-txyuq.foreman.pxe kernel: arm_spe_pmu arm,spe-v1: probed SPEv1.1 for CPUs 0-319 [max_record_sz 128, align 4, features 0x27]
Sep 07 01:35:04 hostname-txyuq.foreman.pxe kernel: spi-nor spi-PRP0001:00: gd25lq128d (16384 Kbytes)
Sep 07 01:35:05 hostname-txyuq.foreman.pxe kernel: ipmi device interface
Sep 07 01:35:05 hostname-txyuq.foreman.pxe kernel: ipmi_si: IPMI System Interface driver
Sep 07 01:35:05 hostname-txyuq.foreman.pxe kernel: ipmi_si IPI0001:01: ipmi_platform: probing via ACPI
Sep 07 01:35:05 hostname-txyuq.foreman.pxe kernel: ipmi_si IPI0001:01: ipmi_platform: [mem 0x8410000053-0x8410000055] regsize 1 spacing 1 irq 1910
Sep 07 01:35:05 hostname-txyuq.foreman.pxe kernel: ipmi_si: Adding ACPI-specified bt state machine
Sep 07 01:35:05 hostname-txyuq.foreman.pxe kernel: ipmi_si: Trying ACPI-specified bt state machine at mem address 0x8410000053, slave address 0x0, irq 1910
Sep 07 01:35:05 hostname-txyuq.foreman.pxe kernel: ipmi_si IPI0001:01: bt cap response too short: 3
Sep 07 01:35:05 hostname-txyuq.foreman.pxe kernel: ipmi_si IPI0001:01: using default values
Sep 07 01:35:05 hostname-txyuq.foreman.pxe kernel: ipmi_si IPI0001:01: req2rsp=5 secs retries=2
Sep 07 01:35:05 hostname-txyuq.foreman.pxe kernel: Console: switching to colour dummy device 80x25
Sep 07 01:35:05 hostname-txyuq.foreman.pxe kernel: [drm] Initialized hibmc 1.0.0 20160828 for 0000:02:00.0 on minor 0
Sep 07 01:35:05 hostname-txyuq.foreman.pxe kernel: Console: switching to colour frame buffer device 128x48
Sep 07 01:35:05 hostname-txyuq.foreman.pxe kernel: hibmc-drm 0000:02:00.0: [drm] fb0: hibmcdrmfb frame buffer device
Sep 07 01:35:05 hostname-txyuq.foreman.pxe kernel: ipmi_si IPI0001:01: Using irq 1910
Sep 07 01:35:05 hostname-txyuq.foreman.pxe kernel: ipmi_si IPI0001:01: IPMI message handler: Found new BMC (man_id: 0x0007db, prod_id: 0x0000, dev_id: 0x01)
Sep 07 01:35:05 hostname-txyuq.foreman.pxe kernel: ipmi_si IPI0001:01: IPMI bt interface initialized
Sep 07 01:35:05 hostname-txyuq.foreman.pxe kernel: ipmi_ssif: IPMI SSIF Interface driver
Sep 07 01:35:06 hostname-txyuq.foreman.pxe kernel: hinic3 0000:c1:00.0 enp193s0f0: [NIC]Finally num_qps: 4
Sep 07 01:35:06 hostname-txyuq.foreman.pxe kernel: hinic3 0000:c1:00.0 enp193s0f0: [NIC]Link is up
Sep 07 01:35:06 hostname-txyuq.foreman.pxe kernel: hinic3 0000:c1:00.0 enp193s0f0: [NIC]Netdev is up
Sep 07 01:35:06 hostname-txyuq.foreman.pxe kernel: hinic3 0000:c1:00.1 enp193s0f1: [NIC]Finally num_qps: 4
Sep 07 01:35:06 hostname-txyuq.foreman.pxe kernel: hinic3 0000:c1:00.1 enp193s0f1: [NIC]Link is up
Sep 07 01:35:06 hostname-txyuq.foreman.pxe kernel: hinic3 0000:c1:00.1 enp193s0f1: [NIC]Netdev is up
Sep 07 01:35:06 hostname-txyuq.foreman.pxe kernel: hinic3 0000:c1:00.2 enp193s0f2: [NIC]Finally num_qps: 4
Sep 07 01:35:06 hostname-txyuq.foreman.pxe kernel: hinic3 0000:c1:00.2 enp193s0f2: [NIC]Link is up
Sep 07 01:35:06 hostname-txyuq.foreman.pxe kernel: hinic3 0000:c1:00.2 enp193s0f2: [NIC]Netdev is up
Sep 07 01:35:06 hostname-txyuq.foreman.pxe kernel: block dm-0: the capability attribute has been deprecated.
Sep 07 01:35:08 hostname-txyuq.foreman.pxe kernel: docker0: port 1(veth6d942b7) entered blocking state
Sep 07 01:35:08 hostname-txyuq.foreman.pxe kernel: docker0: port 1(veth6d942b7) entered disabled state
Sep 07 01:35:08 hostname-txyuq.foreman.pxe kernel: veth6d942b7: entered allmulticast mode
Sep 07 01:35:08 hostname-txyuq.foreman.pxe kernel: veth6d942b7: entered promiscuous mode
Sep 07 01:35:08 hostname-txyuq.foreman.pxe kernel: docker0: port 1(veth6d942b7) entered blocking state
Sep 07 01:35:08 hostname-txyuq.foreman.pxe kernel: docker0: port 1(veth6d942b7) entered forwarding state
Sep 07 01:35:08 hostname-txyuq.foreman.pxe kernel: docker0: port 1(veth6d942b7) entered disabled state
Sep 07 01:35:09 hostname-txyuq.foreman.pxe kernel: eth0: renamed from veth6abce47
Sep 07 01:35:09 hostname-txyuq.foreman.pxe kernel: docker0: port 1(veth6d942b7) entered blocking state
Sep 07 01:35:09 hostname-txyuq.foreman.pxe kernel: docker0: port 1(veth6d942b7) entered forwarding state
Sep 07 01:35:14 hostname-txyuq.foreman.pxe systemd-journald[3225]: /var/log/journal/235b20931f3544d89c29d86673dc2b09/user-1001.journal: Journal file uses a different sequence number ID, rotating.
Sep 07 01:35:40 hostname-txyuq.foreman.pxe kernel: bpftool[25833]: memfd_create() called without MFD_EXEC or MFD_NOEXEC_SEAL set
Sep 07 01:39:19 hostname-txyuq.foreman.pxe kernel: nvme nvme11: creating 4 I/O queues.
Sep 07 01:39:19 hostname-txyuq.foreman.pxe kernel: nvme nvme11: mapped 4/0/0 default/read/poll queues.
Sep 07 01:39:19 hostname-txyuq.foreman.pxe kernel: nvme nvme11: new ctrl: NQN "nqn.2026-08.io.spdk:rcow-00", addr 127.0.0.1:4420
Sep 07 01:39:21 hostname-txyuq.foreman.pxe kernel: nvme nvme12: creating 4 I/O queues.
Sep 07 01:39:21 hostname-txyuq.foreman.pxe kernel: nvme nvme12: mapped 4/0/0 default/read/poll queues.
Sep 07 01:39:21 hostname-txyuq.foreman.pxe kernel: nvme nvme12: new ctrl: NQN "nqn.2026-08.io.spdk:rcow-01", addr 127.0.0.1:4420
Sep 07 01:39:24 hostname-txyuq.foreman.pxe kernel: nvme nvme13: creating 4 I/O queues.
Sep 07 01:39:24 hostname-txyuq.foreman.pxe kernel: nvme nvme13: mapped 4/0/0 default/read/poll queues.
Sep 07 01:39:24 hostname-txyuq.foreman.pxe kernel: nvme nvme13: new ctrl: NQN "nqn.2026-08.io.spdk:rcow-02", addr 127.0.0.1:4420
Sep 07 01:39:27 hostname-txyuq.foreman.pxe kernel: nvme nvme14: creating 4 I/O queues.
Sep 07 01:39:27 hostname-txyuq.foreman.pxe kernel: nvme nvme14: mapped 4/0/0 default/read/poll queues.
Sep 07 01:39:27 hostname-txyuq.foreman.pxe kernel: nvme nvme14: new ctrl: NQN "nqn.2026-08.io.spdk:rcow-03", addr 127.0.0.1:4420
Sep 07 01:39:29 hostname-txyuq.foreman.pxe kernel: nvme nvme15: creating 4 I/O queues.
Sep 07 01:39:29 hostname-txyuq.foreman.pxe kernel: nvme nvme15: mapped 4/0/0 default/read/poll queues.
Sep 07 01:39:29 hostname-txyuq.foreman.pxe kernel: nvme nvme15: new ctrl: NQN "nqn.2026-08.io.spdk:rcow-04", addr 127.0.0.1:4420
Sep 07 01:39:31 hostname-txyuq.foreman.pxe kernel: nvme nvme16: creating 4 I/O queues.
Sep 07 01:39:31 hostname-txyuq.foreman.pxe kernel: nvme nvme16: mapped 4/0/0 default/read/poll queues.
Sep 07 01:39:31 hostname-txyuq.foreman.pxe kernel: nvme nvme16: new ctrl: NQN "nqn.2026-08.io.spdk:rcow-05", addr 127.0.0.1:4420
Sep 07 01:39:33 hostname-txyuq.foreman.pxe kernel: nvme nvme17: creating 4 I/O queues.
Sep 07 01:39:33 hostname-txyuq.foreman.pxe kernel: nvme nvme17: mapped 4/0/0 default/read/poll queues.
Sep 07 01:39:33 hostname-txyuq.foreman.pxe kernel: nvme nvme17: new ctrl: NQN "nqn.2026-08.io.spdk:rcow-06", addr 127.0.0.1:4420
Sep 07 01:39:35 hostname-txyuq.foreman.pxe kernel: nvme nvme18: creating 4 I/O queues.
Sep 07 01:39:35 hostname-txyuq.foreman.pxe kernel: nvme nvme18: mapped 4/0/0 default/read/poll queues.
Sep 07 01:39:35 hostname-txyuq.foreman.pxe kernel: nvme nvme18: new ctrl: NQN "nqn.2026-08.io.spdk:rcow-07", addr 127.0.0.1:4420
Sep 07 01:39:37 hostname-txyuq.foreman.pxe kernel: nvme nvme19: creating 4 I/O queues.
Sep 07 01:39:37 hostname-txyuq.foreman.pxe kernel: nvme nvme19: mapped 4/0/0 default/read/poll queues.
Sep 07 01:39:37 hostname-txyuq.foreman.pxe kernel: nvme nvme19: new ctrl: NQN "nqn.2026-08.io.spdk:rcow-08", addr 127.0.0.1:4420
Sep 07 01:39:40 hostname-txyuq.foreman.pxe kernel: nvme nvme20: creating 4 I/O queues.
Sep 07 01:39:40 hostname-txyuq.foreman.pxe kernel: nvme nvme20: mapped 4/0/0 default/read/poll queues.
Sep 07 01:39:40 hostname-txyuq.foreman.pxe kernel: nvme nvme20: new ctrl: NQN "nqn.2026-08.io.spdk:rcow-09", addr 127.0.0.1:4420
Sep 07 01:39:44 hostname-txyuq.foreman.pxe kernel: nvme nvme21: creating 4 I/O queues.
Sep 07 01:39:44 hostname-txyuq.foreman.pxe kernel: nvme nvme21: mapped 4/0/0 default/read/poll queues.
Sep 07 01:39:44 hostname-txyuq.foreman.pxe kernel: nvme nvme21: new ctrl: NQN "nqn.2026-08.io.spdk:rcow-10", addr 127.0.0.1:4420
Sep 07 01:39:46 hostname-txyuq.foreman.pxe kernel: nvme nvme22: creating 4 I/O queues.
Sep 07 01:39:46 hostname-txyuq.foreman.pxe kernel: nvme nvme22: mapped 4/0/0 default/read/poll queues.
Sep 07 01:39:46 hostname-txyuq.foreman.pxe kernel: nvme nvme22: new ctrl: NQN "nqn.2026-08.io.spdk:rcow-11", addr 127.0.0.1:4420
Sep 07 01:39:49 hostname-txyuq.foreman.pxe kernel: nvme nvme23: creating 4 I/O queues.
Sep 07 01:39:49 hostname-txyuq.foreman.pxe kernel: nvme nvme23: mapped 4/0/0 default/read/poll queues.
Sep 07 01:39:49 hostname-txyuq.foreman.pxe kernel: nvme nvme23: new ctrl: NQN "nqn.2026-08.io.spdk:rcow-12", addr 127.0.0.1:4420
Sep 07 01:39:51 hostname-txyuq.foreman.pxe kernel: nvme nvme24: creating 4 I/O queues.
Sep 07 01:39:51 hostname-txyuq.foreman.pxe kernel: nvme nvme24: mapped 4/0/0 default/read/poll queues.
Sep 07 01:39:51 hostname-txyuq.foreman.pxe kernel: nvme nvme24: new ctrl: NQN "nqn.2026-08.io.spdk:rcow-13", addr 127.0.0.1:4420
Sep 07 01:39:54 hostname-txyuq.foreman.pxe kernel: nvme nvme25: creating 4 I/O queues.
Sep 07 01:39:54 hostname-txyuq.foreman.pxe kernel: nvme nvme25: mapped 4/0/0 default/read/poll queues.
Sep 07 01:39:54 hostname-txyuq.foreman.pxe kernel: nvme nvme25: new ctrl: NQN "nqn.2026-08.io.spdk:rcow-14", addr 127.0.0.1:4420
Sep 07 01:39:56 hostname-txyuq.foreman.pxe kernel: nvme nvme26: creating 4 I/O queues.
Sep 07 01:39:56 hostname-txyuq.foreman.pxe kernel: nvme nvme26: mapped 4/0/0 default/read/poll queues.
Sep 07 01:39:56 hostname-txyuq.foreman.pxe kernel: nvme nvme26: new ctrl: NQN "nqn.2026-08.io.spdk:rcow-15", addr 127.0.0.1:4420
Sep 07 01:39:58 hostname-txyuq.foreman.pxe kernel: nvme nvme27: creating 4 I/O queues.
Sep 07 01:39:58 hostname-txyuq.foreman.pxe kernel: nvme nvme27: mapped 4/0/0 default/read/poll queues.
Sep 07 01:39:59 hostname-txyuq.foreman.pxe kernel: nvme nvme27: new ctrl: NQN "nqn.2026-08.io.spdk:rcow-16", addr 127.0.0.1:4420
Sep 07 01:40:01 hostname-txyuq.foreman.pxe kernel: nvme nvme28: creating 4 I/O queues.
Sep 07 01:40:01 hostname-txyuq.foreman.pxe kernel: nvme nvme28: mapped 4/0/0 default/read/poll queues.
Sep 07 01:40:02 hostname-txyuq.foreman.pxe kernel: nvme nvme28: new ctrl: NQN "nqn.2026-08.io.spdk:rcow-17", addr 127.0.0.1:4420
Sep 07 01:40:04 hostname-txyuq.foreman.pxe kernel: nvme nvme29: creating 4 I/O queues.
Sep 07 01:40:04 hostname-txyuq.foreman.pxe kernel: nvme nvme29: mapped 4/0/0 default/read/poll queues.
Sep 07 01:40:04 hostname-txyuq.foreman.pxe kernel: nvme nvme29: new ctrl: NQN "nqn.2026-08.io.spdk:rcow-18", addr 127.0.0.1:4420
Sep 07 01:40:07 hostname-txyuq.foreman.pxe kernel: nvme nvme30: creating 4 I/O queues.
Sep 07 01:40:07 hostname-txyuq.foreman.pxe kernel: nvme nvme30: mapped 4/0/0 default/read/poll queues.
Sep 07 01:40:07 hostname-txyuq.foreman.pxe kernel: nvme nvme30: new ctrl: NQN "nqn.2026-08.io.spdk:rcow-19", addr 127.0.0.1:4420
Sep 07 01:40:10 hostname-txyuq.foreman.pxe kernel: nvme nvme31: creating 4 I/O queues.
Sep 07 01:40:10 hostname-txyuq.foreman.pxe kernel: nvme nvme31: mapped 4/0/0 default/read/poll queues.
Sep 07 01:40:10 hostname-txyuq.foreman.pxe kernel: nvme nvme31: new ctrl: NQN "nqn.2026-08.io.spdk:rcow-20", addr 127.0.0.1:4420
Sep 07 01:40:14 hostname-txyuq.foreman.pxe kernel: nvme nvme32: creating 4 I/O queues.
Sep 07 01:40:14 hostname-txyuq.foreman.pxe kernel: nvme nvme32: mapped 4/0/0 default/read/poll queues.
Sep 07 01:40:14 hostname-txyuq.foreman.pxe kernel: nvme nvme32: new ctrl: NQN "nqn.2026-08.io.spdk:rcow-21", addr 127.0.0.1:4420
Sep 07 01:40:17 hostname-txyuq.foreman.pxe kernel: nvme nvme33: creating 4 I/O queues.
Sep 07 01:40:17 hostname-txyuq.foreman.pxe kernel: nvme nvme33: mapped 4/0/0 default/read/poll queues.
Sep 07 01:40:18 hostname-txyuq.foreman.pxe kernel: nvme nvme33: new ctrl: NQN "nqn.2026-08.io.spdk:rcow-22", addr 127.0.0.1:4420
Sep 07 01:40:22 hostname-txyuq.foreman.pxe kernel: nvme nvme34: creating 4 I/O queues.
Sep 07 01:40:22 hostname-txyuq.foreman.pxe kernel: nvme nvme34: mapped 4/0/0 default/read/poll queues.
Sep 07 01:40:22 hostname-txyuq.foreman.pxe kernel: nvme nvme34: new ctrl: NQN "nqn.2026-08.io.spdk:rcow-23", addr 127.0.0.1:4420
Sep 07 01:40:24 hostname-txyuq.foreman.pxe kernel: nvme nvme35: creating 4 I/O queues.
Sep 07 01:40:24 hostname-txyuq.foreman.pxe kernel: nvme nvme35: mapped 4/0/0 default/read/poll queues.
Sep 07 01:40:24 hostname-txyuq.foreman.pxe kernel: nvme nvme35: new ctrl: NQN "nqn.2026-08.io.spdk:rcow-24", addr 127.0.0.1:4420
Sep 07 01:40:26 hostname-txyuq.foreman.pxe kernel: nvme nvme36: creating 4 I/O queues.
Sep 07 01:40:26 hostname-txyuq.foreman.pxe kernel: nvme nvme36: mapped 4/0/0 default/read/poll queues.
Sep 07 01:40:26 hostname-txyuq.foreman.pxe kernel: nvme nvme36: new ctrl: NQN "nqn.2026-08.io.spdk:rcow-25", addr 127.0.0.1:4420
Sep 07 01:40:29 hostname-txyuq.foreman.pxe kernel: nvme nvme37: creating 4 I/O queues.
Sep 07 01:40:29 hostname-txyuq.foreman.pxe kernel: nvme nvme37: mapped 4/0/0 default/read/poll queues.
Sep 07 01:40:30 hostname-txyuq.foreman.pxe kernel: nvme nvme37: new ctrl: NQN "nqn.2026-08.io.spdk:rcow-26", addr 127.0.0.1:4420
Sep 07 01:40:34 hostname-txyuq.foreman.pxe kernel: nvme nvme38: creating 4 I/O queues.
Sep 07 01:40:34 hostname-txyuq.foreman.pxe kernel: nvme nvme38: mapped 4/0/0 default/read/poll queues.
Sep 07 01:40:34 hostname-txyuq.foreman.pxe kernel: nvme nvme38: new ctrl: NQN "nqn.2026-08.io.spdk:rcow-27", addr 127.0.0.1:4420
Sep 07 01:40:36 hostname-txyuq.foreman.pxe kernel: nvme nvme39: creating 4 I/O queues.
Sep 07 01:40:36 hostname-txyuq.foreman.pxe kernel: nvme nvme39: mapped 4/0/0 default/read/poll queues.
Sep 07 01:40:37 hostname-txyuq.foreman.pxe kernel: nvme nvme39: new ctrl: NQN "nqn.2026-08.io.spdk:rcow-28", addr 127.0.0.1:4420
Sep 07 01:40:40 hostname-txyuq.foreman.pxe kernel: nvme nvme40: creating 4 I/O queues.
Sep 07 01:40:40 hostname-txyuq.foreman.pxe kernel: nvme nvme40: mapped 4/0/0 default/read/poll queues.
Sep 07 01:40:40 hostname-txyuq.foreman.pxe kernel: nvme nvme40: new ctrl: NQN "nqn.2026-08.io.spdk:rcow-29", addr 127.0.0.1:4420
Sep 07 01:40:44 hostname-txyuq.foreman.pxe kernel: nvme nvme41: creating 4 I/O queues.
Sep 07 01:40:44 hostname-txyuq.foreman.pxe kernel: nvme nvme41: mapped 4/0/0 default/read/poll queues.
Sep 07 01:40:44 hostname-txyuq.foreman.pxe kernel: nvme nvme41: new ctrl: NQN "nqn.2026-08.io.spdk:rcow-30", addr 127.0.0.1:4420
Sep 07 01:40:46 hostname-txyuq.foreman.pxe kernel: nvme nvme42: creating 4 I/O queues.
Sep 07 01:40:46 hostname-txyuq.foreman.pxe kernel: nvme nvme42: mapped 4/0/0 default/read/poll queues.
Sep 07 01:40:46 hostname-txyuq.foreman.pxe kernel: nvme nvme42: new ctrl: NQN "nqn.2026-08.io.spdk:rcow-31", addr 127.0.0.1:4420
Sep 07 01:56:23 hostname-txyuq.foreman.pxe kernel: docker0: port 2(veth8aa4eee) entered blocking state
Sep 07 01:56:23 hostname-txyuq.foreman.pxe kernel: docker0: port 2(veth8aa4eee) entered disabled state
Sep 07 01:56:23 hostname-txyuq.foreman.pxe kernel: veth8aa4eee: entered allmulticast mode
Sep 07 01:56:23 hostname-txyuq.foreman.pxe kernel: veth8aa4eee: entered promiscuous mode
Sep 07 01:56:24 hostname-txyuq.foreman.pxe kernel: eth0: renamed from veth5955fad
Sep 07 01:56:24 hostname-txyuq.foreman.pxe kernel: docker0: port 2(veth8aa4eee) entered blocking state
Sep 07 01:56:24 hostname-txyuq.foreman.pxe kernel: docker0: port 2(veth8aa4eee) entered forwarding state
Sep 07 01:57:08 hostname-txyuq.foreman.pxe kernel: loop: module loaded
Sep 07 01:57:08 hostname-txyuq.foreman.pxe kernel: loop0: detected capacity change from 0 to 39062500
Sep 07 01:57:08 hostname-txyuq.foreman.pxe kernel: VFS: Open a write opened block device exclusively [loop0]. current [99385 mount]. parent [69717 cubelet]
Sep 07 01:57:08 hostname-txyuq.foreman.pxe kernel: EXT4-fs (loop0): mounted filesystem 56fd8f12-ab24-44a9-946b-c8b0b6324e70 r/w without journal. Quota mode: none.
Sep 07 01:57:08 hostname-txyuq.foreman.pxe kernel: EXT4-fs (loop0): unmounting filesystem 56fd8f12-ab24-44a9-946b-c8b0b6324e70.
Sep 07 01:57:11 hostname-txyuq.foreman.pxe kernel: hrtimer: interrupt took 1120 ns
Sep 07 01:59:17 hostname-txyuq.foreman.pxe kernel: loop0: detected capacity change from 0 to 39062500
Sep 07 01:59:17 hostname-txyuq.foreman.pxe kernel: VFS: Open a write opened block device exclusively [loop0]. current [104709 mount]. parent [69717 cubelet]
Sep 07 01:59:17 hostname-txyuq.foreman.pxe kernel: EXT4-fs (loop0): mounted filesystem efa1abf1-7485-4c02-9d2d-86ba752e02da r/w without journal. Quota mode: none.
Sep 07 01:59:17 hostname-txyuq.foreman.pxe kernel: EXT4-fs (loop0): unmounting filesystem efa1abf1-7485-4c02-9d2d-86ba752e02da.
Sep 07 02:00:36 hostname-txyuq.foreman.pxe kernel: loop0: detected capacity change from 0 to 39062500
Sep 07 02:00:36 hostname-txyuq.foreman.pxe kernel: VFS: Open a write opened block device exclusively [loop0]. current [108189 mount]. parent [69712 cubelet]
Sep 07 02:00:36 hostname-txyuq.foreman.pxe kernel: EXT4-fs (loop0): mounted filesystem 651aeab9-c77c-446d-87f7-11df3940150e r/w without journal. Quota mode: none.
Sep 07 02:00:36 hostname-txyuq.foreman.pxe kernel: EXT4-fs (loop0): unmounting filesystem 651aeab9-c77c-446d-87f7-11df3940150e.
Sep 07 02:04:37 hostname-txyuq.foreman.pxe kernel: docker0: port 3(veth535ec1c) entered blocking state
Sep 07 02:04:37 hostname-txyuq.foreman.pxe kernel: docker0: port 3(veth535ec1c) entered disabled state
Sep 07 02:04:37 hostname-txyuq.foreman.pxe kernel: veth535ec1c: entered allmulticast mode
Sep 07 02:04:37 hostname-txyuq.foreman.pxe kernel: veth535ec1c: entered promiscuous mode
Sep 07 02:04:38 hostname-txyuq.foreman.pxe kernel: eth0: renamed from veth6beef86
Sep 07 02:04:38 hostname-txyuq.foreman.pxe kernel: docker0: port 3(veth535ec1c) entered blocking state
Sep 07 02:04:38 hostname-txyuq.foreman.pxe kernel: docker0: port 3(veth535ec1c) entered forwarding state
Sep 07 02:04:38 hostname-txyuq.foreman.pxe kernel: docker0: port 3(veth535ec1c) entered disabled state
Sep 07 02:04:38 hostname-txyuq.foreman.pxe kernel: veth6beef86: renamed from eth0
Sep 07 02:04:38 hostname-txyuq.foreman.pxe kernel: docker0: port 3(veth535ec1c) entered disabled state
Sep 07 02:04:38 hostname-txyuq.foreman.pxe kernel: veth535ec1c (unregistering): left allmulticast mode
Sep 07 02:04:38 hostname-txyuq.foreman.pxe kernel: veth535ec1c (unregistering): left promiscuous mode
Sep 07 02:04:38 hostname-txyuq.foreman.pxe kernel: docker0: port 3(veth535ec1c) entered disabled state
Sep 07 02:04:51 hostname-txyuq.foreman.pxe kernel: docker0: port 3(veth5ed7787) entered blocking state
Sep 07 02:04:51 hostname-txyuq.foreman.pxe kernel: docker0: port 3(veth5ed7787) entered disabled state
Sep 07 02:04:51 hostname-txyuq.foreman.pxe kernel: veth5ed7787: entered allmulticast mode
Sep 07 02:04:51 hostname-txyuq.foreman.pxe kernel: veth5ed7787: entered promiscuous mode
Sep 07 02:04:51 hostname-txyuq.foreman.pxe kernel: eth0: renamed from veth7c39cd4
Sep 07 02:04:51 hostname-txyuq.foreman.pxe kernel: docker0: port 3(veth5ed7787) entered blocking state
Sep 07 02:04:51 hostname-txyuq.foreman.pxe kernel: docker0: port 3(veth5ed7787) entered forwarding state
Sep 07 02:05:52 hostname-txyuq.foreman.pxe kernel: docker0: port 3(veth5ed7787) entered disabled state
Sep 07 02:05:52 hostname-txyuq.foreman.pxe kernel: veth7c39cd4: renamed from eth0
Sep 07 02:05:52 hostname-txyuq.foreman.pxe kernel: docker0: port 3(veth5ed7787) entered disabled state
Sep 07 02:05:52 hostname-txyuq.foreman.pxe kernel: veth5ed7787 (unregistering): left allmulticast mode
Sep 07 02:05:52 hostname-txyuq.foreman.pxe kernel: veth5ed7787 (unregistering): left promiscuous mode
Sep 07 02:05:52 hostname-txyuq.foreman.pxe kernel: docker0: port 3(veth5ed7787) entered disabled state
Sep 07 02:06:09 hostname-txyuq.foreman.pxe kernel: docker0: port 3(veth9b18044) entered blocking state
Sep 07 02:06:09 hostname-txyuq.foreman.pxe kernel: docker0: port 3(veth9b18044) entered disabled state
Sep 07 02:06:09 hostname-txyuq.foreman.pxe kernel: veth9b18044: entered allmulticast mode
Sep 07 02:06:09 hostname-txyuq.foreman.pxe kernel: veth9b18044: entered promiscuous mode
Sep 07 02:06:09 hostname-txyuq.foreman.pxe kernel: eth0: renamed from vethd9a6800
Sep 07 02:06:09 hostname-txyuq.foreman.pxe kernel: docker0: port 3(veth9b18044) entered blocking state
Sep 07 02:06:09 hostname-txyuq.foreman.pxe kernel: docker0: port 3(veth9b18044) entered forwarding state
Sep 07 02:06:27 hostname-txyuq.foreman.pxe kernel: docker0: port 3(veth9b18044) entered disabled state
Sep 07 02:06:27 hostname-txyuq.foreman.pxe kernel: vethd9a6800: renamed from eth0
Sep 07 02:06:27 hostname-txyuq.foreman.pxe kernel: docker0: port 3(veth9b18044) entered disabled state
Sep 07 02:06:27 hostname-txyuq.foreman.pxe kernel: veth9b18044 (unregistering): left allmulticast mode
Sep 07 02:06:27 hostname-txyuq.foreman.pxe kernel: veth9b18044 (unregistering): left promiscuous mode
Sep 07 02:06:27 hostname-txyuq.foreman.pxe kernel: docker0: port 3(veth9b18044) entered disabled state
Sep 07 02:07:36 hostname-txyuq.foreman.pxe kernel: docker0: port 3(veth094a499) entered blocking state
Sep 07 02:07:36 hostname-txyuq.foreman.pxe kernel: docker0: port 3(veth094a499) entered disabled state
Sep 07 02:07:36 hostname-txyuq.foreman.pxe kernel: veth094a499: entered allmulticast mode
Sep 07 02:07:36 hostname-txyuq.foreman.pxe kernel: veth094a499: entered promiscuous mode
Sep 07 02:07:36 hostname-txyuq.foreman.pxe kernel: eth0: renamed from vethe31e427
Sep 07 02:07:36 hostname-txyuq.foreman.pxe kernel: docker0: port 3(veth094a499) entered blocking state
Sep 07 02:07:36 hostname-txyuq.foreman.pxe kernel: docker0: port 3(veth094a499) entered forwarding state
Sep 07 02:07:36 hostname-txyuq.foreman.pxe kernel: docker0: port 3(veth094a499) entered disabled state
Sep 07 02:07:36 hostname-txyuq.foreman.pxe kernel: vethe31e427: renamed from eth0
Sep 07 02:07:36 hostname-txyuq.foreman.pxe kernel: docker0: port 3(veth094a499) entered disabled state
Sep 07 02:07:36 hostname-txyuq.foreman.pxe kernel: veth094a499 (unregistering): left allmulticast mode
Sep 07 02:07:36 hostname-txyuq.foreman.pxe kernel: veth094a499 (unregistering): left promiscuous mode
Sep 07 02:07:36 hostname-txyuq.foreman.pxe kernel: docker0: port 3(veth094a499) entered disabled state
Sep 07 02:07:50 hostname-txyuq.foreman.pxe kernel: docker0: port 3(vethadc1ec2) entered blocking state
Sep 07 02:07:50 hostname-txyuq.foreman.pxe kernel: docker0: port 3(vethadc1ec2) entered disabled state
Sep 07 02:07:50 hostname-txyuq.foreman.pxe kernel: vethadc1ec2: entered allmulticast mode
Sep 07 02:07:50 hostname-txyuq.foreman.pxe kernel: vethadc1ec2: entered promiscuous mode
Sep 07 02:07:50 hostname-txyuq.foreman.pxe kernel: eth0: renamed from veth328a710
Sep 07 02:07:50 hostname-txyuq.foreman.pxe kernel: docker0: port 3(vethadc1ec2) entered blocking state
Sep 07 02:07:50 hostname-txyuq.foreman.pxe kernel: docker0: port 3(vethadc1ec2) entered forwarding state
Sep 07 02:07:51 hostname-txyuq.foreman.pxe kernel: docker0: port 3(vethadc1ec2) entered disabled state
Sep 07 02:07:51 hostname-txyuq.foreman.pxe kernel: veth328a710: renamed from eth0
Sep 07 02:07:51 hostname-txyuq.foreman.pxe kernel: docker0: port 3(vethadc1ec2) entered disabled state
Sep 07 02:07:51 hostname-txyuq.foreman.pxe kernel: vethadc1ec2 (unregistering): left allmulticast mode
Sep 07 02:07:51 hostname-txyuq.foreman.pxe kernel: vethadc1ec2 (unregistering): left promiscuous mode
Sep 07 02:07:51 hostname-txyuq.foreman.pxe kernel: docker0: port 3(vethadc1ec2) entered disabled state
Sep 07 02:08:11 hostname-txyuq.foreman.pxe kernel: docker0: port 3(veth86476f3) entered blocking state
Sep 07 02:08:11 hostname-txyuq.foreman.pxe kernel: docker0: port 3(veth86476f3) entered disabled state
Sep 07 02:08:11 hostname-txyuq.foreman.pxe kernel: veth86476f3: entered allmulticast mode
Sep 07 02:08:11 hostname-txyuq.foreman.pxe kernel: veth86476f3: entered promiscuous mode
Sep 07 02:08:11 hostname-txyuq.foreman.pxe kernel: eth0: renamed from veth782385d
Sep 07 02:08:11 hostname-txyuq.foreman.pxe kernel: docker0: port 3(veth86476f3) entered blocking state
Sep 07 02:08:11 hostname-txyuq.foreman.pxe kernel: docker0: port 3(veth86476f3) entered forwarding state
Sep 07 02:08:29 hostname-txyuq.foreman.pxe kernel: docker0: port 3(veth86476f3) entered disabled state
Sep 07 02:08:29 hostname-txyuq.foreman.pxe kernel: veth782385d: renamed from eth0
Sep 07 02:08:29 hostname-txyuq.foreman.pxe kernel: docker0: port 3(veth86476f3) entered disabled state
Sep 07 02:08:29 hostname-txyuq.foreman.pxe kernel: veth86476f3 (unregistering): left allmulticast mode
Sep 07 02:08:29 hostname-txyuq.foreman.pxe kernel: veth86476f3 (unregistering): left promiscuous mode
Sep 07 02:08:29 hostname-txyuq.foreman.pxe kernel: docker0: port 3(veth86476f3) entered disabled state
Sep 07 02:09:25 hostname-txyuq.foreman.pxe kernel: docker0: port 3(veth7133877) entered blocking state
Sep 07 02:09:25 hostname-txyuq.foreman.pxe kernel: docker0: port 3(veth7133877) entered disabled state
Sep 07 02:09:25 hostname-txyuq.foreman.pxe kernel: veth7133877: entered allmulticast mode
Sep 07 02:09:25 hostname-txyuq.foreman.pxe kernel: veth7133877: entered promiscuous mode
Sep 07 02:09:25 hostname-txyuq.foreman.pxe kernel: eth0: renamed from veth9fa5414
Sep 07 02:09:25 hostname-txyuq.foreman.pxe kernel: docker0: port 3(veth7133877) entered blocking state
Sep 07 02:09:25 hostname-txyuq.foreman.pxe kernel: docker0: port 3(veth7133877) entered forwarding state
Sep 07 02:09:39 hostname-txyuq.foreman.pxe kernel: docker0: port 3(veth7133877) entered disabled state
Sep 07 02:09:39 hostname-txyuq.foreman.pxe kernel: veth9fa5414: renamed from eth0
Sep 07 02:09:39 hostname-txyuq.foreman.pxe kernel: docker0: port 3(veth7133877) entered disabled state
Sep 07 02:09:39 hostname-txyuq.foreman.pxe kernel: veth7133877 (unregistering): left allmulticast mode
Sep 07 02:09:39 hostname-txyuq.foreman.pxe kernel: veth7133877 (unregistering): left promiscuous mode
Sep 07 02:09:39 hostname-txyuq.foreman.pxe kernel: docker0: port 3(veth7133877) entered disabled state
Sep 07 02:09:40 hostname-txyuq.foreman.pxe kernel: docker0: port 3(veth3ef46a3) entered blocking state
Sep 07 02:09:40 hostname-txyuq.foreman.pxe kernel: docker0: port 3(veth3ef46a3) entered disabled state
Sep 07 02:09:40 hostname-txyuq.foreman.pxe kernel: veth3ef46a3: entered allmulticast mode
Sep 07 02:09:40 hostname-txyuq.foreman.pxe kernel: veth3ef46a3: entered promiscuous mode
Sep 07 02:09:40 hostname-txyuq.foreman.pxe kernel: eth0: renamed from veth4ab7bba
Sep 07 02:09:40 hostname-txyuq.foreman.pxe kernel: docker0: port 3(veth3ef46a3) entered blocking state
Sep 07 02:09:40 hostname-txyuq.foreman.pxe kernel: docker0: port 3(veth3ef46a3) entered forwarding state
Sep 07 02:10:00 hostname-txyuq.foreman.pxe kernel: docker0: port 3(veth3ef46a3) entered disabled state
Sep 07 02:10:00 hostname-txyuq.foreman.pxe kernel: veth4ab7bba: renamed from eth0
Sep 07 02:10:00 hostname-txyuq.foreman.pxe kernel: docker0: port 3(veth3ef46a3) entered disabled state
Sep 07 02:10:00 hostname-txyuq.foreman.pxe kernel: veth3ef46a3 (unregistering): left allmulticast mode
Sep 07 02:10:00 hostname-txyuq.foreman.pxe kernel: veth3ef46a3 (unregistering): left promiscuous mode
Sep 07 02:10:00 hostname-txyuq.foreman.pxe kernel: docker0: port 3(veth3ef46a3) entered disabled state
Sep 07 02:10:00 hostname-txyuq.foreman.pxe kernel: docker0: port 3(veth06a4a66) entered blocking state
Sep 07 02:10:00 hostname-txyuq.foreman.pxe kernel: docker0: port 3(veth06a4a66) entered disabled state
Sep 07 02:10:00 hostname-txyuq.foreman.pxe kernel: veth06a4a66: entered allmulticast mode
Sep 07 02:10:00 hostname-txyuq.foreman.pxe kernel: veth06a4a66: entered promiscuous mode
Sep 07 02:10:00 hostname-txyuq.foreman.pxe kernel: docker0: port 3(veth06a4a66) entered blocking state
Sep 07 02:10:00 hostname-txyuq.foreman.pxe kernel: docker0: port 3(veth06a4a66) entered forwarding state
Sep 07 02:10:00 hostname-txyuq.foreman.pxe kernel: eth0: renamed from veth76bcdcf
Sep 07 02:10:03 hostname-txyuq.foreman.pxe kernel: docker0: port 3(veth06a4a66) entered disabled state
Sep 07 02:10:03 hostname-txyuq.foreman.pxe kernel: veth76bcdcf: renamed from eth0
Sep 07 02:10:03 hostname-txyuq.foreman.pxe kernel: docker0: port 3(veth06a4a66) entered disabled state
Sep 07 02:10:03 hostname-txyuq.foreman.pxe kernel: veth06a4a66 (unregistering): left allmulticast mode
Sep 07 02:10:03 hostname-txyuq.foreman.pxe kernel: veth06a4a66 (unregistering): left promiscuous mode
Sep 07 02:10:03 hostname-txyuq.foreman.pxe kernel: docker0: port 3(veth06a4a66) entered disabled state
Sep 07 02:10:03 hostname-txyuq.foreman.pxe kernel: docker0: port 3(vethd5f51c5) entered blocking state
Sep 07 02:10:03 hostname-txyuq.foreman.pxe kernel: docker0: port 3(vethd5f51c5) entered disabled state
Sep 07 02:10:03 hostname-txyuq.foreman.pxe kernel: vethd5f51c5: entered allmulticast mode
Sep 07 02:10:03 hostname-txyuq.foreman.pxe kernel: vethd5f51c5: entered promiscuous mode
Sep 07 02:10:03 hostname-txyuq.foreman.pxe kernel: docker0: port 3(vethd5f51c5) entered blocking state
Sep 07 02:10:03 hostname-txyuq.foreman.pxe kernel: docker0: port 3(vethd5f51c5) entered forwarding state
Sep 07 02:10:03 hostname-txyuq.foreman.pxe kernel: eth0: renamed from veth1e1a14b
Sep 07 02:10:11 hostname-txyuq.foreman.pxe kernel: docker0: port 3(vethd5f51c5) entered disabled state
Sep 07 02:10:11 hostname-txyuq.foreman.pxe kernel: veth1e1a14b: renamed from eth0
Sep 07 02:10:11 hostname-txyuq.foreman.pxe kernel: docker0: port 3(vethd5f51c5) entered disabled state
Sep 07 02:10:11 hostname-txyuq.foreman.pxe kernel: vethd5f51c5 (unregistering): left allmulticast mode
Sep 07 02:10:11 hostname-txyuq.foreman.pxe kernel: vethd5f51c5 (unregistering): left promiscuous mode
Sep 07 02:10:11 hostname-txyuq.foreman.pxe kernel: docker0: port 3(vethd5f51c5) entered disabled state
Sep 07 02:10:11 hostname-txyuq.foreman.pxe kernel: docker0: port 3(veth1130215) entered blocking state
Sep 07 02:10:11 hostname-txyuq.foreman.pxe kernel: docker0: port 3(veth1130215) entered disabled state
Sep 07 02:10:11 hostname-txyuq.foreman.pxe kernel: veth1130215: entered allmulticast mode
Sep 07 02:10:11 hostname-txyuq.foreman.pxe kernel: veth1130215: entered promiscuous mode
Sep 07 02:10:11 hostname-txyuq.foreman.pxe kernel: docker0: port 3(veth1130215) entered blocking state
Sep 07 02:10:11 hostname-txyuq.foreman.pxe kernel: docker0: port 3(veth1130215) entered forwarding state
Sep 07 02:10:12 hostname-txyuq.foreman.pxe kernel: eth0: renamed from veth5cf67ac
Sep 07 02:10:12 hostname-txyuq.foreman.pxe kernel: docker0: port 4(veth8947850) entered blocking state
Sep 07 02:10:12 hostname-txyuq.foreman.pxe kernel: docker0: port 4(veth8947850) entered disabled state
Sep 07 02:10:12 hostname-txyuq.foreman.pxe kernel: veth8947850: entered allmulticast mode
Sep 07 02:10:12 hostname-txyuq.foreman.pxe kernel: veth8947850: entered promiscuous mode
Sep 07 02:10:12 hostname-txyuq.foreman.pxe kernel: docker0: port 4(veth8947850) entered blocking state
Sep 07 02:10:12 hostname-txyuq.foreman.pxe kernel: docker0: port 4(veth8947850) entered forwarding state
Sep 07 02:10:12 hostname-txyuq.foreman.pxe kernel: docker0: port 4(veth8947850) entered disabled state
Sep 07 02:10:12 hostname-txyuq.foreman.pxe kernel: docker0: port 3(veth1130215) entered disabled state
Sep 07 02:10:12 hostname-txyuq.foreman.pxe kernel: veth5cf67ac: renamed from eth0
Sep 07 02:10:12 hostname-txyuq.foreman.pxe kernel: docker0: port 3(veth1130215) entered disabled state
Sep 07 02:10:12 hostname-txyuq.foreman.pxe kernel: veth1130215 (unregistering): left allmulticast mode
Sep 07 02:10:12 hostname-txyuq.foreman.pxe kernel: veth1130215 (unregistering): left promiscuous mode
Sep 07 02:10:12 hostname-txyuq.foreman.pxe kernel: docker0: port 3(veth1130215) entered disabled state
Sep 07 02:10:12 hostname-txyuq.foreman.pxe kernel: eth0: renamed from vetha9fbd45
Sep 07 02:10:12 hostname-txyuq.foreman.pxe kernel: docker0: port 4(veth8947850) entered blocking state
Sep 07 02:10:12 hostname-txyuq.foreman.pxe kernel: docker0: port 4(veth8947850) entered forwarding state
Sep 07 02:10:12 hostname-txyuq.foreman.pxe kernel: docker0: port 4(veth8947850) entered disabled state
Sep 07 02:10:12 hostname-txyuq.foreman.pxe kernel: vetha9fbd45: renamed from eth0
Sep 07 02:10:13 hostname-txyuq.foreman.pxe kernel: docker0: port 4(veth8947850) entered disabled state
Sep 07 02:10:13 hostname-txyuq.foreman.pxe kernel: veth8947850 (unregistering): left allmulticast mode
Sep 07 02:10:13 hostname-txyuq.foreman.pxe kernel: veth8947850 (unregistering): left promiscuous mode
Sep 07 02:10:13 hostname-txyuq.foreman.pxe kernel: docker0: port 4(veth8947850) entered disabled state
Sep 07 02:12:47 hostname-txyuq.foreman.pxe kernel: docker0: port 3(vethbb1e26c) entered blocking state
Sep 07 02:12:47 hostname-txyuq.foreman.pxe kernel: docker0: port 3(vethbb1e26c) entered disabled state
Sep 07 02:12:47 hostname-txyuq.foreman.pxe kernel: vethbb1e26c: entered allmulticast mode
Sep 07 02:12:47 hostname-txyuq.foreman.pxe kernel: vethbb1e26c: entered promiscuous mode
Sep 07 02:12:47 hostname-txyuq.foreman.pxe kernel: eth0: renamed from vethd12d782
Sep 07 02:12:47 hostname-txyuq.foreman.pxe kernel: docker0: port 3(vethbb1e26c) entered blocking state
Sep 07 02:12:47 hostname-txyuq.foreman.pxe kernel: docker0: port 3(vethbb1e26c) entered forwarding state
Sep 07 02:12:47 hostname-txyuq.foreman.pxe kernel: docker0: port 3(vethbb1e26c) entered disabled state
Sep 07 02:12:47 hostname-txyuq.foreman.pxe kernel: vethd12d782: renamed from eth0
Sep 07 02:12:47 hostname-txyuq.foreman.pxe kernel: docker0: port 3(vethbb1e26c) entered disabled state
Sep 07 02:12:47 hostname-txyuq.foreman.pxe kernel: vethbb1e26c (unregistering): left allmulticast mode
Sep 07 02:12:47 hostname-txyuq.foreman.pxe kernel: vethbb1e26c (unregistering): left promiscuous mode
Sep 07 02:12:47 hostname-txyuq.foreman.pxe kernel: docker0: port 3(vethbb1e26c) entered disabled state
Sep 07 02:13:10 hostname-txyuq.foreman.pxe kernel: docker0: port 3(veth22612f4) entered blocking state
Sep 07 02:13:10 hostname-txyuq.foreman.pxe kernel: docker0: port 3(veth22612f4) entered disabled state
Sep 07 02:13:10 hostname-txyuq.foreman.pxe kernel: veth22612f4: entered allmulticast mode
Sep 07 02:13:10 hostname-txyuq.foreman.pxe kernel: veth22612f4: entered promiscuous mode
Sep 07 02:13:10 hostname-txyuq.foreman.pxe kernel: eth0: renamed from veth05cc549
Sep 07 02:13:10 hostname-txyuq.foreman.pxe kernel: docker0: port 3(veth22612f4) entered blocking state
Sep 07 02:13:10 hostname-txyuq.foreman.pxe kernel: docker0: port 3(veth22612f4) entered forwarding state
Sep 07 02:13:26 hostname-txyuq.foreman.pxe kernel: docker0: port 3(veth22612f4) entered disabled state
Sep 07 02:13:26 hostname-txyuq.foreman.pxe kernel: veth05cc549: renamed from eth0
Sep 07 02:13:26 hostname-txyuq.foreman.pxe kernel: docker0: port 3(veth22612f4) entered disabled state
Sep 07 02:13:26 hostname-txyuq.foreman.pxe kernel: veth22612f4 (unregistering): left allmulticast mode
Sep 07 02:13:26 hostname-txyuq.foreman.pxe kernel: veth22612f4 (unregistering): left promiscuous mode
Sep 07 02:13:26 hostname-txyuq.foreman.pxe kernel: docker0: port 3(veth22612f4) entered disabled state
Sep 07 02:13:58 hostname-txyuq.foreman.pxe kernel: docker0: port 3(veth05894ba) entered blocking state
Sep 07 02:13:58 hostname-txyuq.foreman.pxe kernel: docker0: port 3(veth05894ba) entered disabled state
Sep 07 02:13:58 hostname-txyuq.foreman.pxe kernel: veth05894ba: entered allmulticast mode
Sep 07 02:13:58 hostname-txyuq.foreman.pxe kernel: veth05894ba: entered promiscuous mode
Sep 07 02:13:59 hostname-txyuq.foreman.pxe kernel: eth0: renamed from vethe6d315d
Sep 07 02:13:59 hostname-txyuq.foreman.pxe kernel: docker0: port 3(veth05894ba) entered blocking state
Sep 07 02:13:59 hostname-txyuq.foreman.pxe kernel: docker0: port 3(veth05894ba) entered forwarding state
Sep 07 02:14:11 hostname-txyuq.foreman.pxe kernel: docker0: port 3(veth05894ba) entered disabled state
Sep 07 02:14:11 hostname-txyuq.foreman.pxe kernel: vethe6d315d: renamed from eth0
Sep 07 02:14:11 hostname-txyuq.foreman.pxe kernel: docker0: port 3(veth05894ba) entered disabled state
Sep 07 02:14:11 hostname-txyuq.foreman.pxe kernel: veth05894ba (unregistering): left allmulticast mode
Sep 07 02:14:11 hostname-txyuq.foreman.pxe kernel: veth05894ba (unregistering): left promiscuous mode
Sep 07 02:14:11 hostname-txyuq.foreman.pxe kernel: docker0: port 3(veth05894ba) entered disabled state
Sep 07 02:14:13 hostname-txyuq.foreman.pxe kernel: docker0: port 3(vethbf168c2) entered blocking state
Sep 07 02:14:13 hostname-txyuq.foreman.pxe kernel: docker0: port 3(vethbf168c2) entered disabled state
Sep 07 02:14:13 hostname-txyuq.foreman.pxe kernel: vethbf168c2: entered allmulticast mode
Sep 07 02:14:13 hostname-txyuq.foreman.pxe kernel: vethbf168c2: entered promiscuous mode
Sep 07 02:14:13 hostname-txyuq.foreman.pxe kernel: eth0: renamed from vetha13f9fe
Sep 07 02:14:13 hostname-txyuq.foreman.pxe kernel: docker0: port 3(vethbf168c2) entered blocking state
Sep 07 02:14:13 hostname-txyuq.foreman.pxe kernel: docker0: port 3(vethbf168c2) entered forwarding state
Sep 07 02:14:32 hostname-txyuq.foreman.pxe kernel: docker0: port 3(vethbf168c2) entered disabled state
Sep 07 02:14:32 hostname-txyuq.foreman.pxe kernel: vetha13f9fe: renamed from eth0
Sep 07 02:14:32 hostname-txyuq.foreman.pxe kernel: docker0: port 3(vethbf168c2) entered disabled state
Sep 07 02:14:32 hostname-txyuq.foreman.pxe kernel: vethbf168c2 (unregistering): left allmulticast mode
Sep 07 02:14:32 hostname-txyuq.foreman.pxe kernel: vethbf168c2 (unregistering): left promiscuous mode
Sep 07 02:14:32 hostname-txyuq.foreman.pxe kernel: docker0: port 3(vethbf168c2) entered disabled state
Sep 07 02:14:32 hostname-txyuq.foreman.pxe kernel: docker0: port 3(vethe8fa86a) entered blocking state
Sep 07 02:14:32 hostname-txyuq.foreman.pxe kernel: docker0: port 3(vethe8fa86a) entered disabled state
Sep 07 02:14:32 hostname-txyuq.foreman.pxe kernel: vethe8fa86a: entered allmulticast mode
Sep 07 02:14:32 hostname-txyuq.foreman.pxe kernel: vethe8fa86a: entered promiscuous mode
Sep 07 02:14:32 hostname-txyuq.foreman.pxe kernel: docker0: port 3(vethe8fa86a) entered blocking state
Sep 07 02:14:32 hostname-txyuq.foreman.pxe kernel: docker0: port 3(vethe8fa86a) entered forwarding state
Sep 07 02:14:33 hostname-txyuq.foreman.pxe kernel: eth0: renamed from veth33bb8d4
Sep 07 02:14:35 hostname-txyuq.foreman.pxe kernel: docker0: port 3(vethe8fa86a) entered disabled state
Sep 07 02:14:35 hostname-txyuq.foreman.pxe kernel: veth33bb8d4: renamed from eth0
Sep 07 02:14:35 hostname-txyuq.foreman.pxe kernel: docker0: port 3(vethe8fa86a) entered disabled state
Sep 07 02:14:35 hostname-txyuq.foreman.pxe kernel: vethe8fa86a (unregistering): left allmulticast mode
Sep 07 02:14:35 hostname-txyuq.foreman.pxe kernel: vethe8fa86a (unregistering): left promiscuous mode
Sep 07 02:14:35 hostname-txyuq.foreman.pxe kernel: docker0: port 3(vethe8fa86a) entered disabled state
Sep 07 02:14:35 hostname-txyuq.foreman.pxe kernel: docker0: port 3(veth8d961ae) entered blocking state
Sep 07 02:14:35 hostname-txyuq.foreman.pxe kernel: docker0: port 3(veth8d961ae) entered disabled state
Sep 07 02:14:35 hostname-txyuq.foreman.pxe kernel: veth8d961ae: entered allmulticast mode
Sep 07 02:14:35 hostname-txyuq.foreman.pxe kernel: veth8d961ae: entered promiscuous mode
Sep 07 02:14:35 hostname-txyuq.foreman.pxe kernel: docker0: port 3(veth8d961ae) entered blocking state
Sep 07 02:14:35 hostname-txyuq.foreman.pxe kernel: docker0: port 3(veth8d961ae) entered forwarding state
Sep 07 02:14:36 hostname-txyuq.foreman.pxe kernel: eth0: renamed from veth88d962b
Sep 07 02:14:44 hostname-txyuq.foreman.pxe kernel: docker0: port 3(veth8d961ae) entered disabled state
Sep 07 02:14:44 hostname-txyuq.foreman.pxe kernel: veth88d962b: renamed from eth0
Sep 07 02:14:44 hostname-txyuq.foreman.pxe kernel: docker0: port 3(veth8d961ae) entered disabled state
Sep 07 02:14:44 hostname-txyuq.foreman.pxe kernel: veth8d961ae (unregistering): left allmulticast mode
Sep 07 02:14:44 hostname-txyuq.foreman.pxe kernel: veth8d961ae (unregistering): left promiscuous mode
Sep 07 02:14:44 hostname-txyuq.foreman.pxe kernel: docker0: port 3(veth8d961ae) entered disabled state
Sep 07 02:14:44 hostname-txyuq.foreman.pxe kernel: docker0: port 3(vetheb345ed) entered blocking state
Sep 07 02:14:44 hostname-txyuq.foreman.pxe kernel: docker0: port 3(vetheb345ed) entered disabled state
Sep 07 02:14:44 hostname-txyuq.foreman.pxe kernel: vetheb345ed: entered allmulticast mode
Sep 07 02:14:44 hostname-txyuq.foreman.pxe kernel: vetheb345ed: entered promiscuous mode
Sep 07 02:14:44 hostname-txyuq.foreman.pxe kernel: docker0: port 3(vetheb345ed) entered blocking state
Sep 07 02:14:44 hostname-txyuq.foreman.pxe kernel: docker0: port 3(vetheb345ed) entered forwarding state
Sep 07 02:14:44 hostname-txyuq.foreman.pxe kernel: eth0: renamed from veth738fa0e
Sep 07 02:14:44 hostname-txyuq.foreman.pxe kernel: docker0: port 4(veth7786c98) entered blocking state
Sep 07 02:14:44 hostname-txyuq.foreman.pxe kernel: docker0: port 4(veth7786c98) entered disabled state
Sep 07 02:14:44 hostname-txyuq.foreman.pxe kernel: veth7786c98: entered allmulticast mode
Sep 07 02:14:44 hostname-txyuq.foreman.pxe kernel: veth7786c98: entered promiscuous mode
Sep 07 02:14:44 hostname-txyuq.foreman.pxe kernel: docker0: port 4(veth7786c98) entered blocking state
Sep 07 02:14:44 hostname-txyuq.foreman.pxe kernel: docker0: port 4(veth7786c98) entered forwarding state
Sep 07 02:14:44 hostname-txyuq.foreman.pxe kernel: docker0: port 4(veth7786c98) entered disabled state
Sep 07 02:14:44 hostname-txyuq.foreman.pxe kernel: docker0: port 3(vetheb345ed) entered disabled state
Sep 07 02:14:44 hostname-txyuq.foreman.pxe kernel: veth738fa0e: renamed from eth0
Sep 07 02:14:44 hostname-txyuq.foreman.pxe kernel: docker0: port 3(vetheb345ed) entered disabled state
Sep 07 02:14:44 hostname-txyuq.foreman.pxe kernel: vetheb345ed (unregistering): left allmulticast mode
Sep 07 02:14:44 hostname-txyuq.foreman.pxe kernel: vetheb345ed (unregistering): left promiscuous mode
Sep 07 02:14:44 hostname-txyuq.foreman.pxe kernel: docker0: port 3(vetheb345ed) entered disabled state
Sep 07 02:14:45 hostname-txyuq.foreman.pxe kernel: eth0: renamed from veth4fd6f3b
Sep 07 02:14:45 hostname-txyuq.foreman.pxe kernel: docker0: port 4(veth7786c98) entered blocking state
Sep 07 02:14:45 hostname-txyuq.foreman.pxe kernel: docker0: port 4(veth7786c98) entered forwarding state
Sep 07 02:14:45 hostname-txyuq.foreman.pxe kernel: docker0: port 4(veth7786c98) entered disabled state
Sep 07 02:14:45 hostname-txyuq.foreman.pxe kernel: veth4fd6f3b: renamed from eth0
Sep 07 02:14:45 hostname-txyuq.foreman.pxe kernel: docker0: port 4(veth7786c98) entered disabled state
Sep 07 02:14:45 hostname-txyuq.foreman.pxe kernel: veth7786c98 (unregistering): left allmulticast mode
Sep 07 02:14:45 hostname-txyuq.foreman.pxe kernel: veth7786c98 (unregistering): left promiscuous mode
Sep 07 02:14:45 hostname-txyuq.foreman.pxe kernel: docker0: port 4(veth7786c98) entered disabled state
Sep 07 02:26:13 hostname-txyuq.foreman.pxe kernel: loop0: detected capacity change from 0 to 39062500
Sep 07 02:26:13 hostname-txyuq.foreman.pxe kernel: VFS: Open a write opened block device exclusively [loop0]. current [316225 mount]. parent [69710 cubelet]
Sep 07 02:26:13 hostname-txyuq.foreman.pxe kernel: EXT4-fs (loop0): mounted filesystem 8ff6d50c-c095-4e6e-bb8a-038009901456 r/w without journal. Quota mode: none.
Sep 07 02:26:13 hostname-txyuq.foreman.pxe kernel: EXT4-fs (loop0): unmounting filesystem 8ff6d50c-c095-4e6e-bb8a-038009901456.
Sep 07 02:41:00 hostname-txyuq.foreman.pxe kernel: nvme nvme29: long keepalive RTT (2600 ms)
Sep 07 02:41:00 hostname-txyuq.foreman.pxe kernel: nvme nvme22: long keepalive RTT (2856 ms)
Sep 07 02:41:00 hostname-txyuq.foreman.pxe kernel: nvme nvme24: long keepalive RTT (2856 ms)
Sep 07 02:41:00 hostname-txyuq.foreman.pxe kernel: nvme nvme32: long keepalive RTT (2856 ms)
Sep 07 02:41:00 hostname-txyuq.foreman.pxe kernel: nvme nvme34: long keepalive RTT (2600 ms)
Sep 07 02:41:00 hostname-txyuq.foreman.pxe kernel: nvme nvme40: long keepalive RTT (2596 ms)
Sep 07 02:54:42 hostname-txyuq.foreman.pxe kernel: loop0: detected capacity change from 0 to 39062500
Sep 07 02:54:42 hostname-txyuq.foreman.pxe kernel: VFS: Open a write opened block device exclusively [loop0]. current [390904 mount]. parent [374258 cubelet]
Sep 07 02:54:42 hostname-txyuq.foreman.pxe kernel: EXT4-fs (loop0): mounted filesystem 97c37028-afa5-4686-aba1-17680d63db28 r/w without journal. Quota mode: none.
Sep 07 02:54:42 hostname-txyuq.foreman.pxe kernel: EXT4-fs (loop0): unmounting filesystem 97c37028-afa5-4686-aba1-17680d63db28.
Sep 07 03:02:54 hostname-txyuq.foreman.pxe kernel: docker0: port 3(veth5e13833) entered blocking state
Sep 07 03:02:54 hostname-txyuq.foreman.pxe kernel: docker0: port 3(veth5e13833) entered disabled state
Sep 07 03:02:54 hostname-txyuq.foreman.pxe kernel: veth5e13833: entered allmulticast mode
Sep 07 03:02:54 hostname-txyuq.foreman.pxe kernel: veth5e13833: entered promiscuous mode
Sep 07 03:02:54 hostname-txyuq.foreman.pxe kernel: eth0: renamed from veth36b24b2
Sep 07 03:02:54 hostname-txyuq.foreman.pxe kernel: docker0: port 3(veth5e13833) entered blocking state
Sep 07 03:02:54 hostname-txyuq.foreman.pxe kernel: docker0: port 3(veth5e13833) entered forwarding state
Sep 07 03:02:55 hostname-txyuq.foreman.pxe kernel: docker0: port 3(veth5e13833) entered disabled state
Sep 07 03:02:55 hostname-txyuq.foreman.pxe kernel: veth36b24b2: renamed from eth0
Sep 07 03:02:55 hostname-txyuq.foreman.pxe kernel: docker0: port 3(veth5e13833) entered disabled state
Sep 07 03:02:55 hostname-txyuq.foreman.pxe kernel: veth5e13833 (unregistering): left allmulticast mode
Sep 07 03:02:55 hostname-txyuq.foreman.pxe kernel: veth5e13833 (unregistering): left promiscuous mode
Sep 07 03:02:55 hostname-txyuq.foreman.pxe kernel: docker0: port 3(veth5e13833) entered disabled state
Sep 07 03:07:38 hostname-txyuq.foreman.pxe kernel: loop0: detected capacity change from 0 to 39062500
Sep 07 03:07:38 hostname-txyuq.foreman.pxe kernel: VFS: Open a write opened block device exclusively [loop0]. current [449332 mount]. parent [446758 cubelet]
Sep 07 03:07:38 hostname-txyuq.foreman.pxe kernel: EXT4-fs (loop0): mounted filesystem d1d3751b-ec34-4071-a408-aff38539718e r/w without journal. Quota mode: none.
Sep 07 03:07:38 hostname-txyuq.foreman.pxe kernel: EXT4-fs (loop0): unmounting filesystem d1d3751b-ec34-4071-a408-aff38539718e.
Sep 07 03:20:23 hostname-txyuq.foreman.pxe kernel: docker0: port 3(vethfa9de75) entered blocking state
Sep 07 03:20:23 hostname-txyuq.foreman.pxe kernel: docker0: port 3(vethfa9de75) entered disabled state
Sep 07 03:20:23 hostname-txyuq.foreman.pxe kernel: vethfa9de75: entered allmulticast mode
Sep 07 03:20:23 hostname-txyuq.foreman.pxe kernel: vethfa9de75: entered promiscuous mode
Sep 07 03:20:24 hostname-txyuq.foreman.pxe kernel: eth0: renamed from veth71b7941
Sep 07 03:20:24 hostname-txyuq.foreman.pxe kernel: docker0: port 3(vethfa9de75) entered blocking state
Sep 07 03:20:24 hostname-txyuq.foreman.pxe kernel: docker0: port 3(vethfa9de75) entered forwarding state
Sep 07 03:21:35 hostname-txyuq.foreman.pxe kernel: docker0: port 3(vethfa9de75) entered disabled state
Sep 07 03:21:35 hostname-txyuq.foreman.pxe kernel: veth71b7941: renamed from eth0
Sep 07 03:21:35 hostname-txyuq.foreman.pxe kernel: docker0: port 3(vethfa9de75) entered disabled state
Sep 07 03:21:35 hostname-txyuq.foreman.pxe kernel: vethfa9de75 (unregistering): left allmulticast mode
Sep 07 03:21:35 hostname-txyuq.foreman.pxe kernel: vethfa9de75 (unregistering): left promiscuous mode
Sep 07 03:21:35 hostname-txyuq.foreman.pxe kernel: docker0: port 3(vethfa9de75) entered disabled state
Sep 07 03:26:18 hostname-txyuq.foreman.pxe kernel: loop0: detected capacity change from 0 to 39062500
Sep 07 03:26:18 hostname-txyuq.foreman.pxe kernel: VFS: Open a write opened block device exclusively [loop0]. current [520364 mount]. parent [515720 cubelet]
Sep 07 03:26:18 hostname-txyuq.foreman.pxe kernel: EXT4-fs (loop0): mounted filesystem 890a36f3-4161-4dc9-b702-64cfb95bdd6b r/w without journal. Quota mode: none.
Sep 07 03:26:18 hostname-txyuq.foreman.pxe kernel: EXT4-fs (loop0): unmounting filesystem 890a36f3-4161-4dc9-b702-64cfb95bdd6b.
Sep 07 03:27:50 hostname-txyuq.foreman.pxe kernel: XFS (nvme4n1p1): Mounting V5 Filesystem ce8be302-25c7-4f44-b7e8-8a7c5cb6eb0f
Sep 07 03:27:50 hostname-txyuq.foreman.pxe kernel: XFS (nvme4n1p1): Starting recovery (logdev: internal)
Sep 07 03:27:50 hostname-txyuq.foreman.pxe kernel: XFS (nvme4n1p1): Ending recovery (logdev: internal)
Sep 07 03:29:28 hostname-txyuq.foreman.pxe kernel: loop0: detected capacity change from 0 to 78125000
Sep 07 03:29:28 hostname-txyuq.foreman.pxe kernel: VFS: Open a write opened block device exclusively [loop0]. current [530687 mount]. parent [515730 cubelet]
Sep 07 03:29:28 hostname-txyuq.foreman.pxe kernel: EXT4-fs (loop0): mounted filesystem 6ef8289c-dfcc-41ce-bb84-2ac7d291bbb5 r/w without journal. Quota mode: none.
Sep 07 03:29:28 hostname-txyuq.foreman.pxe kernel: EXT4-fs (loop0): unmounting filesystem 6ef8289c-dfcc-41ce-bb84-2ac7d291bbb5.
Sep 07 03:41:36 hostname-txyuq.foreman.pxe kernel: loop0: detected capacity change from 0 to 39062500
Sep 07 03:41:36 hostname-txyuq.foreman.pxe kernel: VFS: Open a write opened block device exclusively [loop0]. current [559750 mount]. parent [515720 cubelet]
Sep 07 03:41:36 hostname-txyuq.foreman.pxe kernel: EXT4-fs (loop0): mounted filesystem d792706b-553c-493a-9cbd-e1ad28de9d85 r/w without journal. Quota mode: none.
Sep 07 03:41:36 hostname-txyuq.foreman.pxe kernel: EXT4-fs (loop0): unmounting filesystem d792706b-553c-493a-9cbd-e1ad28de9d85.
Sep 07 04:15:00 hostname-txyuq.foreman.pxe kernel: docker0: port 3(veth1614a82) entered blocking state
Sep 07 04:15:00 hostname-txyuq.foreman.pxe kernel: docker0: port 3(veth1614a82) entered disabled state
Sep 07 04:15:00 hostname-txyuq.foreman.pxe kernel: veth1614a82: entered allmulticast mode
Sep 07 04:15:00 hostname-txyuq.foreman.pxe kernel: veth1614a82: entered promiscuous mode
Sep 07 04:15:01 hostname-txyuq.foreman.pxe kernel: eth0: renamed from veth1b64f33
Sep 07 04:15:01 hostname-txyuq.foreman.pxe kernel: docker0: port 3(veth1614a82) entered blocking state
Sep 07 04:15:01 hostname-txyuq.foreman.pxe kernel: docker0: port 3(veth1614a82) entered forwarding state
Sep 07 04:15:02 hostname-txyuq.foreman.pxe kernel: docker0: port 3(veth1614a82) entered disabled state
Sep 07 04:15:02 hostname-txyuq.foreman.pxe kernel: veth1b64f33: renamed from eth0
Sep 07 04:15:02 hostname-txyuq.foreman.pxe kernel: docker0: port 3(veth1614a82) entered disabled state
Sep 07 04:15:02 hostname-txyuq.foreman.pxe kernel: veth1614a82 (unregistering): left allmulticast mode
Sep 07 04:15:02 hostname-txyuq.foreman.pxe kernel: veth1614a82 (unregistering): left promiscuous mode
Sep 07 04:15:02 hostname-txyuq.foreman.pxe kernel: docker0: port 3(veth1614a82) entered disabled state
Sep 07 04:28:33 hostname-txyuq.foreman.pxe kernel: watchdog: BUG: soft lockup - CPU#80 stuck for 22s! [runc:[2:INIT]:672920]
Sep 07 04:28:33 hostname-txyuq.foreman.pxe kernel: Modules linked in: ext4 mbcache jbd2 loop cls_bpf sch_ingress xt_socket nf_socket_ipv4 nf_socket_ipv6 xt_TPROXY nf_tproxy_ipv6 nf_tproxy_ipv4 dummy tcp_diag inet_diag nvme_tcp nvme_fabrics ipt_rpfilter xt_multiport xt_set xt_CT ip_set_hash_net ip_set_hash_ip ip_set vxlan ip6_udp_tunnel udp_tunnel ipt_REJECT nf_reject_ipv4 xt_statistic xt_mark xt_nfacct nfnetlink_acct xt_comment veth xt_nat xt_conntrack nft_chain_nat xt_MASQUERADE nf_nat nf_conntrack_netlink nf_conntrack nf_defrag_ipv6 nf_defrag_ipv4 xt_addrtype nft_compat nf_tables rfkill ipmi_ssif uio_pdrv_genirq uio acpi_ipmi hibmc_drm ofpart drm_vram_helper ipmi_si cmdlinepart drm_ttm_helper ipmi_devintf hisi_uncore_pa_pmu vfat ttm hisi_uncore_cpa_pmu spi_nor hisi_uncore_sllc_pmu hisi_uncore_hha_pmu hisi_uncore_ddrc_pmu arm_spe_pmu hisi_uncore_l3c_pmu vmw_vsock_virtio_transport mtd ipmi_msghandler fat arm_smmuv3_pmu hisi_ptt drm_kms_helper hisi_pcie_pmu ptp_hisi hisi_uncore_pmu cppc_cpufreq vhost_net tun tap vhost_vsock vmw_vsock_virtio_transport_common
Sep 07 04:28:33 hostname-txyuq.foreman.pxe kernel:  vhost vhost_iotlb vsock br_netfilter bridge stp llc overlay drm fuse nfnetlink xfs libcrc32c ccm aes_ce_ccm hisi_sas_v3_hw hisi_hpre crct10dif_ce ghash_ce sm4_ce sm4_ce_cipher sm3_ce sha3_ce sha512_ce hisi_sas_main sm4 sha512_arm64 virtio_pci sha2_ce dh_generic sha256_arm64 libsas sha1_ce nvme ahci virtio libahci virtio_pci_legacy_dev nvme_core scsi_transport_sas sbsa_gwdt ecdh_generic virtio_pci_modern_dev hinic3 t10_pi hisi_sec2 hisi_zip ecc virtio_ring crc64_rocksoft_generic libata hisi_qm crc64_rocksoft libcurve25519_generic crc64 authenc host_edma_drv uacce spi_hisi_sfc_v3xx hisi_trng_v2 hns_mdio dm_mirror dm_region_hash dm_log dm_multipath dm_mod aes_neon_bs aes_neon_blk aes_ce_blk aes_ce_cipher
Sep 07 04:28:33 hostname-txyuq.foreman.pxe kernel: CPU: 80 PID: 672920 Comm: runc:[2:INIT] Kdump: loaded Not tainted 6.6.0-72.0.0.76.oe2403sp1.aarch64 #1
Sep 07 04:28:33 hostname-txyuq.foreman.pxe kernel: Hardware name: To be filled by O.E.M. S920X20/BC83AMDAE, BIOS 21.13E 03/18/2025
Sep 07 04:28:33 hostname-txyuq.foreman.pxe kernel: pstate: 01400009 (nzcv daif +PAN -UAO -TCO +DIT -SSBS BTYPE=--)
Sep 07 04:28:33 hostname-txyuq.foreman.pxe kernel: pc : native_queued_spin_lock_slowpath+0x290/0x418
Sep 07 04:28:33 hostname-txyuq.foreman.pxe kernel: lr : mntput_no_expire+0x228/0x308
Sep 07 04:28:33 hostname-txyuq.foreman.pxe kernel: sp : ffff8000dcc8bc00
Sep 07 04:28:33 hostname-txyuq.foreman.pxe kernel: x29: ffff8000dcc8bc00 x28: ffff288031afa880 x27: 0000000000000000
Sep 07 04:28:33 hostname-txyuq.foreman.pxe kernel: x26: 0000000000000000 x25: 0000000000000000 x24: 0000000000000050
Sep 07 04:28:33 hostname-txyuq.foreman.pxe kernel: x23: 0000000000000000 x22: ffffa8d4a047b008 x21: ffff08fdff3782c0
Sep 07 04:28:33 hostname-txyuq.foreman.pxe kernel: x20: ffffa8d4a04932c0 x19: ffffa8d4a0859684 x18: ffffffffffffffff
Sep 07 04:28:33 hostname-txyuq.foreman.pxe kernel: x17: 0000000000000000 x16: 0000000000000000 x15: ffffffffffffffff
Sep 07 04:28:33 hostname-txyuq.foreman.pxe kernel: x14: 0000000000000000 x13: 0000000000000010 x12: 0101010101010101
Sep 07 04:28:33 hostname-txyuq.foreman.pxe kernel: x11: 0000000000000040 x10: 0000000000000f90 x9 : ffffa8d49eef1120
Sep 07 04:28:33 hostname-txyuq.foreman.pxe kernel: x8 : ffff288031afb870 x7 : 0000000000b92576 x6 : 0000000001440000
Sep 07 04:28:33 hostname-txyuq.foreman.pxe kernel: x5 : 0000000000000000 x4 : 0000000000000000 x3 : 0000000000000000
Sep 07 04:28:33 hostname-txyuq.foreman.pxe kernel: x2 : ffffffffffffffff x1 : ffff08fdff3782c0 x0 : 0000000001a40001
Sep 07 04:28:33 hostname-txyuq.foreman.pxe kernel: Call trace:
Sep 07 04:28:33 hostname-txyuq.foreman.pxe kernel:  native_queued_spin_lock_slowpath+0x290/0x418
Sep 07 04:28:33 hostname-txyuq.foreman.pxe kernel:  mntput_no_expire+0x228/0x308
Sep 07 04:28:33 hostname-txyuq.foreman.pxe kernel:  namespace_unlock+0x120/0x180
Sep 07 04:28:33 hostname-txyuq.foreman.pxe kernel:  do_umount+0x1d8/0x550
Sep 07 04:28:33 hostname-txyuq.foreman.pxe kernel:  path_umount+0x84/0xe0
Sep 07 04:28:33 hostname-txyuq.foreman.pxe kernel:  __arm64_sys_umount+0x94/0xb0
Sep 07 04:28:33 hostname-txyuq.foreman.pxe kernel:  invoke_syscall+0x50/0x128
Sep 07 04:28:33 hostname-txyuq.foreman.pxe kernel:  el0_svc_common.constprop.0+0xc8/0xf0
Sep 07 04:28:33 hostname-txyuq.foreman.pxe kernel:  do_el0_svc+0x24/0x38
Sep 07 04:28:33 hostname-txyuq.foreman.pxe kernel:  el0_svc+0x44/0x1b8
Sep 07 04:28:33 hostname-txyuq.foreman.pxe kernel:  el0t_64_sync_handler+0x100/0x130
Sep 07 04:28:33 hostname-txyuq.foreman.pxe kernel:  el0t_64_sync+0x188/0x190
Sep 07 04:28:40 hostname-txyuq.foreman.pxe kernel: nvme nvme19: long keepalive RTT (2788 ms)
Sep 07 04:28:40 hostname-txyuq.foreman.pxe kernel: nvme nvme33: long keepalive RTT (2788 ms)
Sep 07 04:28:40 hostname-txyuq.foreman.pxe kernel: nvme nvme41: long keepalive RTT (2532 ms)
Sep 07 04:28:40 hostname-txyuq.foreman.pxe kernel: nvme nvme14: long keepalive RTT (2544 ms)
Sep 07 04:28:40 hostname-txyuq.foreman.pxe kernel: nvme nvme36: long keepalive RTT (2540 ms)
Sep 07 04:30:21 hostname-txyuq.foreman.pxe kernel: nvme nvme27: long keepalive RTT (3492 ms)
Sep 07 04:30:21 hostname-txyuq.foreman.pxe kernel: nvme nvme18: long keepalive RTT (3492 ms)
Sep 07 04:30:21 hostname-txyuq.foreman.pxe kernel: nvme nvme38: long keepalive RTT (3492 ms)
Sep 07 04:30:21 hostname-txyuq.foreman.pxe kernel: nvme nvme35: long keepalive RTT (2920 ms)
Sep 07 04:30:21 hostname-txyuq.foreman.pxe kernel: nvme nvme39: long keepalive RTT (2920 ms)
Sep 07 04:30:21 hostname-txyuq.foreman.pxe kernel: nvme nvme17: long keepalive RTT (2920 ms)
Sep 07 04:30:21 hostname-txyuq.foreman.pxe kernel: nvme nvme22: long keepalive RTT (2724 ms)
Sep 07 04:30:21 hostname-txyuq.foreman.pxe kernel: nvme nvme24: long keepalive RTT (2728 ms)
Sep 07 04:30:21 hostname-txyuq.foreman.pxe kernel: nvme nvme26: long keepalive RTT (3236 ms)
Sep 07 04:30:21 hostname-txyuq.foreman.pxe kernel: nvme nvme32: long keepalive RTT (2724 ms)
Sep 07 04:30:21 hostname-txyuq.foreman.pxe kernel: nvme nvme34: long keepalive RTT (2724 ms)
Sep 07 04:30:21 hostname-txyuq.foreman.pxe kernel: nvme nvme40: long keepalive RTT (2724 ms)
Sep 07 04:30:37 hostname-txyuq.foreman.pxe kernel: watchdog: BUG: soft lockup - CPU#22 stuck for 26s! [runc:[2:INIT]:675358]
Sep 07 04:30:37 hostname-txyuq.foreman.pxe kernel: Modules linked in: ext4 mbcache jbd2 loop cls_bpf sch_ingress xt_socket nf_socket_ipv4 nf_socket_ipv6 xt_TPROXY nf_tproxy_ipv6 nf_tproxy_ipv4 dummy tcp_diag inet_diag nvme_tcp nvme_fabrics ipt_rpfilter xt_multiport xt_set xt_CT ip_set_hash_net ip_set_hash_ip ip_set vxlan ip6_udp_tunnel udp_tunnel ipt_REJECT nf_reject_ipv4 xt_statistic xt_mark xt_nfacct nfnetlink_acct xt_comment veth xt_nat xt_conntrack nft_chain_nat xt_MASQUERADE nf_nat nf_conntrack_netlink nf_conntrack nf_defrag_ipv6 nf_defrag_ipv4 xt_addrtype nft_compat nf_tables rfkill ipmi_ssif uio_pdrv_genirq uio acpi_ipmi hibmc_drm ofpart drm_vram_helper ipmi_si cmdlinepart drm_ttm_helper ipmi_devintf hisi_uncore_pa_pmu vfat ttm hisi_uncore_cpa_pmu spi_nor hisi_uncore_sllc_pmu hisi_uncore_hha_pmu hisi_uncore_ddrc_pmu arm_spe_pmu hisi_uncore_l3c_pmu vmw_vsock_virtio_transport mtd ipmi_msghandler fat arm_smmuv3_pmu hisi_ptt drm_kms_helper hisi_pcie_pmu ptp_hisi hisi_uncore_pmu cppc_cpufreq vhost_net tun tap vhost_vsock vmw_vsock_virtio_transport_common
Sep 07 04:30:37 hostname-txyuq.foreman.pxe kernel:  vhost vhost_iotlb vsock br_netfilter bridge stp llc overlay drm fuse nfnetlink xfs libcrc32c ccm aes_ce_ccm hisi_sas_v3_hw hisi_hpre crct10dif_ce ghash_ce sm4_ce sm4_ce_cipher sm3_ce sha3_ce sha512_ce hisi_sas_main sm4 sha512_arm64 virtio_pci sha2_ce dh_generic sha256_arm64 libsas sha1_ce nvme ahci virtio libahci virtio_pci_legacy_dev nvme_core scsi_transport_sas sbsa_gwdt ecdh_generic virtio_pci_modern_dev hinic3 t10_pi hisi_sec2 hisi_zip ecc virtio_ring crc64_rocksoft_generic libata hisi_qm crc64_rocksoft libcurve25519_generic crc64 authenc host_edma_drv uacce spi_hisi_sfc_v3xx hisi_trng_v2 hns_mdio dm_mirror dm_region_hash dm_log dm_multipath dm_mod aes_neon_bs aes_neon_blk aes_ce_blk aes_ce_cipher
Sep 07 04:30:37 hostname-txyuq.foreman.pxe kernel: CPU: 22 PID: 675358 Comm: runc:[2:INIT] Kdump: loaded Tainted: G             L     6.6.0-72.0.0.76.oe2403sp1.aarch64 #1
Sep 07 04:30:37 hostname-txyuq.foreman.pxe kernel: Hardware name: To be filled by O.E.M. S920X20/BC83AMDAE, BIOS 21.13E 03/18/2025
Sep 07 04:30:37 hostname-txyuq.foreman.pxe kernel: pstate: 21400009 (nzCv daif +PAN -UAO -TCO +DIT -SSBS BTYPE=--)
Sep 07 04:30:37 hostname-txyuq.foreman.pxe kernel: pc : native_queued_spin_lock_slowpath+0x354/0x418
Sep 07 04:30:37 hostname-txyuq.foreman.pxe kernel: lr : mntput_no_expire+0x228/0x308
Sep 07 04:30:37 hostname-txyuq.foreman.pxe kernel: sp : ffff8000dcd7bc00
Sep 07 04:30:37 hostname-txyuq.foreman.pxe kernel: x29: ffff8000dcd7bc00 x28: ffff0880a8919440 x27: 0000000000000000
Sep 07 04:30:37 hostname-txyuq.foreman.pxe kernel: x26: 0000000000000000 x25: 0000000000000000 x24: 0000000000000016
Sep 07 04:30:37 hostname-txyuq.foreman.pxe kernel: x23: 0000000000000000 x22: ffffa8d4a047b008 x21: ffff097dff6642c0
Sep 07 04:30:37 hostname-txyuq.foreman.pxe kernel: x20: ffffa8d4a04932c0 x19: ffffa8d4a0859684 x18: 0000000000000000
Sep 07 04:30:37 hostname-txyuq.foreman.pxe kernel: x17: 0000000000000000 x16: 0000000000000000 x15: 0000000000000000
Sep 07 04:30:37 hostname-txyuq.foreman.pxe kernel: x14: 0000000000000000 x13: 0000000000000010 x12: 00018da75eab383e
Sep 07 04:30:37 hostname-txyuq.foreman.pxe kernel: x11: 000000000001b1a5 x10: 0000000000000f90 x9 : ffffa8d49eef1120
Sep 07 04:30:37 hostname-txyuq.foreman.pxe kernel: x8 : ffff0880a891a430 x7 : 000000000046d696 x6 : 00000000005c0000
Sep 07 04:30:37 hostname-txyuq.foreman.pxe kernel: x5 : 0000000000000000 x4 : 0000000000000000 x3 : 0000000000000000
Sep 07 04:30:37 hostname-txyuq.foreman.pxe kernel: x2 : ffffffffffffffff x1 : ffff097dff6642c0 x0 : ffff097dff6642c8
Sep 07 04:30:37 hostname-txyuq.foreman.pxe kernel: Call trace:
Sep 07 04:30:37 hostname-txyuq.foreman.pxe kernel:  native_queued_spin_lock_slowpath+0x354/0x418
Sep 07 04:30:37 hostname-txyuq.foreman.pxe kernel:  mntput_no_expire+0x228/0x308
Sep 07 04:30:37 hostname-txyuq.foreman.pxe kernel:  namespace_unlock+0x120/0x180
Sep 07 04:30:37 hostname-txyuq.foreman.pxe kernel:  do_umount+0x1d8/0x550
Sep 07 04:30:37 hostname-txyuq.foreman.pxe kernel:  path_umount+0x84/0xe0
Sep 07 04:30:37 hostname-txyuq.foreman.pxe kernel:  __arm64_sys_umount+0x94/0xb0
Sep 07 04:30:37 hostname-txyuq.foreman.pxe kernel:  invoke_syscall+0x50/0x128
Sep 07 04:30:37 hostname-txyuq.foreman.pxe kernel:  el0_svc_common.constprop.0+0xc8/0xf0
Sep 07 04:30:37 hostname-txyuq.foreman.pxe kernel:  do_el0_svc+0x24/0x38
Sep 07 04:30:37 hostname-txyuq.foreman.pxe kernel:  el0_svc+0x44/0x1b8
Sep 07 04:30:37 hostname-txyuq.foreman.pxe kernel:  el0t_64_sync_handler+0x100/0x130
Sep 07 04:30:37 hostname-txyuq.foreman.pxe kernel:  el0t_64_sync+0x188/0x190
Sep 07 04:32:05 hostname-txyuq.foreman.pxe kernel: watchdog: BUG: soft lockup - CPU#132 stuck for 26s! [cubelet:674957]
Sep 07 04:32:05 hostname-txyuq.foreman.pxe kernel: Modules linked in: ext4 mbcache jbd2 loop cls_bpf sch_ingress xt_socket nf_socket_ipv4 nf_socket_ipv6 xt_TPROXY nf_tproxy_ipv6 nf_tproxy_ipv4 dummy tcp_diag inet_diag nvme_tcp nvme_fabrics ipt_rpfilter xt_multiport xt_set xt_CT ip_set_hash_net ip_set_hash_ip ip_set vxlan ip6_udp_tunnel udp_tunnel ipt_REJECT nf_reject_ipv4 xt_statistic xt_mark xt_nfacct nfnetlink_acct xt_comment veth xt_nat xt_conntrack nft_chain_nat xt_MASQUERADE nf_nat nf_conntrack_netlink nf_conntrack nf_defrag_ipv6 nf_defrag_ipv4 xt_addrtype nft_compat nf_tables rfkill ipmi_ssif uio_pdrv_genirq uio acpi_ipmi hibmc_drm ofpart drm_vram_helper ipmi_si cmdlinepart drm_ttm_helper ipmi_devintf hisi_uncore_pa_pmu vfat ttm hisi_uncore_cpa_pmu spi_nor hisi_uncore_sllc_pmu hisi_uncore_hha_pmu hisi_uncore_ddrc_pmu arm_spe_pmu hisi_uncore_l3c_pmu vmw_vsock_virtio_transport mtd ipmi_msghandler fat arm_smmuv3_pmu hisi_ptt drm_kms_helper hisi_pcie_pmu ptp_hisi hisi_uncore_pmu cppc_cpufreq vhost_net tun tap vhost_vsock vmw_vsock_virtio_transport_common
Sep 07 04:32:05 hostname-txyuq.foreman.pxe kernel:  vhost vhost_iotlb vsock br_netfilter bridge stp llc overlay drm fuse nfnetlink xfs libcrc32c ccm aes_ce_ccm hisi_sas_v3_hw hisi_hpre crct10dif_ce ghash_ce sm4_ce sm4_ce_cipher sm3_ce sha3_ce sha512_ce hisi_sas_main sm4 sha512_arm64 virtio_pci sha2_ce dh_generic sha256_arm64 libsas sha1_ce nvme ahci virtio libahci virtio_pci_legacy_dev nvme_core scsi_transport_sas sbsa_gwdt ecdh_generic virtio_pci_modern_dev hinic3 t10_pi hisi_sec2 hisi_zip ecc virtio_ring crc64_rocksoft_generic libata hisi_qm crc64_rocksoft libcurve25519_generic crc64 authenc host_edma_drv uacce spi_hisi_sfc_v3xx hisi_trng_v2 hns_mdio dm_mirror dm_region_hash dm_log dm_multipath dm_mod aes_neon_bs aes_neon_blk aes_ce_blk aes_ce_cipher
Sep 07 04:32:05 hostname-txyuq.foreman.pxe kernel: CPU: 132 PID: 674957 Comm: cubelet Kdump: loaded Tainted: G             L     6.6.0-72.0.0.76.oe2403sp1.aarch64 #1
Sep 07 04:32:05 hostname-txyuq.foreman.pxe kernel: Hardware name: To be filled by O.E.M. S920X20/BC83AMDAE, BIOS 21.13E 03/18/2025
Sep 07 04:32:05 hostname-txyuq.foreman.pxe kernel: pstate: 21400009 (nzCv daif +PAN -UAO -TCO +DIT -SSBS BTYPE=--)
Sep 07 04:32:05 hostname-txyuq.foreman.pxe kernel: pc : native_queued_spin_lock_slowpath+0x354/0x418
Sep 07 04:32:05 hostname-txyuq.foreman.pxe kernel: lr : mntput_no_expire+0x228/0x308
Sep 07 04:32:05 hostname-txyuq.foreman.pxe kernel: sp : ffff8000ccd8bb30
Sep 07 04:32:05 hostname-txyuq.foreman.pxe kernel: x29: ffff8000ccd8bb30 x28: ffff090024e2bcc0 x27: 0000000000000009
Sep 07 04:32:05 hostname-txyuq.foreman.pxe kernel: x26: 0000000000000000 x25: 0000000000000000 x24: 0000000000000084
Sep 07 04:32:05 hostname-txyuq.foreman.pxe kernel: x23: 0000000000000000 x22: ffffa8d4a047b008 x21: ffff08fdffa602c0
Sep 07 04:32:05 hostname-txyuq.foreman.pxe kernel: x20: ffffa8d4a04932c0 x19: ffffa8d4a0859684 x18: 0000000000000000
Sep 07 04:32:05 hostname-txyuq.foreman.pxe kernel: x17: 0000000000000000 x16: 0000000000000000 x15: 0000000000000000
Sep 07 04:32:05 hostname-txyuq.foreman.pxe kernel: x14: 0000000000000000 x13: 0000000000000000 x12: 0000000000000000
Sep 07 04:32:05 hostname-txyuq.foreman.pxe kernel: x11: 0000000000000000 x10: 0000000000000f90 x9 : ffffa8d49eef1120
Sep 07 04:32:05 hostname-txyuq.foreman.pxe kernel: x8 : ffff090024e2ccb0 x7 : 00000000013b4c8b x6 : 0000000002140000
Sep 07 04:32:05 hostname-txyuq.foreman.pxe kernel: x5 : 0000000000000000 x4 : 0000000000000000 x3 : 0000000000000000
Sep 07 04:32:05 hostname-txyuq.foreman.pxe kernel: x2 : ffffffffffffffff x1 : ffff08fdffa602c0 x0 : ffff08fdffa602c8
Sep 07 04:32:05 hostname-txyuq.foreman.pxe kernel: Call trace:
Sep 07 04:32:05 hostname-txyuq.foreman.pxe kernel:  native_queued_spin_lock_slowpath+0x354/0x418
Sep 07 04:32:05 hostname-txyuq.foreman.pxe kernel:  mntput_no_expire+0x228/0x308
Sep 07 04:32:05 hostname-txyuq.foreman.pxe kernel:  namespace_unlock+0x120/0x180
Sep 07 04:32:05 hostname-txyuq.foreman.pxe kernel:  drop_collected_mounts+0x88/0xe8
Sep 07 04:32:05 hostname-txyuq.foreman.pxe kernel:  put_mnt_ns+0x80/0xb8
Sep 07 04:32:05 hostname-txyuq.foreman.pxe kernel:  free_nsproxy+0x28/0x2a8
Sep 07 04:32:05 hostname-txyuq.foreman.pxe kernel:  switch_task_namespaces+0xa0/0x110
Sep 07 04:32:05 hostname-txyuq.foreman.pxe kernel:  exit_task_namespaces+0x1c/0x30
Sep 07 04:32:05 hostname-txyuq.foreman.pxe kernel:  do_exit+0x19c/0x400
Sep 07 04:32:05 hostname-txyuq.foreman.pxe kernel:  do_group_exit+0x3c/0x118
Sep 07 04:32:05 hostname-txyuq.foreman.pxe kernel:  get_signal+0x80c/0x818
Sep 07 04:32:05 hostname-txyuq.foreman.pxe kernel:  do_signal+0x98/0x218
Sep 07 04:32:05 hostname-txyuq.foreman.pxe kernel:  do_notify_resume+0x15c/0x2c0
Sep 07 04:32:05 hostname-txyuq.foreman.pxe kernel:  el0_svc+0x194/0x1b8
Sep 07 04:32:05 hostname-txyuq.foreman.pxe kernel:  el0t_64_sync_handler+0x100/0x130
Sep 07 04:32:05 hostname-txyuq.foreman.pxe kernel:  el0t_64_sync+0x188/0x190
Sep 07 04:33:09 hostname-txyuq.foreman.pxe kernel: watchdog: BUG: soft lockup - CPU#81 stuck for 22s! [runc:[2:INIT]:678021]
Sep 07 04:33:09 hostname-txyuq.foreman.pxe kernel: Modules linked in: ext4 mbcache jbd2 loop cls_bpf sch_ingress xt_socket nf_socket_ipv4 nf_socket_ipv6 xt_TPROXY nf_tproxy_ipv6 nf_tproxy_ipv4 dummy tcp_diag inet_diag nvme_tcp nvme_fabrics ipt_rpfilter xt_multiport xt_set xt_CT ip_set_hash_net ip_set_hash_ip ip_set vxlan ip6_udp_tunnel udp_tunnel ipt_REJECT nf_reject_ipv4 xt_statistic xt_mark xt_nfacct nfnetlink_acct xt_comment veth xt_nat xt_conntrack nft_chain_nat xt_MASQUERADE nf_nat nf_conntrack_netlink nf_conntrack nf_defrag_ipv6 nf_defrag_ipv4 xt_addrtype nft_compat nf_tables rfkill ipmi_ssif uio_pdrv_genirq uio acpi_ipmi hibmc_drm ofpart drm_vram_helper ipmi_si cmdlinepart drm_ttm_helper ipmi_devintf hisi_uncore_pa_pmu vfat ttm hisi_uncore_cpa_pmu spi_nor hisi_uncore_sllc_pmu hisi_uncore_hha_pmu hisi_uncore_ddrc_pmu arm_spe_pmu hisi_uncore_l3c_pmu vmw_vsock_virtio_transport mtd ipmi_msghandler fat arm_smmuv3_pmu hisi_ptt drm_kms_helper hisi_pcie_pmu ptp_hisi hisi_uncore_pmu cppc_cpufreq vhost_net tun tap vhost_vsock vmw_vsock_virtio_transport_common
Sep 07 04:33:09 hostname-txyuq.foreman.pxe kernel:  vhost vhost_iotlb vsock br_netfilter bridge stp llc overlay drm fuse nfnetlink xfs libcrc32c ccm aes_ce_ccm hisi_sas_v3_hw hisi_hpre crct10dif_ce ghash_ce sm4_ce sm4_ce_cipher sm3_ce sha3_ce sha512_ce hisi_sas_main sm4 sha512_arm64 virtio_pci sha2_ce dh_generic sha256_arm64 libsas sha1_ce nvme ahci virtio libahci virtio_pci_legacy_dev nvme_core scsi_transport_sas sbsa_gwdt ecdh_generic virtio_pci_modern_dev hinic3 t10_pi hisi_sec2 hisi_zip ecc virtio_ring crc64_rocksoft_generic libata hisi_qm crc64_rocksoft libcurve25519_generic crc64 authenc host_edma_drv uacce spi_hisi_sfc_v3xx hisi_trng_v2 hns_mdio dm_mirror dm_region_hash dm_log dm_multipath dm_mod aes_neon_bs aes_neon_blk aes_ce_blk aes_ce_cipher
Sep 07 04:33:09 hostname-txyuq.foreman.pxe kernel: CPU: 81 PID: 678021 Comm: runc:[2:INIT] Kdump: loaded Tainted: G             L     6.6.0-72.0.0.76.oe2403sp1.aarch64 #1
Sep 07 04:33:09 hostname-txyuq.foreman.pxe kernel: Hardware name: To be filled by O.E.M. S920X20/BC83AMDAE, BIOS 21.13E 03/18/2025
Sep 07 04:33:09 hostname-txyuq.foreman.pxe kernel: pstate: 21400009 (nzCv daif +PAN -UAO -TCO +DIT -SSBS BTYPE=--)
Sep 07 04:33:09 hostname-txyuq.foreman.pxe kernel: pc : native_queued_spin_lock_slowpath+0x354/0x418
Sep 07 04:33:09 hostname-txyuq.foreman.pxe kernel: lr : mntput_no_expire+0x228/0x308
Sep 07 04:33:09 hostname-txyuq.foreman.pxe kernel: sp : ffff8000dc2d3c00
Sep 07 04:33:09 hostname-txyuq.foreman.pxe kernel: x29: ffff8000dc2d3c00 x28: ffff088095d12880 x27: 0000000000000000
Sep 07 04:33:09 hostname-txyuq.foreman.pxe kernel: x26: 0000000000000000 x25: 0000000000000000 x24: 0000000000000051
Sep 07 04:33:09 hostname-txyuq.foreman.pxe kernel: x23: 0000000000000000 x22: ffffa8d4a047b008 x21: ffff08fdff39a2c0
Sep 07 04:33:09 hostname-txyuq.foreman.pxe kernel: x20: ffffa8d4a04932c0 x19: ffffa8d4a0859684 x18: ffffffffffffffff
Sep 07 04:33:09 hostname-txyuq.foreman.pxe kernel: x17: 0000000000000000 x16: 0000000000000000 x15: ffffffffffffffff
Sep 07 04:33:09 hostname-txyuq.foreman.pxe kernel: x14: 0000000000000000 x13: 0000000000000010 x12: 0101010101010101
Sep 07 04:33:09 hostname-txyuq.foreman.pxe kernel: x11: 0000000000000040 x10: 0000000000000f90 x9 : ffffa8d49eef1120
Sep 07 04:33:09 hostname-txyuq.foreman.pxe kernel: x8 : ffff088095d13870 x7 : 0000000000000051 x6 : 0000000001480000
Sep 07 04:33:09 hostname-txyuq.foreman.pxe kernel: x5 : 0000000000000000 x4 : 0000000000000000 x3 : 0000000000000000
Sep 07 04:33:09 hostname-txyuq.foreman.pxe kernel: x2 : ffffffffffffffff x1 : ffff08fdff39a2c0 x0 : ffff08fdff39a2c8
Sep 07 04:33:09 hostname-txyuq.foreman.pxe kernel: Call trace:
Sep 07 04:33:09 hostname-txyuq.foreman.pxe kernel:  native_queued_spin_lock_slowpath+0x354/0x418
Sep 07 04:33:09 hostname-txyuq.foreman.pxe kernel:  mntput_no_expire+0x228/0x308
Sep 07 04:33:09 hostname-txyuq.foreman.pxe kernel:  namespace_unlock+0x120/0x180
Sep 07 04:33:09 hostname-txyuq.foreman.pxe kernel:  do_umount+0x1d8/0x550
Sep 07 04:33:09 hostname-txyuq.foreman.pxe kernel:  path_umount+0x84/0xe0
Sep 07 04:33:09 hostname-txyuq.foreman.pxe kernel:  __arm64_sys_umount+0x94/0xb0
Sep 07 04:33:09 hostname-txyuq.foreman.pxe kernel:  invoke_syscall+0x50/0x128
Sep 07 04:33:09 hostname-txyuq.foreman.pxe kernel:  el0_svc_common.constprop.0+0xc8/0xf0
Sep 07 04:33:09 hostname-txyuq.foreman.pxe kernel:  do_el0_svc+0x24/0x38
Sep 07 04:33:09 hostname-txyuq.foreman.pxe kernel:  el0_svc+0x44/0x1b8
Sep 07 04:33:09 hostname-txyuq.foreman.pxe kernel:  el0t_64_sync_handler+0x100/0x130
Sep 07 04:33:09 hostname-txyuq.foreman.pxe kernel:  el0t_64_sync+0x188/0x190
Sep 07 04:48:21 hostname-txyuq.foreman.pxe kernel: watchdog: BUG: soft lockup - CPU#15 stuck for 27s! [runc:[2:INIT]:693663]
Sep 07 04:48:21 hostname-txyuq.foreman.pxe kernel: Modules linked in: ext4 mbcache jbd2 loop cls_bpf sch_ingress xt_socket nf_socket_ipv4 nf_socket_ipv6 xt_TPROXY nf_tproxy_ipv6 nf_tproxy_ipv4 dummy tcp_diag inet_diag nvme_tcp nvme_fabrics ipt_rpfilter xt_multiport xt_set xt_CT ip_set_hash_net ip_set_hash_ip ip_set vxlan ip6_udp_tunnel udp_tunnel ipt_REJECT nf_reject_ipv4 xt_statistic xt_mark xt_nfacct nfnetlink_acct xt_comment veth xt_nat xt_conntrack nft_chain_nat xt_MASQUERADE nf_nat nf_conntrack_netlink nf_conntrack nf_defrag_ipv6 nf_defrag_ipv4 xt_addrtype nft_compat nf_tables rfkill ipmi_ssif uio_pdrv_genirq uio acpi_ipmi hibmc_drm ofpart drm_vram_helper ipmi_si cmdlinepart drm_ttm_helper ipmi_devintf hisi_uncore_pa_pmu vfat ttm hisi_uncore_cpa_pmu spi_nor hisi_uncore_sllc_pmu hisi_uncore_hha_pmu hisi_uncore_ddrc_pmu arm_spe_pmu hisi_uncore_l3c_pmu vmw_vsock_virtio_transport mtd ipmi_msghandler fat arm_smmuv3_pmu hisi_ptt drm_kms_helper hisi_pcie_pmu ptp_hisi hisi_uncore_pmu cppc_cpufreq vhost_net tun tap vhost_vsock vmw_vsock_virtio_transport_common
Sep 07 04:48:21 hostname-txyuq.foreman.pxe kernel:  vhost vhost_iotlb vsock br_netfilter bridge stp llc overlay drm fuse nfnetlink xfs libcrc32c ccm aes_ce_ccm hisi_sas_v3_hw hisi_hpre crct10dif_ce ghash_ce sm4_ce sm4_ce_cipher sm3_ce sha3_ce sha512_ce hisi_sas_main sm4 sha512_arm64 virtio_pci sha2_ce dh_generic sha256_arm64 libsas sha1_ce nvme ahci virtio libahci virtio_pci_legacy_dev nvme_core scsi_transport_sas sbsa_gwdt ecdh_generic virtio_pci_modern_dev hinic3 t10_pi hisi_sec2 hisi_zip ecc virtio_ring crc64_rocksoft_generic libata hisi_qm crc64_rocksoft libcurve25519_generic crc64 authenc host_edma_drv uacce spi_hisi_sfc_v3xx hisi_trng_v2 hns_mdio dm_mirror dm_region_hash dm_log dm_multipath dm_mod aes_neon_bs aes_neon_blk aes_ce_blk aes_ce_cipher
Sep 07 04:48:21 hostname-txyuq.foreman.pxe kernel: CPU: 15 PID: 693663 Comm: runc:[2:INIT] Kdump: loaded Tainted: G             L     6.6.0-72.0.0.76.oe2403sp1.aarch64 #1
Sep 07 04:48:21 hostname-txyuq.foreman.pxe kernel: Hardware name: To be filled by O.E.M. S920X20/BC83AMDAE, BIOS 21.13E 03/18/2025
Sep 07 04:48:21 hostname-txyuq.foreman.pxe kernel: pstate: 21400009 (nzCv daif +PAN -UAO -TCO +DIT -SSBS BTYPE=--)
Sep 07 04:48:21 hostname-txyuq.foreman.pxe kernel: pc : native_queued_spin_lock_slowpath+0x354/0x418
Sep 07 04:48:21 hostname-txyuq.foreman.pxe kernel: lr : mntput_no_expire+0x228/0x308
Sep 07 04:48:21 hostname-txyuq.foreman.pxe kernel: sp : ffff8000c6da3c00
Sep 07 04:48:21 hostname-txyuq.foreman.pxe kernel: x29: ffff8000c6da3c00 x28: ffff0900c7316540 x27: 0000000000000000
Sep 07 04:48:21 hostname-txyuq.foreman.pxe kernel: x26: 0000000000000000 x25: 0000000000000000 x24: 000000000000000f
Sep 07 04:48:21 hostname-txyuq.foreman.pxe kernel: x23: 0000000000000000 x22: ffffa8d4a047b008 x21: ffff097dff5762c0
Sep 07 04:48:21 hostname-txyuq.foreman.pxe kernel: x20: ffffa8d4a04932c0 x19: ffffa8d4a0859684 x18: ffffffffffffffff
Sep 07 04:48:21 hostname-txyuq.foreman.pxe kernel: x17: 0000000000000000 x16: 0000000000000000 x15: ffffffffffffffff
Sep 07 04:48:21 hostname-txyuq.foreman.pxe kernel: x14: 0000000000000000 x13: 0000000000000010 x12: 0101010101010101
Sep 07 04:48:21 hostname-txyuq.foreman.pxe kernel: x11: 0000000000000040 x10: 0000000000000f90 x9 : ffffa8d49eef1120
Sep 07 04:48:21 hostname-txyuq.foreman.pxe kernel: x8 : ffff0900c7317530 x7 : 0000000000b00356 x6 : 0000000000400000
Sep 07 04:48:21 hostname-txyuq.foreman.pxe kernel: x5 : 0000000000000000 x4 : 0000000000000000 x3 : 0000000000000000
Sep 07 04:48:21 hostname-txyuq.foreman.pxe kernel: x2 : ffffffffffffffff x1 : ffff097dff5762c0 x0 : ffff097dff5762c8
Sep 07 04:48:21 hostname-txyuq.foreman.pxe kernel: Call trace:
Sep 07 04:48:21 hostname-txyuq.foreman.pxe kernel:  native_queued_spin_lock_slowpath+0x354/0x418
Sep 07 04:48:21 hostname-txyuq.foreman.pxe kernel:  mntput_no_expire+0x228/0x308
Sep 07 04:48:21 hostname-txyuq.foreman.pxe kernel:  namespace_unlock+0x120/0x180
Sep 07 04:48:21 hostname-txyuq.foreman.pxe kernel:  do_umount+0x1d8/0x550
Sep 07 04:48:21 hostname-txyuq.foreman.pxe kernel:  path_umount+0x84/0xe0
Sep 07 04:48:21 hostname-txyuq.foreman.pxe kernel:  __arm64_sys_umount+0x94/0xb0
Sep 07 04:48:21 hostname-txyuq.foreman.pxe kernel:  invoke_syscall+0x50/0x128
Sep 07 04:48:21 hostname-txyuq.foreman.pxe kernel:  el0_svc_common.constprop.0+0xc8/0xf0
Sep 07 04:48:21 hostname-txyuq.foreman.pxe kernel:  do_el0_svc+0x24/0x38
Sep 07 04:48:21 hostname-txyuq.foreman.pxe kernel:  el0_svc+0x44/0x1b8
Sep 07 04:48:21 hostname-txyuq.foreman.pxe kernel:  el0t_64_sync_handler+0x100/0x130
Sep 07 04:48:21 hostname-txyuq.foreman.pxe kernel:  el0t_64_sync+0x188/0x190
Sep 07 04:49:57 hostname-txyuq.foreman.pxe kernel: watchdog: BUG: soft lockup - CPU#3 stuck for 26s! [runc:[2:INIT]:694881]
Sep 07 04:49:57 hostname-txyuq.foreman.pxe kernel: Modules linked in: ext4 mbcache jbd2 loop cls_bpf sch_ingress xt_socket nf_socket_ipv4 nf_socket_ipv6 xt_TPROXY nf_tproxy_ipv6 nf_tproxy_ipv4 dummy tcp_diag inet_diag nvme_tcp nvme_fabrics ipt_rpfilter xt_multiport xt_set xt_CT ip_set_hash_net ip_set_hash_ip ip_set vxlan ip6_udp_tunnel udp_tunnel ipt_REJECT nf_reject_ipv4 xt_statistic xt_mark xt_nfacct nfnetlink_acct xt_comment veth xt_nat xt_conntrack nft_chain_nat xt_MASQUERADE nf_nat nf_conntrack_netlink nf_conntrack nf_defrag_ipv6 nf_defrag_ipv4 xt_addrtype nft_compat nf_tables rfkill ipmi_ssif uio_pdrv_genirq uio acpi_ipmi hibmc_drm ofpart drm_vram_helper ipmi_si cmdlinepart drm_ttm_helper ipmi_devintf hisi_uncore_pa_pmu vfat ttm hisi_uncore_cpa_pmu spi_nor hisi_uncore_sllc_pmu hisi_uncore_hha_pmu hisi_uncore_ddrc_pmu arm_spe_pmu hisi_uncore_l3c_pmu vmw_vsock_virtio_transport mtd ipmi_msghandler fat arm_smmuv3_pmu hisi_ptt drm_kms_helper hisi_pcie_pmu ptp_hisi hisi_uncore_pmu cppc_cpufreq vhost_net tun tap vhost_vsock vmw_vsock_virtio_transport_common
Sep 07 04:49:57 hostname-txyuq.foreman.pxe kernel:  vhost vhost_iotlb vsock br_netfilter bridge stp llc overlay drm fuse nfnetlink xfs libcrc32c ccm aes_ce_ccm hisi_sas_v3_hw hisi_hpre crct10dif_ce ghash_ce sm4_ce sm4_ce_cipher sm3_ce sha3_ce sha512_ce hisi_sas_main sm4 sha512_arm64 virtio_pci sha2_ce dh_generic sha256_arm64 libsas sha1_ce nvme ahci virtio libahci virtio_pci_legacy_dev nvme_core scsi_transport_sas sbsa_gwdt ecdh_generic virtio_pci_modern_dev hinic3 t10_pi hisi_sec2 hisi_zip ecc virtio_ring crc64_rocksoft_generic libata hisi_qm crc64_rocksoft libcurve25519_generic crc64 authenc host_edma_drv uacce spi_hisi_sfc_v3xx hisi_trng_v2 hns_mdio dm_mirror dm_region_hash dm_log dm_multipath dm_mod aes_neon_bs aes_neon_blk aes_ce_blk aes_ce_cipher
Sep 07 04:49:57 hostname-txyuq.foreman.pxe kernel: CPU: 3 PID: 694881 Comm: runc:[2:INIT] Kdump: loaded Tainted: G             L     6.6.0-72.0.0.76.oe2403sp1.aarch64 #1
Sep 07 04:49:57 hostname-txyuq.foreman.pxe kernel: Hardware name: To be filled by O.E.M. S920X20/BC83AMDAE, BIOS 21.13E 03/18/2025
Sep 07 04:49:57 hostname-txyuq.foreman.pxe kernel: pstate: 21400009 (nzCv daif +PAN -UAO -TCO +DIT -SSBS BTYPE=--)
Sep 07 04:49:57 hostname-txyuq.foreman.pxe kernel: pc : native_queued_spin_lock_slowpath+0x354/0x418
Sep 07 04:49:57 hostname-txyuq.foreman.pxe kernel: lr : mntput_no_expire+0x228/0x308
Sep 07 04:49:57 hostname-txyuq.foreman.pxe kernel: sp : ffff8000cc51bc00
Sep 07 04:49:57 hostname-txyuq.foreman.pxe kernel: x29: ffff8000cc51bc00 x28: ffff0900270f2880 x27: 0000000000000000
Sep 07 04:49:57 hostname-txyuq.foreman.pxe kernel: x26: 0000000000000000 x25: 0000000000000000 x24: 0000000000000003
Sep 07 04:49:57 hostname-txyuq.foreman.pxe kernel: x23: 0000000000000000 x22: ffffa8d4a047b008 x21: ffff097dff3de2c0
Sep 07 04:49:57 hostname-txyuq.foreman.pxe kernel: x20: ffffa8d4a04932c0 x19: ffffa8d4a0859684 x18: ffffffffffffffff
Sep 07 04:49:57 hostname-txyuq.foreman.pxe kernel: x17: 0000000000000000 x16: 0000000000000000 x15: ffffffffffffffff
Sep 07 04:49:57 hostname-txyuq.foreman.pxe kernel: x14: 0000000000000000 x13: 0000000000000010 x12: 00013fb0ead044ba
Sep 07 04:49:57 hostname-txyuq.foreman.pxe kernel: x11: 00000000000146b1 x10: 0000000000000f90 x9 : ffffa8d49eef1120
Sep 07 04:49:57 hostname-txyuq.foreman.pxe kernel: x8 : ffff0900270f3870 x7 : 0000000000b87367 x6 : 0000000000100000
Sep 07 04:49:57 hostname-txyuq.foreman.pxe kernel: x5 : 0000000000000000 x4 : 0000000000000000 x3 : 0000000000000000
Sep 07 04:49:57 hostname-txyuq.foreman.pxe kernel: x2 : ffffffffffffffff x1 : ffff097dff3de2c0 x0 : ffff097dff3de2c8
Sep 07 04:49:57 hostname-txyuq.foreman.pxe kernel: Call trace:
Sep 07 04:49:57 hostname-txyuq.foreman.pxe kernel:  native_queued_spin_lock_slowpath+0x354/0x418
Sep 07 04:49:57 hostname-txyuq.foreman.pxe kernel:  mntput_no_expire+0x228/0x308
Sep 07 04:49:57 hostname-txyuq.foreman.pxe kernel:  namespace_unlock+0x120/0x180
Sep 07 04:49:57 hostname-txyuq.foreman.pxe kernel:  do_umount+0x1d8/0x550
Sep 07 04:49:57 hostname-txyuq.foreman.pxe kernel:  path_umount+0x84/0xe0
Sep 07 04:49:57 hostname-txyuq.foreman.pxe kernel:  __arm64_sys_umount+0x94/0xb0
Sep 07 04:49:57 hostname-txyuq.foreman.pxe kernel:  invoke_syscall+0x50/0x128
Sep 07 04:49:57 hostname-txyuq.foreman.pxe kernel:  el0_svc_common.constprop.0+0xc8/0xf0
Sep 07 04:49:57 hostname-txyuq.foreman.pxe kernel:  do_el0_svc+0x24/0x38
Sep 07 04:49:57 hostname-txyuq.foreman.pxe kernel:  el0_svc+0x44/0x1b8
Sep 07 04:49:57 hostname-txyuq.foreman.pxe kernel:  el0t_64_sync_handler+0x100/0x130
Sep 07 04:49:57 hostname-txyuq.foreman.pxe kernel:  el0t_64_sync+0x188/0x190
Sep 07 05:03:09 hostname-txyuq.foreman.pxe kernel: docker0: port 3(veth3356eea) entered blocking state
Sep 07 05:03:09 hostname-txyuq.foreman.pxe kernel: docker0: port 3(veth3356eea) entered disabled state
Sep 07 05:03:09 hostname-txyuq.foreman.pxe kernel: veth3356eea: entered allmulticast mode
Sep 07 05:03:09 hostname-txyuq.foreman.pxe kernel: veth3356eea: entered promiscuous mode
Sep 07 05:03:12 hostname-txyuq.foreman.pxe kernel: docker0: port 4(veth1c509eb) entered blocking state
Sep 07 05:03:12 hostname-txyuq.foreman.pxe kernel: docker0: port 4(veth1c509eb) entered disabled state
Sep 07 05:03:12 hostname-txyuq.foreman.pxe kernel: veth1c509eb: entered allmulticast mode
Sep 07 05:03:12 hostname-txyuq.foreman.pxe kernel: veth1c509eb: entered promiscuous mode
Sep 07 05:03:40 hostname-txyuq.foreman.pxe kernel: eth0: renamed from veth9e17585
Sep 07 05:03:41 hostname-txyuq.foreman.pxe kernel: docker0: port 3(veth3356eea) entered blocking state
Sep 07 05:03:41 hostname-txyuq.foreman.pxe kernel: docker0: port 3(veth3356eea) entered forwarding state
Sep 07 05:04:03 hostname-txyuq.foreman.pxe kernel: eth0: renamed from vethe325d5e
Sep 07 05:04:03 hostname-txyuq.foreman.pxe kernel: docker0: port 4(veth1c509eb) entered blocking state
Sep 07 05:04:03 hostname-txyuq.foreman.pxe kernel: docker0: port 4(veth1c509eb) entered forwarding state
Sep 07 05:06:15 hostname-txyuq.foreman.pxe kernel: docker0: port 5(veth192fa3b) entered blocking state
Sep 07 05:06:15 hostname-txyuq.foreman.pxe kernel: docker0: port 5(veth192fa3b) entered disabled state
Sep 07 05:06:15 hostname-txyuq.foreman.pxe kernel: veth192fa3b: entered allmulticast mode
Sep 07 05:06:15 hostname-txyuq.foreman.pxe kernel: veth192fa3b: entered promiscuous mode
Sep 07 05:06:32 hostname-txyuq.foreman.pxe kernel: docker0: port 3(veth3356eea) entered disabled state
Sep 07 05:06:32 hostname-txyuq.foreman.pxe kernel: veth9e17585: renamed from eth0
Sep 07 05:06:32 hostname-txyuq.foreman.pxe kernel: docker0: port 3(veth3356eea) entered disabled state
Sep 07 05:06:32 hostname-txyuq.foreman.pxe kernel: veth3356eea (unregistering): left allmulticast mode
Sep 07 05:06:32 hostname-txyuq.foreman.pxe kernel: veth3356eea (unregistering): left promiscuous mode
Sep 07 05:06:32 hostname-txyuq.foreman.pxe kernel: docker0: port 3(veth3356eea) entered disabled state
Sep 07 05:07:10 hostname-txyuq.foreman.pxe kernel: eth0: renamed from vethc654324
Sep 07 05:07:10 hostname-txyuq.foreman.pxe kernel: docker0: port 5(veth192fa3b) entered blocking state
Sep 07 05:07:10 hostname-txyuq.foreman.pxe kernel: docker0: port 5(veth192fa3b) entered forwarding state
Sep 07 05:07:37 hostname-txyuq.foreman.pxe kernel: watchdog: BUG: soft lockup - CPU#171 stuck for 26s! [runc:[2:INIT]:716751]
Sep 07 05:07:37 hostname-txyuq.foreman.pxe kernel: Modules linked in: ext4 mbcache jbd2 loop cls_bpf sch_ingress xt_socket nf_socket_ipv4 nf_socket_ipv6 xt_TPROXY nf_tproxy_ipv6 nf_tproxy_ipv4 dummy tcp_diag inet_diag nvme_tcp nvme_fabrics ipt_rpfilter xt_multiport xt_set xt_CT ip_set_hash_net ip_set_hash_ip ip_set vxlan ip6_udp_tunnel udp_tunnel ipt_REJECT nf_reject_ipv4 xt_statistic xt_mark xt_nfacct nfnetlink_acct xt_comment veth xt_nat xt_conntrack nft_chain_nat xt_MASQUERADE nf_nat nf_conntrack_netlink nf_conntrack nf_defrag_ipv6 nf_defrag_ipv4 xt_addrtype nft_compat nf_tables rfkill ipmi_ssif uio_pdrv_genirq uio acpi_ipmi hibmc_drm ofpart drm_vram_helper ipmi_si cmdlinepart drm_ttm_helper ipmi_devintf hisi_uncore_pa_pmu vfat ttm hisi_uncore_cpa_pmu spi_nor hisi_uncore_sllc_pmu hisi_uncore_hha_pmu hisi_uncore_ddrc_pmu arm_spe_pmu hisi_uncore_l3c_pmu vmw_vsock_virtio_transport mtd ipmi_msghandler fat arm_smmuv3_pmu hisi_ptt drm_kms_helper hisi_pcie_pmu ptp_hisi hisi_uncore_pmu cppc_cpufreq vhost_net tun tap vhost_vsock vmw_vsock_virtio_transport_common
Sep 07 05:07:37 hostname-txyuq.foreman.pxe kernel:  vhost vhost_iotlb vsock br_netfilter bridge stp llc overlay drm fuse nfnetlink xfs libcrc32c ccm aes_ce_ccm hisi_sas_v3_hw hisi_hpre crct10dif_ce ghash_ce sm4_ce sm4_ce_cipher sm3_ce sha3_ce sha512_ce hisi_sas_main sm4 sha512_arm64 virtio_pci sha2_ce dh_generic sha256_arm64 libsas sha1_ce nvme ahci virtio libahci virtio_pci_legacy_dev nvme_core scsi_transport_sas sbsa_gwdt ecdh_generic virtio_pci_modern_dev hinic3 t10_pi hisi_sec2 hisi_zip ecc virtio_ring crc64_rocksoft_generic libata hisi_qm crc64_rocksoft libcurve25519_generic crc64 authenc host_edma_drv uacce spi_hisi_sfc_v3xx hisi_trng_v2 hns_mdio dm_mirror dm_region_hash dm_log dm_multipath dm_mod aes_neon_bs aes_neon_blk aes_ce_blk aes_ce_cipher
Sep 07 05:07:37 hostname-txyuq.foreman.pxe kernel: CPU: 171 PID: 716751 Comm: runc:[2:INIT] Kdump: loaded Tainted: G             L     6.6.0-72.0.0.76.oe2403sp1.aarch64 #1
Sep 07 05:07:37 hostname-txyuq.foreman.pxe kernel: Hardware name: To be filled by O.E.M. S920X20/BC83AMDAE, BIOS 21.13E 03/18/2025
Sep 07 05:07:37 hostname-txyuq.foreman.pxe kernel: pstate: 21400009 (nzCv daif +PAN -UAO -TCO +DIT -SSBS BTYPE=--)
Sep 07 05:07:37 hostname-txyuq.foreman.pxe kernel: pc : native_queued_spin_lock_slowpath+0x354/0x418
Sep 07 05:07:37 hostname-txyuq.foreman.pxe kernel: lr : mntput_no_expire+0x228/0x308
Sep 07 05:07:37 hostname-txyuq.foreman.pxe kernel: sp : ffff8000c0b6bc00
Sep 07 05:07:37 hostname-txyuq.foreman.pxe kernel: x29: ffff8000c0b6bc00 x28: ffff2880ee67d100 x27: 0000000000000000
Sep 07 05:07:37 hostname-txyuq.foreman.pxe kernel: x26: 0000000000000000 x25: 0000000000000000 x24: 00000000000000ab
Sep 07 05:07:37 hostname-txyuq.foreman.pxe kernel: x23: 0000000000000000 x22: ffffa8d4a047b008 x21: ffff297dbf4ee2c0
Sep 07 05:07:37 hostname-txyuq.foreman.pxe kernel: x20: ffffa8d4a04932c0 x19: ffffa8d4a0859684 x18: 0000000000000000
Sep 07 05:07:37 hostname-txyuq.foreman.pxe kernel: x17: 0000000000000000 x16: 0000000000000000 x15: 0000000000000000
Sep 07 05:07:37 hostname-txyuq.foreman.pxe kernel: x14: 0000000000000000 x13: 0000000000000010 x12: 0101010101010101
Sep 07 05:07:37 hostname-txyuq.foreman.pxe kernel: x11: 0000000000000040 x10: 0000000000000f90 x9 : ffffa8d49eef1120
Sep 07 05:07:37 hostname-txyuq.foreman.pxe kernel: x8 : ffff2880ee67e0f0 x7 : 0000000000bdef5a x6 : 0000000002b00000
Sep 07 05:07:37 hostname-txyuq.foreman.pxe kernel: x5 : 0000000000000000 x4 : 0000000000000000 x3 : 0000000000000000
Sep 07 05:07:37 hostname-txyuq.foreman.pxe kernel: x2 : ffffffffffffffff x1 : ffff297dbf4ee2c0 x0 : ffff297dbf4ee2c8
Sep 07 05:07:37 hostname-txyuq.foreman.pxe kernel: Call trace:
Sep 07 05:07:37 hostname-txyuq.foreman.pxe kernel:  native_queued_spin_lock_slowpath+0x354/0x418
Sep 07 05:07:37 hostname-txyuq.foreman.pxe kernel:  mntput_no_expire+0x228/0x308
Sep 07 05:07:37 hostname-txyuq.foreman.pxe kernel:  namespace_unlock+0x120/0x180
Sep 07 05:07:37 hostname-txyuq.foreman.pxe kernel:  do_umount+0x1d8/0x550
Sep 07 05:07:37 hostname-txyuq.foreman.pxe kernel:  path_umount+0x84/0xe0
Sep 07 05:07:37 hostname-txyuq.foreman.pxe kernel:  __arm64_sys_umount+0x94/0xb0
Sep 07 05:07:37 hostname-txyuq.foreman.pxe kernel:  invoke_syscall+0x50/0x128
Sep 07 05:07:37 hostname-txyuq.foreman.pxe kernel:  el0_svc_common.constprop.0+0xc8/0xf0
Sep 07 05:07:37 hostname-txyuq.foreman.pxe kernel:  do_el0_svc+0x24/0x38
Sep 07 05:07:37 hostname-txyuq.foreman.pxe kernel:  el0_svc+0x44/0x1b8
Sep 07 05:07:37 hostname-txyuq.foreman.pxe kernel:  el0t_64_sync_handler+0x100/0x130
Sep 07 05:07:37 hostname-txyuq.foreman.pxe kernel:  el0t_64_sync+0x188/0x190
Sep 07 05:10:54 hostname-txyuq.foreman.pxe kernel: docker0: port 5(veth192fa3b) entered disabled state
Sep 07 05:10:54 hostname-txyuq.foreman.pxe kernel: vethc654324: renamed from eth0
Sep 07 05:10:54 hostname-txyuq.foreman.pxe kernel: docker0: port 5(veth192fa3b) entered disabled state
Sep 07 05:10:54 hostname-txyuq.foreman.pxe kernel: veth192fa3b (unregistering): left allmulticast mode
Sep 07 05:10:54 hostname-txyuq.foreman.pxe kernel: veth192fa3b (unregistering): left promiscuous mode
Sep 07 05:10:54 hostname-txyuq.foreman.pxe kernel: docker0: port 5(veth192fa3b) entered disabled state
Sep 07 05:20:41 hostname-txyuq.foreman.pxe kernel: docker0: port 3(vethb846f04) entered blocking state
Sep 07 05:20:41 hostname-txyuq.foreman.pxe kernel: docker0: port 3(vethb846f04) entered disabled state
Sep 07 05:20:41 hostname-txyuq.foreman.pxe kernel: vethb846f04: entered allmulticast mode
Sep 07 05:20:41 hostname-txyuq.foreman.pxe kernel: vethb846f04: entered promiscuous mode
Sep 07 05:21:00 hostname-txyuq.foreman.pxe kernel: docker0: port 4(veth1c509eb) entered disabled state
Sep 07 05:21:00 hostname-txyuq.foreman.pxe kernel: vethe325d5e: renamed from eth0
Sep 07 05:21:01 hostname-txyuq.foreman.pxe kernel: docker0: port 4(veth1c509eb) entered disabled state
Sep 07 05:21:01 hostname-txyuq.foreman.pxe kernel: veth1c509eb (unregistering): left allmulticast mode
Sep 07 05:21:01 hostname-txyuq.foreman.pxe kernel: veth1c509eb (unregistering): left promiscuous mode
Sep 07 05:21:01 hostname-txyuq.foreman.pxe kernel: docker0: port 4(veth1c509eb) entered disabled state
Sep 07 05:21:37 hostname-txyuq.foreman.pxe kernel: eth0: renamed from vethdb33d17
Sep 07 05:21:37 hostname-txyuq.foreman.pxe kernel: docker0: port 3(vethb846f04) entered blocking state
Sep 07 05:21:37 hostname-txyuq.foreman.pxe kernel: docker0: port 3(vethb846f04) entered forwarding state
Sep 07 05:22:01 hostname-txyuq.foreman.pxe kernel: watchdog: BUG: soft lockup - CPU#173 stuck for 26s! [runc:[2:INIT]:731610]
Sep 07 05:22:01 hostname-txyuq.foreman.pxe kernel: Modules linked in: ext4 mbcache jbd2 loop cls_bpf sch_ingress xt_socket nf_socket_ipv4 nf_socket_ipv6 xt_TPROXY nf_tproxy_ipv6 nf_tproxy_ipv4 dummy tcp_diag inet_diag nvme_tcp nvme_fabrics ipt_rpfilter xt_multiport xt_set xt_CT ip_set_hash_net ip_set_hash_ip ip_set vxlan ip6_udp_tunnel udp_tunnel ipt_REJECT nf_reject_ipv4 xt_statistic xt_mark xt_nfacct nfnetlink_acct xt_comment veth xt_nat xt_conntrack nft_chain_nat xt_MASQUERADE nf_nat nf_conntrack_netlink nf_conntrack nf_defrag_ipv6 nf_defrag_ipv4 xt_addrtype nft_compat nf_tables rfkill ipmi_ssif uio_pdrv_genirq uio acpi_ipmi hibmc_drm ofpart drm_vram_helper ipmi_si cmdlinepart drm_ttm_helper ipmi_devintf hisi_uncore_pa_pmu vfat ttm hisi_uncore_cpa_pmu spi_nor hisi_uncore_sllc_pmu hisi_uncore_hha_pmu hisi_uncore_ddrc_pmu arm_spe_pmu hisi_uncore_l3c_pmu vmw_vsock_virtio_transport mtd ipmi_msghandler fat arm_smmuv3_pmu hisi_ptt drm_kms_helper hisi_pcie_pmu ptp_hisi hisi_uncore_pmu cppc_cpufreq vhost_net tun tap vhost_vsock vmw_vsock_virtio_transport_common
Sep 07 05:22:01 hostname-txyuq.foreman.pxe kernel:  vhost vhost_iotlb vsock br_netfilter bridge stp llc overlay drm fuse nfnetlink xfs libcrc32c ccm aes_ce_ccm hisi_sas_v3_hw hisi_hpre crct10dif_ce ghash_ce sm4_ce sm4_ce_cipher sm3_ce sha3_ce sha512_ce hisi_sas_main sm4 sha512_arm64 virtio_pci sha2_ce dh_generic sha256_arm64 libsas sha1_ce nvme ahci virtio libahci virtio_pci_legacy_dev nvme_core scsi_transport_sas sbsa_gwdt ecdh_generic virtio_pci_modern_dev hinic3 t10_pi hisi_sec2 hisi_zip ecc virtio_ring crc64_rocksoft_generic libata hisi_qm crc64_rocksoft libcurve25519_generic crc64 authenc host_edma_drv uacce spi_hisi_sfc_v3xx hisi_trng_v2 hns_mdio dm_mirror dm_region_hash dm_log dm_multipath dm_mod aes_neon_bs aes_neon_blk aes_ce_blk aes_ce_cipher
Sep 07 05:22:01 hostname-txyuq.foreman.pxe kernel: CPU: 173 PID: 731610 Comm: runc:[2:INIT] Kdump: loaded Tainted: G             L     6.6.0-72.0.0.76.oe2403sp1.aarch64 #1
Sep 07 05:22:01 hostname-txyuq.foreman.pxe kernel: Hardware name: To be filled by O.E.M. S920X20/BC83AMDAE, BIOS 21.13E 03/18/2025
Sep 07 05:22:01 hostname-txyuq.foreman.pxe kernel: pstate: 21400009 (nzCv daif +PAN -UAO -TCO +DIT -SSBS BTYPE=--)
Sep 07 05:22:01 hostname-txyuq.foreman.pxe kernel: pc : native_queued_spin_lock_slowpath+0x354/0x418
Sep 07 05:22:01 hostname-txyuq.foreman.pxe kernel: lr : mntput_no_expire+0x228/0x308
Sep 07 05:22:01 hostname-txyuq.foreman.pxe kernel: sp : ffff8000df69bc00
Sep 07 05:22:01 hostname-txyuq.foreman.pxe kernel: x29: ffff8000df69bc00 x28: ffff288012200000 x27: 0000000000000000
Sep 07 05:22:01 hostname-txyuq.foreman.pxe kernel: x26: 0000000000000000 x25: 0000000000000000 x24: 00000000000000ad
Sep 07 05:22:01 hostname-txyuq.foreman.pxe kernel: x23: 0000000000000000 x22: ffffa8d4a047b008 x21: ffff297dbf5322c0
Sep 07 05:22:01 hostname-txyuq.foreman.pxe kernel: x20: ffffa8d4a04932c0 x19: ffffa8d4a0859684 x18: ffffffffffffffff
Sep 07 05:22:01 hostname-txyuq.foreman.pxe kernel: x17: 0000000000000000 x16: 0000000000000000 x15: ffffffffffffffff
Sep 07 05:22:01 hostname-txyuq.foreman.pxe kernel: x14: 0000000000000000 x13: 0000000000000010 x12: 0101010101010101
Sep 07 05:22:01 hostname-txyuq.foreman.pxe kernel: x11: 0000000000000040 x10: 0000000000000f90 x9 : ffffa8d49eef1120
Sep 07 05:22:01 hostname-txyuq.foreman.pxe kernel: x8 : ffff288012200ff0 x7 : 00000000000000ad x6 : 0000000002b80000
Sep 07 05:22:01 hostname-txyuq.foreman.pxe kernel: x5 : 0000000000000000 x4 : 0000000000000000 x3 : 0000000000000000
Sep 07 05:22:01 hostname-txyuq.foreman.pxe kernel: x2 : ffffffffffffffff x1 : ffff297dbf5322c0 x0 : ffff297dbf5322c8
Sep 07 05:22:01 hostname-txyuq.foreman.pxe kernel: Call trace:
Sep 07 05:22:01 hostname-txyuq.foreman.pxe kernel:  native_queued_spin_lock_slowpath+0x354/0x418
Sep 07 05:22:01 hostname-txyuq.foreman.pxe kernel:  mntput_no_expire+0x228/0x308
Sep 07 05:22:01 hostname-txyuq.foreman.pxe kernel:  namespace_unlock+0x120/0x180
Sep 07 05:22:01 hostname-txyuq.foreman.pxe kernel:  do_umount+0x1d8/0x550
Sep 07 05:22:01 hostname-txyuq.foreman.pxe kernel:  path_umount+0x84/0xe0
Sep 07 05:22:01 hostname-txyuq.foreman.pxe kernel:  __arm64_sys_umount+0x94/0xb0
Sep 07 05:22:01 hostname-txyuq.foreman.pxe kernel:  invoke_syscall+0x50/0x128
Sep 07 05:22:01 hostname-txyuq.foreman.pxe kernel:  el0_svc_common.constprop.0+0xc8/0xf0
Sep 07 05:22:01 hostname-txyuq.foreman.pxe kernel:  do_el0_svc+0x24/0x38
Sep 07 05:22:01 hostname-txyuq.foreman.pxe kernel:  el0_svc+0x44/0x1b8
Sep 07 05:22:01 hostname-txyuq.foreman.pxe kernel:  el0t_64_sync_handler+0x100/0x130
Sep 07 05:22:01 hostname-txyuq.foreman.pxe kernel:  el0t_64_sync+0x188/0x190
Sep 07 05:23:05 hostname-txyuq.foreman.pxe kernel: docker0: port 4(vethf629447) entered blocking state
Sep 07 05:23:05 hostname-txyuq.foreman.pxe kernel: docker0: port 4(vethf629447) entered disabled state
Sep 07 05:23:05 hostname-txyuq.foreman.pxe kernel: vethf629447: entered allmulticast mode
Sep 07 05:23:05 hostname-txyuq.foreman.pxe kernel: vethf629447: entered promiscuous mode
Sep 07 05:23:24 hostname-txyuq.foreman.pxe kernel: docker0: port 3(vethb846f04) entered disabled state
Sep 07 05:23:24 hostname-txyuq.foreman.pxe kernel: vethdb33d17: renamed from eth0
Sep 07 05:23:25 hostname-txyuq.foreman.pxe kernel: docker0: port 3(vethb846f04) entered disabled state
Sep 07 05:23:25 hostname-txyuq.foreman.pxe kernel: vethb846f04 (unregistering): left allmulticast mode
Sep 07 05:23:25 hostname-txyuq.foreman.pxe kernel: vethb846f04 (unregistering): left promiscuous mode
Sep 07 05:23:25 hostname-txyuq.foreman.pxe kernel: docker0: port 3(vethb846f04) entered disabled state
Sep 07 05:24:00 hostname-txyuq.foreman.pxe kernel: eth0: renamed from veth5756e58
Sep 07 05:24:01 hostname-txyuq.foreman.pxe kernel: docker0: port 4(vethf629447) entered blocking state
Sep 07 05:24:01 hostname-txyuq.foreman.pxe kernel: docker0: port 4(vethf629447) entered forwarding state
Sep 07 05:24:13 hostname-txyuq.foreman.pxe kernel: nvme nvme16: long keepalive RTT (3800 ms)
Sep 07 05:24:13 hostname-txyuq.foreman.pxe kernel: nvme nvme22: long keepalive RTT (3804 ms)
Sep 07 05:24:13 hostname-txyuq.foreman.pxe kernel: nvme nvme26: long keepalive RTT (3804 ms)
Sep 07 05:24:13 hostname-txyuq.foreman.pxe kernel: nvme nvme24: long keepalive RTT (3804 ms)
Sep 07 05:24:13 hostname-txyuq.foreman.pxe kernel: nvme nvme28: long keepalive RTT (3800 ms)
Sep 07 05:24:13 hostname-txyuq.foreman.pxe kernel: nvme nvme30: long keepalive RTT (3804 ms)
Sep 07 05:24:13 hostname-txyuq.foreman.pxe kernel: nvme nvme32: long keepalive RTT (3800 ms)
Sep 07 05:24:13 hostname-txyuq.foreman.pxe kernel: nvme nvme34: long keepalive RTT (3800 ms)
Sep 07 05:24:13 hostname-txyuq.foreman.pxe kernel: nvme nvme40: long keepalive RTT (3804 ms)
Sep 07 05:24:13 hostname-txyuq.foreman.pxe kernel: nvme nvme31: long keepalive RTT (3292 ms)
Sep 07 05:24:13 hostname-txyuq.foreman.pxe kernel: nvme nvme11: long keepalive RTT (3288 ms)
Sep 07 05:24:13 hostname-txyuq.foreman.pxe kernel: nvme nvme13: long keepalive RTT (3288 ms)
Sep 07 05:24:13 hostname-txyuq.foreman.pxe kernel: nvme nvme15: long keepalive RTT (3292 ms)
Sep 07 05:24:13 hostname-txyuq.foreman.pxe kernel: nvme nvme19: long keepalive RTT (2776 ms)
Sep 07 05:24:13 hostname-txyuq.foreman.pxe kernel: nvme nvme41: long keepalive RTT (2812 ms)
Sep 07 05:24:13 hostname-txyuq.foreman.pxe kernel: nvme nvme33: long keepalive RTT (2776 ms)
Sep 07 05:24:14 hostname-txyuq.foreman.pxe kernel: nvme nvme14: long keepalive RTT (3176 ms)
Sep 07 05:24:14 hostname-txyuq.foreman.pxe kernel: nvme nvme20: long keepalive RTT (2888 ms)
Sep 07 05:24:14 hostname-txyuq.foreman.pxe kernel: nvme nvme42: long keepalive RTT (3660 ms)
Sep 07 05:24:14 hostname-txyuq.foreman.pxe kernel: nvme nvme36: long keepalive RTT (3148 ms)
Sep 07 05:24:17 hostname-txyuq.foreman.pxe kernel: nvme nvme12: long keepalive RTT (2712 ms)
Sep 07 05:24:17 hostname-txyuq.foreman.pxe kernel: nvme nvme18: long keepalive RTT (3000 ms)
Sep 07 05:24:17 hostname-txyuq.foreman.pxe kernel: nvme nvme38: long keepalive RTT (3000 ms)
Sep 07 05:24:25 hostname-txyuq.foreman.pxe kernel: watchdog: BUG: soft lockup - CPU#216 stuck for 26s! [runc:[2:INIT]:763065]
Sep 07 05:24:25 hostname-txyuq.foreman.pxe kernel: Modules linked in: ext4 mbcache jbd2 loop cls_bpf sch_ingress xt_socket nf_socket_ipv4 nf_socket_ipv6 xt_TPROXY nf_tproxy_ipv6 nf_tproxy_ipv4 dummy tcp_diag inet_diag nvme_tcp nvme_fabrics ipt_rpfilter xt_multiport xt_set xt_CT ip_set_hash_net ip_set_hash_ip ip_set vxlan ip6_udp_tunnel udp_tunnel ipt_REJECT nf_reject_ipv4 xt_statistic xt_mark xt_nfacct nfnetlink_acct xt_comment veth xt_nat xt_conntrack nft_chain_nat xt_MASQUERADE nf_nat nf_conntrack_netlink nf_conntrack nf_defrag_ipv6 nf_defrag_ipv4 xt_addrtype nft_compat nf_tables rfkill ipmi_ssif uio_pdrv_genirq uio acpi_ipmi hibmc_drm ofpart drm_vram_helper ipmi_si cmdlinepart drm_ttm_helper ipmi_devintf hisi_uncore_pa_pmu vfat ttm hisi_uncore_cpa_pmu spi_nor hisi_uncore_sllc_pmu hisi_uncore_hha_pmu hisi_uncore_ddrc_pmu arm_spe_pmu hisi_uncore_l3c_pmu vmw_vsock_virtio_transport mtd ipmi_msghandler fat arm_smmuv3_pmu hisi_ptt drm_kms_helper hisi_pcie_pmu ptp_hisi hisi_uncore_pmu cppc_cpufreq vhost_net tun tap vhost_vsock vmw_vsock_virtio_transport_common
Sep 07 05:24:25 hostname-txyuq.foreman.pxe kernel:  vhost vhost_iotlb vsock br_netfilter bridge stp llc overlay drm fuse nfnetlink xfs libcrc32c ccm aes_ce_ccm hisi_sas_v3_hw hisi_hpre crct10dif_ce ghash_ce sm4_ce sm4_ce_cipher sm3_ce sha3_ce sha512_ce hisi_sas_main sm4 sha512_arm64 virtio_pci sha2_ce dh_generic sha256_arm64 libsas sha1_ce nvme ahci virtio libahci virtio_pci_legacy_dev nvme_core scsi_transport_sas sbsa_gwdt ecdh_generic virtio_pci_modern_dev hinic3 t10_pi hisi_sec2 hisi_zip ecc virtio_ring crc64_rocksoft_generic libata hisi_qm crc64_rocksoft libcurve25519_generic crc64 authenc host_edma_drv uacce spi_hisi_sfc_v3xx hisi_trng_v2 hns_mdio dm_mirror dm_region_hash dm_log dm_multipath dm_mod aes_neon_bs aes_neon_blk aes_ce_blk aes_ce_cipher
Sep 07 05:24:25 hostname-txyuq.foreman.pxe kernel: CPU: 216 PID: 763065 Comm: runc:[2:INIT] Kdump: loaded Tainted: G             L     6.6.0-72.0.0.76.oe2403sp1.aarch64 #1
Sep 07 05:24:25 hostname-txyuq.foreman.pxe kernel: Hardware name: To be filled by O.E.M. S920X20/BC83AMDAE, BIOS 21.13E 03/18/2025
Sep 07 05:24:25 hostname-txyuq.foreman.pxe kernel: pstate: 21400009 (nzCv daif +PAN -UAO -TCO +DIT -SSBS BTYPE=--)
Sep 07 05:24:25 hostname-txyuq.foreman.pxe kernel: pc : native_queued_spin_lock_slowpath+0x354/0x418
Sep 07 05:24:25 hostname-txyuq.foreman.pxe kernel: lr : mntput_no_expire+0x228/0x308
Sep 07 05:24:25 hostname-txyuq.foreman.pxe kernel: sp : ffff8000e14f3c00
Sep 07 05:24:25 hostname-txyuq.foreman.pxe kernel: x29: ffff8000e14f3c00 x28: ffff290008659440 x27: 0000000000000000
Sep 07 05:24:25 hostname-txyuq.foreman.pxe kernel: x26: 0000000000000000 x25: 0000000000000000 x24: 00000000000000d8
Sep 07 05:24:25 hostname-txyuq.foreman.pxe kernel: x23: 0000000000000000 x22: ffffa8d4a047b008 x21: ffff297dbfae82c0
Sep 07 05:24:25 hostname-txyuq.foreman.pxe kernel: x20: ffffa8d4a04932c0 x19: ffffa8d4a0859684 x18: ffffffffffffffff
Sep 07 05:24:25 hostname-txyuq.foreman.pxe kernel: x17: 0000000000000000 x16: 0000000000000000 x15: ffffffffffffffff
Sep 07 05:24:25 hostname-txyuq.foreman.pxe kernel: x14: 0000000000000000 x13: 0000000000000010 x12: 00004987cfeb04a8
Sep 07 05:24:25 hostname-txyuq.foreman.pxe kernel: x11: 0000000000004b24 x10: 0000000000000f90 x9 : ffffa8d49eef1120
Sep 07 05:24:25 hostname-txyuq.foreman.pxe kernel: x8 : ffff29000865a430 x7 : 0000000000ad9fd0 x6 : 0000000003640000
Sep 07 05:24:25 hostname-txyuq.foreman.pxe kernel: x5 : 0000000000000000 x4 : 0000000000000000 x3 : 0000000000000000
Sep 07 05:24:25 hostname-txyuq.foreman.pxe kernel: x2 : ffffffffffffffff x1 : ffff297dbfae82c0 x0 : ffff297dbfae82c8
Sep 07 05:24:25 hostname-txyuq.foreman.pxe kernel: Call trace:
Sep 07 05:24:25 hostname-txyuq.foreman.pxe kernel:  native_queued_spin_lock_slowpath+0x354/0x418
Sep 07 05:24:25 hostname-txyuq.foreman.pxe kernel:  mntput_no_expire+0x228/0x308
Sep 07 05:24:25 hostname-txyuq.foreman.pxe kernel:  namespace_unlock+0x120/0x180
Sep 07 05:24:25 hostname-txyuq.foreman.pxe kernel:  do_umount+0x1d8/0x550
Sep 07 05:24:25 hostname-txyuq.foreman.pxe kernel:  path_umount+0x84/0xe0
Sep 07 05:24:25 hostname-txyuq.foreman.pxe kernel:  __arm64_sys_umount+0x94/0xb0
Sep 07 05:24:25 hostname-txyuq.foreman.pxe kernel:  invoke_syscall+0x50/0x128
Sep 07 05:24:25 hostname-txyuq.foreman.pxe kernel:  el0_svc_common.constprop.0+0xc8/0xf0
Sep 07 05:24:25 hostname-txyuq.foreman.pxe kernel:  do_el0_svc+0x24/0x38
Sep 07 05:24:25 hostname-txyuq.foreman.pxe kernel:  el0_svc+0x44/0x1b8
Sep 07 05:24:25 hostname-txyuq.foreman.pxe kernel:  el0t_64_sync_handler+0x100/0x130
Sep 07 05:24:25 hostname-txyuq.foreman.pxe kernel:  el0t_64_sync+0x188/0x190
Sep 07 05:24:38 hostname-txyuq.foreman.pxe kernel: docker0: port 3(veth15b7023) entered blocking state
Sep 07 05:24:38 hostname-txyuq.foreman.pxe kernel: docker0: port 3(veth15b7023) entered disabled state
Sep 07 05:24:38 hostname-txyuq.foreman.pxe kernel: veth15b7023: entered allmulticast mode
Sep 07 05:24:38 hostname-txyuq.foreman.pxe kernel: veth15b7023: entered promiscuous mode
Sep 07 05:24:56 hostname-txyuq.foreman.pxe kernel: docker0: port 4(vethf629447) entered disabled state
Sep 07 05:24:56 hostname-txyuq.foreman.pxe kernel: veth5756e58: renamed from eth0
Sep 07 05:24:57 hostname-txyuq.foreman.pxe kernel: docker0: port 4(vethf629447) entered disabled state
Sep 07 05:24:57 hostname-txyuq.foreman.pxe kernel: vethf629447 (unregistering): left allmulticast mode
Sep 07 05:24:57 hostname-txyuq.foreman.pxe kernel: vethf629447 (unregistering): left promiscuous mode
Sep 07 05:24:57 hostname-txyuq.foreman.pxe kernel: docker0: port 4(vethf629447) entered disabled state
Sep 07 05:25:19 hostname-txyuq.foreman.pxe kernel: eth0: renamed from veth5e9a225
Sep 07 05:25:19 hostname-txyuq.foreman.pxe kernel: docker0: port 3(veth15b7023) entered blocking state
Sep 07 05:25:19 hostname-txyuq.foreman.pxe kernel: docker0: port 3(veth15b7023) entered forwarding state
Sep 07 05:26:03 hostname-txyuq.foreman.pxe kernel: docker0: port 3(veth15b7023) entered disabled state
Sep 07 05:26:03 hostname-txyuq.foreman.pxe kernel: veth5e9a225: renamed from eth0
Sep 07 05:26:04 hostname-txyuq.foreman.pxe kernel: docker0: port 3(veth15b7023) entered disabled state
Sep 07 05:26:04 hostname-txyuq.foreman.pxe kernel: veth15b7023 (unregistering): left allmulticast mode
Sep 07 05:26:04 hostname-txyuq.foreman.pxe kernel: veth15b7023 (unregistering): left promiscuous mode
Sep 07 05:26:04 hostname-txyuq.foreman.pxe kernel: docker0: port 3(veth15b7023) entered disabled state
Sep 07 05:35:33 hostname-txyuq.foreman.pxe kernel: watchdog: BUG: soft lockup - CPU#141 stuck for 26s! [runc:[2:INIT]:774692]
Sep 07 05:35:33 hostname-txyuq.foreman.pxe kernel: Modules linked in: ext4 mbcache jbd2 loop cls_bpf sch_ingress xt_socket nf_socket_ipv4 nf_socket_ipv6 xt_TPROXY nf_tproxy_ipv6 nf_tproxy_ipv4 dummy tcp_diag inet_diag nvme_tcp nvme_fabrics ipt_rpfilter xt_multiport xt_set xt_CT ip_set_hash_net ip_set_hash_ip ip_set vxlan ip6_udp_tunnel udp_tunnel ipt_REJECT nf_reject_ipv4 xt_statistic xt_mark xt_nfacct nfnetlink_acct xt_comment veth xt_nat xt_conntrack nft_chain_nat xt_MASQUERADE nf_nat nf_conntrack_netlink nf_conntrack nf_defrag_ipv6 nf_defrag_ipv4 xt_addrtype nft_compat nf_tables rfkill ipmi_ssif uio_pdrv_genirq uio acpi_ipmi hibmc_drm ofpart drm_vram_helper ipmi_si cmdlinepart drm_ttm_helper ipmi_devintf hisi_uncore_pa_pmu vfat ttm hisi_uncore_cpa_pmu spi_nor hisi_uncore_sllc_pmu hisi_uncore_hha_pmu hisi_uncore_ddrc_pmu arm_spe_pmu hisi_uncore_l3c_pmu vmw_vsock_virtio_transport mtd ipmi_msghandler fat arm_smmuv3_pmu hisi_ptt drm_kms_helper hisi_pcie_pmu ptp_hisi hisi_uncore_pmu cppc_cpufreq vhost_net tun tap vhost_vsock vmw_vsock_virtio_transport_common
Sep 07 05:35:33 hostname-txyuq.foreman.pxe kernel:  vhost vhost_iotlb vsock br_netfilter bridge stp llc overlay drm fuse nfnetlink xfs libcrc32c ccm aes_ce_ccm hisi_sas_v3_hw hisi_hpre crct10dif_ce ghash_ce sm4_ce sm4_ce_cipher sm3_ce sha3_ce sha512_ce hisi_sas_main sm4 sha512_arm64 virtio_pci sha2_ce dh_generic sha256_arm64 libsas sha1_ce nvme ahci virtio libahci virtio_pci_legacy_dev nvme_core scsi_transport_sas sbsa_gwdt ecdh_generic virtio_pci_modern_dev hinic3 t10_pi hisi_sec2 hisi_zip ecc virtio_ring crc64_rocksoft_generic libata hisi_qm crc64_rocksoft libcurve25519_generic crc64 authenc host_edma_drv uacce spi_hisi_sfc_v3xx hisi_trng_v2 hns_mdio dm_mirror dm_region_hash dm_log dm_multipath dm_mod aes_neon_bs aes_neon_blk aes_ce_blk aes_ce_cipher
Sep 07 05:35:33 hostname-txyuq.foreman.pxe kernel: CPU: 141 PID: 774692 Comm: runc:[2:INIT] Kdump: loaded Tainted: G             L     6.6.0-72.0.0.76.oe2403sp1.aarch64 #1
Sep 07 05:35:33 hostname-txyuq.foreman.pxe kernel: Hardware name: To be filled by O.E.M. S920X20/BC83AMDAE, BIOS 21.13E 03/18/2025
Sep 07 05:35:33 hostname-txyuq.foreman.pxe kernel: pstate: 21400009 (nzCv daif +PAN -UAO -TCO +DIT -SSBS BTYPE=--)
Sep 07 05:35:33 hostname-txyuq.foreman.pxe kernel: pc : native_queued_spin_lock_slowpath+0x354/0x418
Sep 07 05:35:33 hostname-txyuq.foreman.pxe kernel: lr : mntput_no_expire+0x228/0x308
Sep 07 05:35:33 hostname-txyuq.foreman.pxe kernel: sp : ffff8000dc8f3c00
Sep 07 05:35:33 hostname-txyuq.foreman.pxe kernel: x29: ffff8000dc8f3c00 x28: ffff0886a5301440 x27: 0000000000000000
Sep 07 05:35:33 hostname-txyuq.foreman.pxe kernel: x26: 0000000000000000 x25: 0000000000000000 x24: 000000000000008d
Sep 07 05:35:33 hostname-txyuq.foreman.pxe kernel: x23: 0000000000000000 x22: ffffa8d4a047b008 x21: ffff08fdffb922c0
Sep 07 05:35:33 hostname-txyuq.foreman.pxe kernel: x20: ffffa8d4a04932c0 x19: ffffa8d4a0859684 x18: 0000000000000000
Sep 07 05:35:33 hostname-txyuq.foreman.pxe kernel: x17: 0000000000000000 x16: 0000000000000000 x15: 0000000000000000
Sep 07 05:35:33 hostname-txyuq.foreman.pxe kernel: x14: 0000000000000000 x13: 0000000000000010 x12: 0101010101010101
Sep 07 05:35:33 hostname-txyuq.foreman.pxe kernel: x11: 0000000000000040 x10: 0000000000000f90 x9 : ffffa8d49eef1120
Sep 07 05:35:33 hostname-txyuq.foreman.pxe kernel: x8 : ffff0886a5302430 x7 : 000000000000008d x6 : 0000000002380000
Sep 07 05:35:33 hostname-txyuq.foreman.pxe kernel: x5 : 0000000000000000 x4 : 0000000000000000 x3 : 0000000000000000
Sep 07 05:35:33 hostname-txyuq.foreman.pxe kernel: x2 : ffffffffffffffff x1 : ffff08fdffb922c0 x0 : ffff08fdffb922c8
Sep 07 05:35:33 hostname-txyuq.foreman.pxe kernel: Call trace:
Sep 07 05:35:33 hostname-txyuq.foreman.pxe kernel:  native_queued_spin_lock_slowpath+0x354/0x418
Sep 07 05:35:33 hostname-txyuq.foreman.pxe kernel:  mntput_no_expire+0x228/0x308
Sep 07 05:35:33 hostname-txyuq.foreman.pxe kernel:  namespace_unlock+0x120/0x180
Sep 07 05:35:33 hostname-txyuq.foreman.pxe kernel:  do_umount+0x1d8/0x550
Sep 07 05:35:33 hostname-txyuq.foreman.pxe kernel:  path_umount+0x84/0xe0
Sep 07 05:35:33 hostname-txyuq.foreman.pxe kernel:  __arm64_sys_umount+0x94/0xb0
Sep 07 05:35:33 hostname-txyuq.foreman.pxe kernel:  invoke_syscall+0x50/0x128
Sep 07 05:35:33 hostname-txyuq.foreman.pxe kernel:  el0_svc_common.constprop.0+0xc8/0xf0
Sep 07 05:35:33 hostname-txyuq.foreman.pxe kernel:  do_el0_svc+0x24/0x38
Sep 07 05:35:33 hostname-txyuq.foreman.pxe kernel:  el0_svc+0x44/0x1b8
Sep 07 05:35:33 hostname-txyuq.foreman.pxe kernel:  el0t_64_sync_handler+0x100/0x130
Sep 07 05:35:33 hostname-txyuq.foreman.pxe kernel:  el0t_64_sync+0x188/0x190
Sep 07 05:45:28 hostname-txyuq.foreman.pxe kernel: docker0: port 3(vethc51e411) entered blocking state
Sep 07 05:45:28 hostname-txyuq.foreman.pxe kernel: docker0: port 3(vethc51e411) entered disabled state
Sep 07 05:45:28 hostname-txyuq.foreman.pxe kernel: vethc51e411: entered allmulticast mode
Sep 07 05:45:28 hostname-txyuq.foreman.pxe kernel: vethc51e411: entered promiscuous mode
Sep 07 05:46:54 hostname-txyuq.foreman.pxe kernel: watchdog: BUG: soft lockup - CPU#250 stuck for 26s! [(ostnamed):785715]
Sep 07 05:46:54 hostname-txyuq.foreman.pxe kernel: Modules linked in: ext4 mbcache jbd2 loop cls_bpf sch_ingress xt_socket nf_socket_ipv4 nf_socket_ipv6 xt_TPROXY nf_tproxy_ipv6 nf_tproxy_ipv4 dummy tcp_diag inet_diag nvme_tcp nvme_fabrics ipt_rpfilter xt_multiport xt_set xt_CT ip_set_hash_net ip_set_hash_ip ip_set vxlan ip6_udp_tunnel udp_tunnel ipt_REJECT nf_reject_ipv4 xt_statistic xt_mark xt_nfacct nfnetlink_acct xt_comment veth xt_nat xt_conntrack nft_chain_nat xt_MASQUERADE nf_nat nf_conntrack_netlink nf_conntrack nf_defrag_ipv6 nf_defrag_ipv4 xt_addrtype nft_compat nf_tables rfkill ipmi_ssif uio_pdrv_genirq uio acpi_ipmi hibmc_drm ofpart drm_vram_helper ipmi_si cmdlinepart drm_ttm_helper ipmi_devintf hisi_uncore_pa_pmu vfat ttm hisi_uncore_cpa_pmu spi_nor hisi_uncore_sllc_pmu hisi_uncore_hha_pmu hisi_uncore_ddrc_pmu arm_spe_pmu hisi_uncore_l3c_pmu vmw_vsock_virtio_transport mtd ipmi_msghandler fat arm_smmuv3_pmu hisi_ptt drm_kms_helper hisi_pcie_pmu ptp_hisi hisi_uncore_pmu cppc_cpufreq vhost_net tun tap vhost_vsock vmw_vsock_virtio_transport_common
Sep 07 05:46:54 hostname-txyuq.foreman.pxe kernel:  vhost vhost_iotlb vsock br_netfilter bridge stp llc overlay drm fuse nfnetlink xfs libcrc32c ccm aes_ce_ccm hisi_sas_v3_hw hisi_hpre crct10dif_ce ghash_ce sm4_ce sm4_ce_cipher sm3_ce sha3_ce sha512_ce hisi_sas_main sm4 sha512_arm64 virtio_pci sha2_ce dh_generic sha256_arm64 libsas sha1_ce nvme ahci virtio libahci virtio_pci_legacy_dev nvme_core scsi_transport_sas sbsa_gwdt ecdh_generic virtio_pci_modern_dev hinic3 t10_pi hisi_sec2 hisi_zip ecc virtio_ring crc64_rocksoft_generic libata hisi_qm crc64_rocksoft libcurve25519_generic crc64 authenc host_edma_drv uacce spi_hisi_sfc_v3xx hisi_trng_v2 hns_mdio dm_mirror dm_region_hash dm_log dm_multipath dm_mod aes_neon_bs aes_neon_blk aes_ce_blk aes_ce_cipher
Sep 07 05:46:54 hostname-txyuq.foreman.pxe kernel: CPU: 250 PID: 785715 Comm: (ostnamed) Kdump: loaded Tainted: G             L     6.6.0-72.0.0.76.oe2403sp1.aarch64 #1
Sep 07 05:46:54 hostname-txyuq.foreman.pxe kernel: Hardware name: To be filled by O.E.M. S920X20/BC83AMDAE, BIOS 21.13E 03/18/2025
Sep 07 05:46:54 hostname-txyuq.foreman.pxe kernel: pstate: 21400009 (nzCv daif +PAN -UAO -TCO +DIT -SSBS BTYPE=--)
Sep 07 05:46:54 hostname-txyuq.foreman.pxe kernel: pc : native_queued_spin_lock_slowpath+0x354/0x418
Sep 07 05:46:54 hostname-txyuq.foreman.pxe kernel: lr : mntput_no_expire+0x228/0x308
Sep 07 05:46:54 hostname-txyuq.foreman.pxe kernel: sp : ffff8000caea3ac0
Sep 07 05:46:54 hostname-txyuq.foreman.pxe kernel: x29: ffff8000caea3ac0 x28: ffff088109371440 x27: 0000000000000009
Sep 07 05:46:54 hostname-txyuq.foreman.pxe kernel: x26: 0000000000000000 x25: 0000000000000000 x24: 00000000000000fa
Sep 07 05:46:54 hostname-txyuq.foreman.pxe kernel: x23: 0000000000000000 x22: ffffa8d4a047b008 x21: ffff28fdff4cc2c0
Sep 07 05:46:54 hostname-txyuq.foreman.pxe kernel: x20: ffffa8d4a04932c0 x19: ffffa8d4a0859684 x18: 0000ffffafe0d000
Sep 07 05:46:54 hostname-txyuq.foreman.pxe kernel: x17: 0000000000000000 x16: 1fffe51001b15e41 x15: ffff8000caea3b58
Sep 07 05:46:54 hostname-txyuq.foreman.pxe kernel: x14: 0000000000000000 x13: 0000000000000010 x12: 0101010101010101
Sep 07 05:46:54 hostname-txyuq.foreman.pxe kernel: x11: 0000000000000040 x10: 0000000000000f90 x9 : ffffa8d49eef1120
Sep 07 05:46:54 hostname-txyuq.foreman.pxe kernel: x8 : ffff088109372430 x7 : 00000000000000fa x6 : 0000000003ec0000
Sep 07 05:46:54 hostname-txyuq.foreman.pxe kernel: x5 : 0000000000000000 x4 : 0000000000000000 x3 : 0000000000000000
Sep 07 05:46:54 hostname-txyuq.foreman.pxe kernel: x2 : ffffffffffffffff x1 : ffff28fdff4cc2c0 x0 : ffff28fdff4cc2c8
Sep 07 05:46:54 hostname-txyuq.foreman.pxe kernel: Call trace:
Sep 07 05:46:54 hostname-txyuq.foreman.pxe kernel:  native_queued_spin_lock_slowpath+0x354/0x418
Sep 07 05:46:54 hostname-txyuq.foreman.pxe kernel:  mntput_no_expire+0x228/0x308
Sep 07 05:46:54 hostname-txyuq.foreman.pxe kernel:  namespace_unlock+0x120/0x180
Sep 07 05:46:54 hostname-txyuq.foreman.pxe kernel:  drop_collected_mounts+0x88/0xe8
Sep 07 05:46:54 hostname-txyuq.foreman.pxe kernel:  put_mnt_ns+0x80/0xb8
Sep 07 05:46:54 hostname-txyuq.foreman.pxe kernel:  mounts_release+0x48/0x70
Sep 07 05:46:54 hostname-txyuq.foreman.pxe kernel:  __fput+0xcc/0x298
Sep 07 05:46:54 hostname-txyuq.foreman.pxe kernel:  ____fput+0x18/0x30
Sep 07 05:46:54 hostname-txyuq.foreman.pxe kernel:  task_work_run+0xa0/0x170
Sep 07 05:46:54 hostname-txyuq.foreman.pxe kernel:  do_exit+0x1a0/0x400
Sep 07 05:46:54 hostname-txyuq.foreman.pxe kernel:  do_group_exit+0x3c/0x118
Sep 07 05:46:54 hostname-txyuq.foreman.pxe kernel:  get_signal+0x80c/0x818
Sep 07 05:46:54 hostname-txyuq.foreman.pxe kernel:  do_signal+0xfc/0x218
Sep 07 05:46:54 hostname-txyuq.foreman.pxe kernel:  do_notify_resume+0x15c/0x2c0
Sep 07 05:46:54 hostname-txyuq.foreman.pxe kernel:  el0_svc+0x194/0x1b8
Sep 07 05:46:54 hostname-txyuq.foreman.pxe kernel:  el0t_64_sync_handler+0x100/0x130
Sep 07 05:46:54 hostname-txyuq.foreman.pxe kernel:  el0t_64_sync+0x188/0x190
Sep 07 05:46:54 hostname-txyuq.foreman.pxe kernel: watchdog: BUG: soft lockup - CPU#250 stuck for 48s! [(ostnamed):785715]
Sep 07 05:46:54 hostname-txyuq.foreman.pxe kernel: Modules linked in: ext4 mbcache jbd2 loop cls_bpf sch_ingress xt_socket nf_socket_ipv4 nf_socket_ipv6 xt_TPROXY nf_tproxy_ipv6 nf_tproxy_ipv4 dummy tcp_diag inet_diag nvme_tcp nvme_fabrics ipt_rpfilter xt_multiport xt_set xt_CT ip_set_hash_net ip_set_hash_ip ip_set vxlan ip6_udp_tunnel udp_tunnel ipt_REJECT nf_reject_ipv4 xt_statistic xt_mark xt_nfacct nfnetlink_acct xt_comment veth xt_nat xt_conntrack nft_chain_nat xt_MASQUERADE nf_nat nf_conntrack_netlink nf_conntrack nf_defrag_ipv6 nf_defrag_ipv4 xt_addrtype nft_compat nf_tables rfkill ipmi_ssif uio_pdrv_genirq uio acpi_ipmi hibmc_drm ofpart drm_vram_helper ipmi_si cmdlinepart drm_ttm_helper ipmi_devintf hisi_uncore_pa_pmu vfat ttm hisi_uncore_cpa_pmu spi_nor hisi_uncore_sllc_pmu hisi_uncore_hha_pmu hisi_uncore_ddrc_pmu arm_spe_pmu hisi_uncore_l3c_pmu vmw_vsock_virtio_transport mtd ipmi_msghandler fat arm_smmuv3_pmu hisi_ptt drm_kms_helper hisi_pcie_pmu ptp_hisi hisi_uncore_pmu cppc_cpufreq vhost_net tun tap vhost_vsock vmw_vsock_virtio_transport_common
Sep 07 05:46:54 hostname-txyuq.foreman.pxe kernel:  vhost vhost_iotlb vsock br_netfilter bridge stp llc overlay drm fuse nfnetlink xfs libcrc32c ccm aes_ce_ccm hisi_sas_v3_hw hisi_hpre crct10dif_ce ghash_ce sm4_ce sm4_ce_cipher sm3_ce sha3_ce sha512_ce hisi_sas_main sm4 sha512_arm64 virtio_pci sha2_ce dh_generic sha256_arm64 libsas sha1_ce nvme ahci virtio libahci virtio_pci_legacy_dev nvme_core scsi_transport_sas sbsa_gwdt ecdh_generic virtio_pci_modern_dev hinic3 t10_pi hisi_sec2 hisi_zip ecc virtio_ring crc64_rocksoft_generic libata hisi_qm crc64_rocksoft libcurve25519_generic crc64 authenc host_edma_drv uacce spi_hisi_sfc_v3xx hisi_trng_v2 hns_mdio dm_mirror dm_region_hash dm_log dm_multipath dm_mod aes_neon_bs aes_neon_blk aes_ce_blk aes_ce_cipher
Sep 07 05:46:54 hostname-txyuq.foreman.pxe kernel: CPU: 250 PID: 785715 Comm: (ostnamed) Kdump: loaded Tainted: G             L     6.6.0-72.0.0.76.oe2403sp1.aarch64 #1
Sep 07 05:46:54 hostname-txyuq.foreman.pxe kernel: Hardware name: To be filled by O.E.M. S920X20/BC83AMDAE, BIOS 21.13E 03/18/2025
Sep 07 05:46:54 hostname-txyuq.foreman.pxe kernel: pstate: 01400009 (nzcv daif +PAN -UAO -TCO +DIT -SSBS BTYPE=--)
Sep 07 05:46:54 hostname-txyuq.foreman.pxe kernel: pc : native_queued_spin_lock_slowpath+0x290/0x418
Sep 07 05:46:54 hostname-txyuq.foreman.pxe kernel: lr : mntput_no_expire+0x228/0x308
Sep 07 05:46:54 hostname-txyuq.foreman.pxe kernel: sp : ffff8000caea3ac0
Sep 07 05:46:54 hostname-txyuq.foreman.pxe kernel: x29: ffff8000caea3ac0 x28: ffff088109371440 x27: 0000000000000009
Sep 07 05:46:54 hostname-txyuq.foreman.pxe kernel: x26: 0000000000000000 x25: 0000000000000000 x24: 00000000000000fa
Sep 07 05:46:54 hostname-txyuq.foreman.pxe kernel: x23: 0000000000000000 x22: ffffa8d4a047b008 x21: ffff28fdff4cc2c0
Sep 07 05:46:54 hostname-txyuq.foreman.pxe kernel: x20: ffffa8d4a04932c0 x19: ffffa8d4a0859684 x18: 0000ffffafe0d000
Sep 07 05:46:54 hostname-txyuq.foreman.pxe kernel: x17: 0000000000000000 x16: 1fffe51001b15e41 x15: ffff8000caea3b58
Sep 07 05:46:54 hostname-txyuq.foreman.pxe kernel: x14: 0000000000000000 x13: 0000000000000010 x12: 0101010101010101
Sep 07 05:46:54 hostname-txyuq.foreman.pxe kernel: x11: 0000000000000040 x10: 0000000000000f90 x9 : ffffa8d49eef1120
Sep 07 05:46:54 hostname-txyuq.foreman.pxe kernel: x8 : ffff088109372430 x7 : 00000000000000fa x6 : 0000000003ec0000
Sep 07 05:46:54 hostname-txyuq.foreman.pxe kernel: x5 : 0000000000000000 x4 : 0000000000000000 x3 : 0000000000000000
Sep 07 05:46:54 hostname-txyuq.foreman.pxe kernel: x2 : ffffffffffffffff x1 : ffff28fdff4cc2c0 x0 : 0000000003ec0001
Sep 07 05:46:54 hostname-txyuq.foreman.pxe kernel: Call trace:
Sep 07 05:46:54 hostname-txyuq.foreman.pxe kernel:  native_queued_spin_lock_slowpath+0x290/0x418
Sep 07 05:46:54 hostname-txyuq.foreman.pxe kernel:  mntput_no_expire+0x228/0x308
Sep 07 05:46:54 hostname-txyuq.foreman.pxe kernel:  namespace_unlock+0x120/0x180
Sep 07 05:46:54 hostname-txyuq.foreman.pxe kernel:  drop_collected_mounts+0x88/0xe8
Sep 07 05:46:54 hostname-txyuq.foreman.pxe kernel:  put_mnt_ns+0x80/0xb8
Sep 07 05:46:54 hostname-txyuq.foreman.pxe kernel:  mounts_release+0x48/0x70
Sep 07 05:46:54 hostname-txyuq.foreman.pxe kernel:  __fput+0xcc/0x298
Sep 07 05:46:54 hostname-txyuq.foreman.pxe kernel:  ____fput+0x18/0x30
Sep 07 05:46:54 hostname-txyuq.foreman.pxe kernel:  task_work_run+0xa0/0x170
Sep 07 05:46:54 hostname-txyuq.foreman.pxe kernel:  do_exit+0x1a0/0x400
Sep 07 05:46:54 hostname-txyuq.foreman.pxe kernel:  do_group_exit+0x3c/0x118
Sep 07 05:46:54 hostname-txyuq.foreman.pxe kernel:  get_signal+0x80c/0x818
Sep 07 05:46:54 hostname-txyuq.foreman.pxe kernel:  do_signal+0xfc/0x218
Sep 07 05:46:54 hostname-txyuq.foreman.pxe kernel:  do_notify_resume+0x15c/0x2c0
Sep 07 05:46:54 hostname-txyuq.foreman.pxe kernel:  el0_svc+0x194/0x1b8
Sep 07 05:46:54 hostname-txyuq.foreman.pxe kernel:  el0t_64_sync_handler+0x100/0x130
Sep 07 05:46:54 hostname-txyuq.foreman.pxe kernel:  el0t_64_sync+0x188/0x190
Sep 07 05:47:22 hostname-txyuq.foreman.pxe kernel: docker0: port 3(vethc51e411) entered disabled state
Sep 07 05:47:22 hostname-txyuq.foreman.pxe kernel: vethc51e411 (unregistering): left allmulticast mode
Sep 07 05:47:22 hostname-txyuq.foreman.pxe kernel: vethc51e411 (unregistering): left promiscuous mode
Sep 07 05:47:22 hostname-txyuq.foreman.pxe kernel: docker0: port 3(vethc51e411) entered disabled state
